{"type":"FeatureCollection","features":[{"type":"Feature","properties":{"code":"AQ-X01~","name":"Antarctica","name_ko":"안타르티카","name_en":"Antarctica","name_ja":"南極大陸","name_zh":"南极洲","name_es":"Antártida","name_fr":"Antarctique","name_de":"Antarktis","name_ru":"Антарктика","name_pt":"Antártida","name_vi":"Nam Cực"},"geometry":{"type":"MultiPolygon","coordinates":[[[[-51.7306,-82.0626],[-50.7632,-81.9588],[-50.7334,-81.9596],[-50.5579,-81.9938],[-48.3804,-81.8903],[-48.2294,-81.9182],[-48.1989,-81.8928],[-48.1882,-81.8915],[-47.8877,-81.922],[-47.4312,-81.9177],[-47.3804,-81.9235],[-47.3449,-81.9501],[-47.3682,-81.9703],[-47.2638,-81.97],[-47.4237,-82.0075],[-47.5846,-82.0204],[-47.562,-82.0375],[-47.5276,-82.0476],[-47.4603,-82.0528],[-47.3631,-82.0447],[-47.2955,-82.0695],[-47.2555,-82.0722],[-47.1757,-82.0533],[-47.087,-82.0037],[-47.055,-81.9933],[-46.2792,-81.9098],[-46.2293,-81.9169],[-46.2516,-81.9438],[-46.2534,-81.9553],[-46.2467,-81.9732],[-46.2169,-82.0032],[-46.1361,-82.0363],[-46.0539,-82.0833],[-46.0126,-82.0944],[-46.0382,-82.1127],[-46.0456,-82.1425],[-45.973,-82.1254],[-45.9488,-82.1257],[-46.0272,-82.1545],[-46.0494,-82.171],[-46.0888,-82.2244],[-46.3008,-82.3059],[-46.6888,-82.4054],[-46.6328,-82.4308],[-46.453,-82.4708],[-46.4635,-82.4874],[-46.4795,-82.4962],[-46.5183,-82.5034],[-46.0536,-82.5549],[-46.0251,-82.5522],[-46.0422,-82.5408],[-45.9469,-82.4921],[-45.8325,-82.4518],[-45.7194,-82.4436],[-45.5793,-82.5221],[-45.5204,-82.5266],[-44.5372,-82.3803],[-44.3052,-82.3155],[-44.1986,-82.2555],[-44.1371,-82.2447],[-44.0735,-82.2485],[-44.0135,-82.263],[-44.0265,-82.2848],[-44.0547,-82.3095],[-44.057,-82.3498],[-44.1014,-82.3746],[-44.153,-82.3893],[-44.0849,-82.4024],[-44.0111,-82.3912],[-43.3532,-82.2094],[-43.3442,-82.1796],[-43.3334,-82.1699],[-43.2642,-82.1423],[-43.1598,-82.1247],[-43.1478,-82.1142],[-43.1554,-82.0968],[-43.1818,-82.0702],[-43.2558,-82.0475],[-43.169,-81.9929],[-43.2235,-81.9566],[-43.2135,-81.9252],[-43.1903,-81.8997],[-43.1656,-81.886],[-42.9597,-81.8604],[-42.9064,-81.8302],[-42.7998,-81.8186],[-42.2352,-81.6913],[-42.2789,-81.6779],[-42.2065,-81.6364],[-41.9414,-81.6114],[-41.8999,-81.5836],[-41.9252,-81.5615],[-41.9561,-81.5509],[-41.9222,-81.5348],[-41.8762,-81.4929],[-41.8468,-81.4771],[-41.8411,-81.4714],[-41.8401,-81.4485],[-41.7738,-81.4397],[-41.7585,-81.4069],[-41.7246,-81.3996],[-41.5879,-81.3401],[-41.1195,-81.2262],[-41.0467,-81.1814],[-40.8795,-81.158],[-40.948,-81.1754],[-40.9156,-81.1899],[-40.5693,-81.1549],[-40.398,-81.1699],[-39.8845,-81.0715],[-39.8385,-81.0436],[-39.6991,-81.0214],[-39.62,-81.0204],[-39.5492,-80.9964],[-38.9327,-80.9067],[-38.8224,-80.9054],[-38.7723,-80.8923],[-38.8201,-80.8862],[-38.8036,-80.8632],[-38.7911,-80.8596],[-38.5466,-80.9135],[-38.3922,-80.912],[-37.6228,-80.996],[-37.6537,-81.0099],[-37.6879,-81.0134],[-37.4711,-81.0313],[-37.3722,-81.0699],[-37.2303,-81.0893],[-37.194,-81.0842],[-37.1238,-81.0562],[-36.9785,-81.0524],[-36.9082,-81.0314],[-36.8612,-80.9863],[-36.817,-80.975],[-36.5907,-81.005],[-36.5951,-80.9726],[-36.5541,-80.9513],[-36.4579,-80.9347],[-36.0332,-80.9207],[-35.9824,-80.8845],[-35.8824,-80.8679],[-35.8277,-80.8398],[-35.7826,-80.8266],[-35.7781,-80.8015],[-35.7217,-80.7861],[-35.215,-80.6954],[-35.4668,-80.6481],[-35.3584,-80.6153],[-33.4762,-80.6154],[-33.1776,-80.5546],[-33.4255,-80.5236],[-33.4648,-80.4977],[-33.4131,-80.4977],[-33.1251,-80.532],[-33.0697,-80.5304],[-32.9315,-80.5416],[-32.0305,-80.4352],[-30.5058,-80.4782],[-30.3502,-80.4999],[-30.3871,-80.469],[-30.4569,-80.4582],[-30.5869,-80.4584],[-31.3195,-80.3089],[-31.2789,-80.2971],[-29.9242,-80.2844],[-29.8727,-80.2634],[-29.7209,-80.262],[-29.7906,-80.2335],[-29.8638,-80.2154],[-29.8161,-80.1874],[-29.7608,-80.1756],[-26.3329,-80.122],[-26.1951,-80.0915],[-24.2541,-80.0759],[-24.2092,-80.0698],[-24.1062,-80.0197],[-24.0686,-80.0099],[-22.9056,-79.9828],[-22.8241,-79.9635],[-22.8415,-79.9443],[-22.7668,-79.9262],[-22.6092,-79.9291],[-22.5325,-79.9171],[-23.7388,-79.83],[-23.7913,-79.8156],[-23.9308,-79.8303],[-24.0898,-79.8196],[-24.2015,-79.8264],[-24.262,-79.8224],[-24.3031,-79.8038],[-24.2743,-79.7818],[-24.2717,-79.7415],[-24.2562,-79.7151],[-24.7298,-79.782],[-30.6732,-79.5881],[-30.6521,-79.5632],[-29.5414,-79.28],[-29.5853,-79.2677],[-29.6304,-79.2682],[-29.8292,-79.3194],[-29.8492,-79.3073],[-29.8338,-79.2761],[-30.0598,-79.2628],[-30.5247,-79.2864],[-30.5415,-79.2751],[-30.5562,-79.2482],[-30.4495,-79.2172],[-30.0087,-79.1445],[-29.9418,-79.1114],[-29.9897,-79.0915],[-30.1956,-79.1044],[-30.1693,-79.0851],[-30.139,-79.074],[-30.1838,-79.0442],[-30.2392,-79.0343],[-30.2975,-79.0373],[-30.4578,-79.0654],[-30.4949,-79.0916],[-30.5736,-79.1059],[-30.5884,-79.0991],[-30.5981,-79.0778],[-30.6112,-79.075],[-32.8202,-79.2439],[-34.2181,-79.1381],[-34.1518,-79.1176],[-34.2008,-79.0911],[-34.2585,-79.0766],[-36.2513,-78.8517],[-36.3446,-78.8152],[-36.4113,-78.7535],[-36.4253,-78.6842],[-36.4438,-78.634],[-36.4412,-78.6113],[-36.3994,-78.5642],[-36.3918,-78.5402],[-36.3247,-78.4571],[-36.2775,-78.4181],[-36.2602,-78.3923],[-36.0579,-78.2651],[-36.0384,-78.2465],[-36.0218,-78.2159],[-35.9275,-78.1857],[-35.8389,-78.1824],[-35.8172,-78.152],[-35.6324,-78.1614],[-35.581,-78.1505],[-35.611,-78.1213],[-35.6215,-78.1003],[-35.6212,-78.0817],[-35.6073,-78.0728],[-35.5008,-78.0585],[-35.4905,-78.0507],[-35.4665,-77.9679],[-35.3562,-77.862],[-35.3129,-77.8444],[-35.0565,-77.8234],[-34.6643,-77.8536],[-34.5979,-77.846],[-34.4997,-77.852],[-34.4591,-77.822],[-34.6503,-77.7939],[-34.6453,-77.7638],[-34.6798,-77.7517],[-34.7593,-77.7477],[-34.7412,-77.7311],[-34.7389,-77.7122],[-34.7504,-77.6961],[-34.7739,-77.6874],[-34.7115,-77.6295],[-34.6883,-77.6186],[-34.5727,-77.5989],[-34.4348,-77.5294],[-34.4014,-77.4988],[-34.3205,-77.4664],[-34.1354,-77.4426],[-34.0856,-77.4299],[-33.9755,-77.4189],[-33.8636,-77.3881],[-33.7211,-77.311],[-33.6968,-77.3058],[-33.6451,-77.3053],[-33.5637,-77.2825],[-33.4823,-77.2869],[-33.4071,-77.267],[-33.3463,-77.2595],[-33.1738,-77.2613],[-33.1204,-77.2531],[-32.9546,-77.1889],[-32.5006,-77.1262],[-32.1195,-77.1707],[-31.915,-77.1508],[-31.8943,-77.1432],[-31.8818,-77.1275],[-31.8686,-77.0676],[-31.8514,-77.051],[-31.7491,-76.9944],[-31.6961,-76.9767],[-30.6921,-76.8498],[-30.6614,-76.8517],[-30.6507,-76.8473],[-30.6269,-76.81],[-30.5392,-76.7854],[-30.4563,-76.7455],[-30.4051,-76.7361],[-30.3761,-76.6995],[-30.2265,-76.6671],[-30.1535,-76.6353],[-29.6581,-76.5769],[-29.5579,-76.5432],[-29.5704,-76.5209],[-29.5268,-76.4914],[-29.4715,-76.4902],[-29.411,-76.4747],[-29.3583,-76.4438],[-29.1573,-76.4254],[-28.8591,-76.3533],[-27.8197,-76.2275],[-27.5976,-76.2275],[-27.3376,-76.1721],[-27.2202,-76.1612],[-26.9852,-76.1697],[-26.8898,-76.1489],[-26.8597,-76.1358],[-26.8517,-76.1277],[-26.8474,-76.1082],[-26.8229,-76.0973],[-26.7941,-76.0921],[-26.6265,-76.0951],[-26.5953,-76.0896],[-26.5074,-76.0549],[-26.3737,-76.0323],[-26.2877,-75.9967],[-26.2316,-75.985],[-26.1172,-75.9739],[-25.9481,-75.933],[-24.3256,-75.7799],[-24.2137,-75.7564],[-23.2694,-75.738],[-23.2152,-75.716],[-23.1051,-75.7047],[-22.8471,-75.7076],[-22.7296,-75.69],[-22.6507,-75.6907],[-22.596,-75.6747],[-22.5609,-75.6438],[-22.5334,-75.642],[-22.3785,-75.6782],[-22.3656,-75.6762],[-22.3276,-75.65],[-22.3019,-75.6446],[-22.074,-75.7058],[-22.0693,-75.685],[-22.0509,-75.6816],[-21.8628,-75.7096],[-21.8116,-75.7087],[-21.7618,-75.7],[-21.6805,-75.6712],[-21.2696,-75.7143],[-21.1739,-75.705],[-21.0801,-75.6804],[-20.9938,-75.6448],[-20.9475,-75.633],[-20.8597,-75.6367],[-20.7558,-75.6052],[-20.6653,-75.6213],[-20.6442,-75.6121],[-20.7217,-75.5782],[-20.7358,-75.5636],[-20.7303,-75.5416],[-20.7055,-75.5284],[-20.4945,-75.4967],[-20.3995,-75.4721],[-19.7676,-75.5495],[-19.6722,-75.5275],[-19.5924,-75.54],[-19.3881,-75.5458],[-19.3382,-75.5305],[-19.2405,-75.5484],[-19.2378,-75.502],[-19.006,-75.5207],[-18.9672,-75.5149],[-18.9356,-75.491],[-19.0285,-75.4543],[-18.9871,-75.4428],[-18.6536,-75.4821],[-18.6255,-75.4824],[-18.5509,-75.464],[-18.4605,-75.4802],[-18.4083,-75.4809],[-18.2514,-75.4602],[-18.5315,-75.4074],[-18.5512,-75.3767],[-18.5731,-75.3585],[-18.6387,-75.3196],[-18.7377,-75.3],[-18.775,-75.28],[-18.852,-75.2631],[-18.8735,-75.2494],[-18.8649,-75.2289],[-18.8456,-75.2249],[-18.7847,-75.2301],[-18.7497,-75.2239],[-18.7211,-75.2055],[-18.7049,-75.1616],[-18.6829,-75.1513],[-18.6001,-75.1583],[-18.5463,-75.1469],[-18.5366,-75.1033],[-18.5359,-75.0532],[-18.5094,-75.0226],[-18.4398,-75.0275],[-18.3696,-74.9948],[-18.319,-74.9793],[-18.258,-74.9885],[-18.2049,-74.956],[-18.1311,-74.9387],[-18.1505,-74.9242],[-18.1461,-74.9037],[-18.128,-74.8842],[-18.1063,-74.8727],[-18.0559,-74.8588],[-17.997,-74.8227],[-17.9156,-74.8019],[-17.8265,-74.7914],[-17.8022,-74.7765],[-17.8378,-74.757],[-17.8717,-74.714],[-17.9119,-74.7039],[-17.9311,-74.6829],[-17.9598,-74.6668],[-17.9657,-74.6379],[-17.8104,-74.617],[-17.7083,-74.5868],[-17.6758,-74.5864],[-17.6411,-74.5947],[-17.6232,-74.5852],[-17.6048,-74.5192],[-17.5668,-74.5138],[-17.5873,-74.4864],[-17.6173,-74.4705],[-17.5892,-74.4469],[-17.612,-74.4025],[-17.5708,-74.3696],[-17.4563,-74.3372],[-16.5973,-74.3074],[-15.9266,-74.3775],[-15.7531,-74.4304],[-15.639,-74.4308],[-15.6167,-74.423],[-15.6166,-74.402],[-15.611,-74.4002],[-15.5605,-74.3997],[-15.1955,-74.3605],[-15.2809,-74.3385],[-15.3196,-74.3191],[-15.3332,-74.2888],[-15.3044,-74.2568],[-15.3021,-74.2214],[-15.2233,-74.213],[-15.2084,-74.2063],[-15.2077,-74.1939],[-15.1932,-74.1813],[-15.1307,-74.1638],[-15.1095,-74.1315],[-15.09,-74.1262],[-15.0193,-74.1293],[-14.9537,-74.1033],[-14.828,-74.0812],[-14.7891,-74.065],[-14.7346,-74.0216],[-14.693,-74.0016],[-14.5251,-73.9757],[-14.5177,-73.9714],[-14.5222,-73.9401],[-14.5182,-73.934],[-14.433,-73.9083],[-14.3967,-73.8884],[-14.3618,-73.8577],[-14.4163,-73.842],[-14.6272,-73.8391],[-14.6537,-73.8287],[-14.6971,-73.7896],[-14.7176,-73.7805],[-14.7965,-73.8029],[-15.6863,-73.9485],[-16.1759,-73.9392],[-16.2624,-73.8948],[-16.4621,-73.8946],[-16.517,-73.8852],[-16.5544,-73.8648],[-16.5123,-73.857],[-16.4346,-73.8764],[-16.392,-73.8793],[-16.1964,-73.8341],[-15.9098,-73.817],[-15.866,-73.8082],[-15.8258,-73.7887],[-15.8755,-73.7634],[-15.9297,-73.7502],[-16.3308,-73.7092],[-16.3994,-73.7224],[-16.4947,-73.7138],[-16.5832,-73.6863],[-16.5983,-73.6677],[-16.6029,-73.6336],[-16.5986,-73.6015],[-16.5877,-73.5735],[-16.5467,-73.529],[-16.5622,-73.5025],[-16.5601,-73.4841],[-16.5436,-73.4687],[-16.4385,-73.4133],[-15.9762,-73.3038],[-15.9578,-73.2901],[-15.9617,-73.2658],[-15.9931,-73.2148],[-15.9789,-73.1946],[-15.8977,-73.15],[-15.8697,-73.1391],[-15.6401,-73.1018],[-15.5666,-73.0793],[-15.5414,-73.0768],[-15.4267,-73.0911],[-15.2569,-73.0788],[-15.203,-73.047],[-15.1799,-73.0441],[-14.984,-73.0525],[-14.8832,-73.0424],[-14.6124,-73.0822],[-14.5093,-73.1204],[-14.4579,-73.1589],[-14.4415,-73.1647],[-14.381,-73.1314],[-14.3668,-73.131],[-14.3402,-73.1454],[-14.295,-73.1285],[-14.2298,-73.1176],[-14.0975,-73.133],[-14.0476,-73.1248],[-14.0165,-73.1296],[-13.9168,-73.1059],[-14.0146,-73.0663],[-13.9809,-73.0431],[-13.9364,-72.9943],[-13.8953,-72.9867],[-14.0298,-72.9085],[-14.2226,-72.8283],[-14.2267,-72.7976],[-14.2515,-72.7774],[-14.3861,-72.7423],[-14.4183,-72.7238],[-14.3907,-72.7131],[-14.3648,-72.7089],[-14.2211,-72.7117],[-14.014,-72.7387],[-13.8996,-72.7711],[-13.7903,-72.7867],[-13.6531,-72.7917],[-13.5194,-72.8454],[-13.491,-72.8463],[-13.4379,-72.8321],[-13.3794,-72.8361],[-13.264,-72.8058],[-13.1548,-72.7995],[-13.055,-72.7498],[-12.9738,-72.7326],[-12.9349,-72.7062],[-12.9023,-72.7004],[-12.8771,-72.6806],[-12.8612,-72.6535],[-12.579,-72.5846],[-12.5172,-72.5831],[-12.435,-72.5549],[-12.3212,-72.5618],[-12.2444,-72.5407],[-11.5565,-72.4436],[-11.464,-72.4415],[-11.3875,-72.4181],[-11.3566,-72.3964],[-11.3253,-72.3279],[-11.3804,-72.3212],[-11.4097,-72.3019],[-11.3683,-72.2895],[-11.3414,-72.2565],[-11.2866,-72.2397],[-11.2745,-72.2187],[-11.2734,-72.2022],[-11.2497,-72.1907],[-11.24,-72.1765],[-11.247,-72.1655],[-11.2738,-72.1638],[-11.359,-72.1773],[-11.383,-72.1721],[-11.2533,-72.1388],[-11.2455,-72.1264],[-11.272,-72.1142],[-11.2504,-72.1008],[-11.1499,-72.0817],[-11.1139,-72.0645],[-11.0323,-72.0489],[-11.0526,-72.0363],[-11.1179,-72.0378],[-11.0959,-72.0186],[-11.0362,-72.005],[-10.9812,-71.9807],[-10.9741,-71.9734],[-10.9772,-71.9568],[-10.9238,-71.9099],[-10.9178,-71.8958],[-10.9229,-71.8787],[-10.9442,-71.8654],[-10.9392,-71.8513],[-10.8472,-71.7809],[-10.8888,-71.7542],[-10.9491,-71.7429],[-11.5274,-71.7553],[-11.7535,-71.7057],[-11.9879,-71.6795],[-12.1503,-71.6364],[-12.1752,-71.624],[-12.3309,-71.4948],[-12.3677,-71.4508],[-12.3807,-71.3954],[-12.3492,-71.3564],[-12.2955,-71.3294],[-12.2086,-71.3027],[-12.0643,-71.2971],[-11.8795,-71.2603],[-11.8065,-71.2599],[-11.6601,-71.2765],[-11.6981,-71.3049],[-11.7168,-71.3287],[-11.7129,-71.3552],[-11.6826,-71.3923],[-11.6511,-71.4098],[-11.6095,-71.4169],[-11.3706,-71.4234],[-11.2958,-71.4374],[-11.2181,-71.4665],[-11.0721,-71.549],[-11.0366,-71.5612],[-10.9607,-71.5763],[-10.84,-71.5849],[-10.7581,-71.5774],[-10.6781,-71.5583],[-10.6003,-71.527],[-10.6416,-71.4802],[-10.7212,-71.4274],[-10.7331,-71.4096],[-10.7277,-71.3891],[-10.7037,-71.3622],[-10.6535,-71.325],[-10.5956,-71.2973],[-10.1011,-71.1811],[-10.0369,-71.1554],[-9.9888,-71.1193],[-10.0331,-71.0859],[-10.0941,-71.0642],[-10.2154,-71.0402],[-10.3512,-71.0323],[-10.4252,-71.0192],[-10.4501,-70.991],[-10.4308,-70.9747],[-10.3944,-70.9611],[-10.2668,-70.9314],[-10.0697,-70.9119],[-10.0023,-70.9197],[-9.9431,-70.9445],[-9.9813,-70.9879],[-9.9758,-71.0286],[-9.9395,-71.0624],[-9.8852,-71.0842],[-9.8336,-71.0929],[-9.4517,-71.0992],[-9.1051,-71.1853],[-9.0545,-71.2067],[-9.0112,-71.2369],[-8.9914,-71.259],[-8.9879,-71.2765],[-9.0005,-71.2924],[-9.066,-71.3225],[-9.14,-71.3678],[-9.1429,-71.3808],[-9.1345,-71.4057],[-9.1139,-71.4252],[-9.1016,-71.4269],[-9.0461,-71.4182],[-8.9689,-71.4283],[-8.8534,-71.4207],[-8.8242,-71.4275],[-8.7507,-71.4736],[-8.8298,-71.5333],[-8.7353,-71.5666],[-8.7154,-71.5857],[-8.6871,-71.6401],[-8.6849,-71.6562],[-8.6945,-71.6689],[-8.7465,-71.7008],[-8.7186,-71.7048],[-8.6141,-71.6999],[-8.5668,-71.7125],[-8.4097,-71.7299],[-8.3929,-71.7238],[-8.3825,-71.7092],[-8.3885,-71.6921],[-8.3823,-71.6824],[-8.3503,-71.6661],[-8.3101,-71.6347],[-8.1626,-71.5766],[-8.118,-71.5815],[-8.0892,-71.5944],[-8.0723,-71.6111],[-8.0717,-71.632],[-8.0912,-71.6576],[-7.8168,-71.672],[-7.7394,-71.6474],[-7.6514,-71.6579],[-7.6292,-71.652],[-7.6039,-71.634],[-7.5887,-71.612],[-7.5966,-71.594],[-7.734,-71.5514],[-7.7758,-71.5167],[-7.7792,-71.4941],[-7.7738,-71.4469],[-7.7652,-71.4284],[-7.6354,-71.3556],[-7.5885,-71.3451],[-7.5685,-71.3346],[-7.5593,-71.2013],[-7.5642,-71.1506],[-7.5946,-71.1137],[-7.6886,-71.0632],[-7.8043,-71.0294],[-7.8756,-70.9899],[-7.9412,-70.8937],[-7.9619,-70.8731],[-7.9122,-70.8437],[-7.8558,-70.8259],[-7.4921,-70.7848],[-7.2843,-70.7912],[-6.6183,-70.924],[-6.6043,-70.9142],[-6.5721,-70.8376],[-6.5533,-70.815],[-6.4298,-70.7379],[-6.3179,-70.7079],[-6.0136,-70.6798],[-5.6753,-70.7327],[-5.5747,-70.8038],[-5.5644,-70.8205],[-5.5666,-70.8417],[-5.5775,-70.8616],[-5.6304,-70.8942],[-5.6869,-70.9579],[-5.7218,-71.03],[-5.7357,-71.0388],[-6.0437,-71.1183],[-6.0773,-71.1467],[-6.0997,-71.1568],[-6.0454,-71.1882],[-6.0428,-71.2016],[-6.058,-71.2192],[-6.1939,-71.2914],[-6.2364,-71.3059],[-6.2811,-71.3106],[-6.1796,-71.3582],[-6.1498,-71.3663],[-6.0682,-71.3473],[-5.8929,-71.3611],[-5.8201,-71.3411],[-5.5925,-71.3531],[-5.5397,-71.3398],[-5.4961,-71.3487],[-5.4116,-71.3399],[-5.2984,-71.3552],[-5.2706,-71.3542],[-5.2211,-71.3349],[-5.1938,-71.3308],[-4.796,-71.3449],[-4.7091,-71.3347],[-4.5996,-71.345],[-4.3873,-71.3229],[-4.3454,-71.3261],[-4.1737,-71.3701],[-4.1697,-71.3451],[-4.1404,-71.3422],[-4.0759,-71.3577],[-3.9376,-71.3674],[-3.9723,-71.3429],[-3.9904,-71.3156],[-3.9819,-71.296],[-3.9372,-71.2941],[-3.8883,-71.3066],[-3.7182,-71.3786],[-3.7065,-71.3992],[-3.7148,-71.4308],[-3.7071,-71.4571],[-3.6453,-71.4641],[-3.6219,-71.4714],[-3.5716,-71.5099],[-3.4922,-71.5227],[-3.4709,-71.5212],[-3.496,-71.4848],[-3.4991,-71.4685],[-3.4894,-71.4509],[-3.469,-71.4377],[-3.4463,-71.4348],[-3.3754,-71.4456],[-3.3527,-71.4396],[-3.3378,-71.4252],[-3.3346,-71.3249],[-3.309,-71.2902],[-3.2902,-71.2872],[-3.2392,-71.3015],[-3.1715,-71.3432],[-3.1328,-71.3566],[-2.9912,-71.3611],[-3.0161,-71.2971],[-2.9923,-71.2809],[-2.9403,-71.2698],[-2.8871,-71.268],[-2.7781,-71.2848],[-2.7277,-71.2839],[-2.6775,-71.2574],[-2.6505,-71.2882],[-2.4853,-71.3694],[-2.4364,-71.3823],[-2.3368,-71.3901],[-2.2526,-71.3775],[-2.2367,-71.3873],[-2.2146,-71.4269],[-2.1966,-71.4461],[-2.1544,-71.4732],[-2.1068,-71.4854],[-2.0395,-71.4679],[-1.9867,-71.4252],[-1.972,-71.4225],[-1.9263,-71.4406],[-1.88,-71.449],[-1.7618,-71.4147],[-1.6156,-71.4415],[-1.5602,-71.4264],[-1.4892,-71.4588],[-1.3954,-71.4435],[-1.3063,-71.4028],[-1.3248,-71.3593],[-1.3245,-71.34],[-1.3107,-71.3196],[-1.2304,-71.268],[-1.186,-71.2555],[-1.1376,-71.2553],[-0.954,-71.3005],[-0.8128,-71.3775],[-0.8043,-71.3948],[-0.806,-71.4216],[-0.8177,-71.4365],[-0.8655,-71.449],[-0.8453,-71.5032],[-0.8708,-71.5452],[-0.9521,-71.6236],[-0.8761,-71.6406],[-0.8361,-71.6633],[-0.756,-71.6565],[-0.6219,-71.6853],[-0.5993,-71.6944],[-0.5609,-71.7367],[-0.5185,-71.7652],[-0.4693,-71.754],[0.0156,-71.4904],[0.0787,-71.4202],[0.2322,-71.3499],[0.2918,-71.3362],[0.4378,-71.3198],[0.5471,-71.2618],[0.6355,-71.2555],[0.7109,-71.2182],[0.7964,-71.2128],[0.9338,-71.1794],[1.4519,-71.1183],[1.4841,-71.0922],[1.5319,-71.091],[1.5674,-71.0695],[1.6388,-71.0607],[1.7267,-71.0334],[1.8688,-71.0182],[1.9486,-70.9911],[2.1502,-70.9783],[2.1987,-70.9544],[2.4583,-70.9203],[2.5197,-70.9006],[2.562,-70.9112],[2.6326,-70.8935],[2.6913,-70.8963],[2.7554,-70.8853],[2.8233,-70.8906],[2.9783,-70.8842],[3.0741,-70.8946],[3.188,-70.8725],[3.2227,-70.8596],[3.2609,-70.8665],[3.3272,-70.8565],[3.5747,-70.8521],[3.6227,-70.8411],[3.6922,-70.8373],[3.7756,-70.816],[3.8215,-70.8175],[3.8083,-70.802],[3.8279,-70.7984],[3.9074,-70.8038],[4.0108,-70.7829],[4.0965,-70.7752],[4.224,-70.7838],[4.319,-70.7625],[4.3576,-70.7338],[4.3998,-70.7275],[4.3976,-70.7109],[4.4634,-70.7241],[4.5078,-70.7179],[4.6248,-70.7208],[4.853,-70.6847],[4.909,-70.6822],[4.9629,-70.6887],[4.9919,-70.6754],[5.0061,-70.6427],[5.0208,-70.637],[5.0737,-70.6337],[5.2097,-70.6502],[5.2349,-70.6423],[5.3147,-70.6497],[5.4417,-70.6298],[5.5877,-70.6492],[5.6799,-70.613],[5.7359,-70.6131],[5.7708,-70.632],[5.8011,-70.6336],[5.9745,-70.61],[6.0604,-70.6253],[6.1133,-70.6087],[6.1834,-70.6173],[6.2031,-70.627],[6.1883,-70.6028],[6.2241,-70.602],[6.2974,-70.6201],[6.335,-70.6155],[6.3649,-70.589],[6.429,-70.5812],[6.4839,-70.5883],[6.5364,-70.5753],[6.6457,-70.6021],[6.7053,-70.5937],[6.7806,-70.5994],[6.8079,-70.5831],[6.7959,-70.5579],[6.8102,-70.5398],[6.8377,-70.5338],[6.8988,-70.5605],[6.9852,-70.5226],[7.1096,-70.5468],[7.1453,-70.561],[7.1532,-70.5607],[7.1722,-70.5419],[7.2424,-70.5441],[7.2505,-70.5346],[7.2503,-70.5162],[7.3355,-70.5265],[7.403,-70.5103],[7.4489,-70.5217],[7.5144,-70.5209],[7.5537,-70.5285],[7.5674,-70.5243],[7.5928,-70.496],[7.6118,-70.486],[7.6463,-70.511],[7.6683,-70.5182],[7.6662,-70.4879],[7.657,-70.4736],[7.4751,-70.3769],[7.4392,-70.3375],[7.4275,-70.3122],[7.4142,-70.2214],[7.4235,-70.2044],[7.479,-70.1899],[7.8353,-70.1637],[7.8936,-70.1774],[7.917,-70.194],[7.9251,-70.2171],[7.9219,-70.2439],[7.8958,-70.31],[7.8773,-70.3254],[7.8369,-70.3399],[7.8342,-70.3661],[7.845,-70.3982],[7.8791,-70.4477],[7.9304,-70.4723],[8.1052,-70.4753],[8.2253,-70.4944],[8.2547,-70.4926],[8.3288,-70.4679],[8.4431,-70.4824],[8.5497,-70.4723],[8.6546,-70.448],[8.6939,-70.4211],[8.7847,-70.4176],[8.8128,-70.4049],[8.832,-70.3835],[8.8372,-70.3539],[8.9719,-70.3725],[9.0378,-70.3569],[9.1156,-70.3759],[9.1367,-70.3754],[9.1575,-70.3596],[9.1687,-70.3342],[9.1678,-70.308],[9.1514,-70.2903],[9.1013,-70.2765],[9.0198,-70.2708],[8.9382,-70.2468],[8.8875,-70.2155],[8.8984,-70.1855],[9.0806,-70.0893],[9.1288,-70.0759],[9.1826,-70.0709],[9.2943,-70.0788],[9.4154,-70.1091],[9.4395,-70.1491],[9.4505,-70.1565],[9.531,-70.1862],[9.5929,-70.2289],[9.6558,-70.2478],[9.6719,-70.2678],[9.6565,-70.343],[9.7134,-70.339],[9.765,-70.3486],[9.8672,-70.392],[9.9793,-70.4535],[10.3228,-70.5368],[10.3928,-70.5396],[10.4768,-70.5722],[10.533,-70.5783],[10.5999,-70.6047],[10.6567,-70.6115],[10.7227,-70.6369],[10.8096,-70.6466],[10.9689,-70.6887],[11.0674,-70.7013],[11.1067,-70.697],[11.1585,-70.7288],[11.2376,-70.757],[11.3516,-70.7366],[11.6414,-70.7732],[11.8535,-70.7815],[11.8944,-70.7444],[11.9937,-70.7254],[12.015,-70.713],[12.0321,-70.6858],[12.0817,-70.674],[12.0745,-70.6515],[12.0913,-70.6032],[12.0877,-70.5453],[12.1078,-70.53],[12.1678,-70.5144],[12.1423,-70.4854],[12.1843,-70.4618],[12.2521,-70.4461],[12.2674,-70.4326],[12.2886,-70.3948],[12.322,-70.3703],[12.3802,-70.3586],[12.5308,-70.3517],[12.6086,-70.3206],[12.6489,-70.3149],[12.7366,-70.32],[12.825,-70.295],[12.8379,-70.2639],[12.8971,-70.2482],[13.0183,-70.2418],[13.041,-70.2345],[13.0296,-70.2177],[12.9695,-70.1729],[12.9398,-70.165],[12.4831,-70.1269],[12.4359,-70.1052],[12.4265,-70.0854],[12.4446,-70.0702],[12.4978,-70.0553],[12.5593,-70.0538],[12.7351,-70.0715],[12.9692,-70.0462],[13.0262,-70.051],[13.085,-70.0751],[13.1082,-70.0914],[13.1648,-70.1506],[13.2362,-70.1878],[13.2923,-70.2473],[13.3428,-70.2727],[13.3997,-70.2862],[13.5703,-70.29],[13.6504,-70.3234],[13.8488,-70.3478],[14.0168,-70.3415],[14.0806,-70.346],[14.1353,-70.3263],[14.188,-70.3322],[14.2049,-70.3279],[14.2278,-70.3014],[14.2476,-70.295],[14.3401,-70.3061],[14.356,-70.2875],[14.3864,-70.2859],[14.4412,-70.297],[14.5105,-70.2839],[14.5851,-70.2926],[14.6187,-70.3095],[14.652,-70.3017],[14.6831,-70.3038],[14.78,-70.3298],[14.865,-70.3228],[14.898,-70.2988],[15.0369,-70.2909],[15.1449,-70.3102],[15.5348,-70.3377],[15.6309,-70.3338],[15.7025,-70.365],[15.7669,-70.3784],[15.8269,-70.3776],[15.8571,-70.3536],[15.8626,-70.324],[15.8454,-70.2932],[15.8579,-70.26],[15.905,-70.2164],[15.9626,-70.1896],[16.1296,-70.1725],[16.175,-70.1412],[16.2844,-70.149],[16.5199,-70.1267],[16.5773,-70.1314],[16.6384,-70.1616],[16.6533,-70.186],[16.6502,-70.2208],[16.6433,-70.2311],[16.6106,-70.2433],[16.6262,-70.3112],[16.6193,-70.3429],[16.5747,-70.3963],[16.5144,-70.4355],[16.4846,-70.4461],[16.5051,-70.4542],[16.8711,-70.4394],[16.926,-70.4636],[16.91,-70.477],[16.927,-70.4845],[17.1268,-70.4809],[17.217,-70.464],[17.7512,-70.4939],[17.7894,-70.5108],[17.8758,-70.5173],[17.9084,-70.5141],[18.0938,-70.5424],[18.3298,-70.5401],[18.3391,-70.5202],[18.3758,-70.5075],[18.4982,-70.5025],[18.3103,-70.3737],[18.2959,-70.3502],[18.2528,-70.3259],[18.3162,-70.3244],[18.447,-70.3001],[18.5068,-70.2787],[18.573,-70.2639],[18.7146,-70.2599],[18.783,-70.2389],[18.8389,-70.1813],[18.8718,-70.1721],[18.9417,-70.171],[19.1535,-70.2035],[19.2905,-70.2481],[19.215,-70.2494],[19.1735,-70.2739],[19.2694,-70.3412],[19.2966,-70.3681],[19.2815,-70.3816],[19.2329,-70.3989],[19.2219,-70.4206],[19.1702,-70.4381],[19.1372,-70.4951],[19.0163,-70.5968],[18.9915,-70.6106],[18.9365,-70.6233],[18.9152,-70.634],[18.9318,-70.6783],[18.9309,-70.736],[18.9455,-70.7524],[18.9956,-70.749],[19.0285,-70.7614],[19.0578,-70.7812],[19.1116,-70.8471],[19.1305,-70.8601],[19.2892,-70.9143],[19.5674,-70.9461],[19.6282,-70.9409],[19.7328,-70.8927],[19.7889,-70.8933],[19.9036,-70.9125],[20.0332,-70.919],[20.1123,-70.9309],[20.1901,-70.9088],[20.2285,-70.9054],[20.4226,-70.9225],[20.4985,-70.9024],[20.5789,-70.9021],[20.6377,-70.8859],[20.7053,-70.8831],[20.8442,-70.8566],[20.8869,-70.8556],[21.0054,-70.8709],[21.2012,-70.8122],[21.1726,-70.7848],[21.1595,-70.756],[21.1668,-70.7281],[21.199,-70.7019],[21.1585,-70.6646],[21.1561,-70.65],[21.1668,-70.6326],[21.1843,-70.6223],[21.2245,-70.6124],[21.2028,-70.594],[21.2085,-70.5764],[21.3172,-70.4903],[21.3415,-70.4817],[21.4313,-70.4797],[21.4517,-70.4684],[21.472,-70.4395],[21.4644,-70.4176],[21.6113,-70.2721],[21.6943,-70.2346],[21.7456,-70.2262],[21.8016,-70.2359],[21.9937,-70.3022],[22.0583,-70.3488],[22.1815,-70.385],[22.2832,-70.4367],[22.3381,-70.4553],[22.4479,-70.4778],[22.5793,-70.5402],[22.5757,-70.5612],[22.5555,-70.5817],[22.5322,-70.5956],[22.481,-70.61],[21.8528,-70.6384],[21.8264,-70.655],[22.0285,-70.683],[22.2494,-70.6858],[22.2942,-70.696],[22.3674,-70.6946],[22.3269,-70.7595],[22.4162,-70.7695],[22.471,-70.7543],[22.5633,-70.7783],[22.7249,-70.7693],[22.8327,-70.8041],[22.9177,-70.8129],[22.9499,-70.8292],[22.9725,-70.8235],[23.1807,-70.8131],[23.259,-70.823],[23.2927,-70.8212],[23.323,-70.8097],[23.4126,-70.7437],[23.4378,-70.7177],[23.4352,-70.6912],[23.4876,-70.6832],[23.5129,-70.6708],[23.5531,-70.6292],[23.5578,-70.6056],[23.5479,-70.5851],[23.5221,-70.5749],[23.6169,-70.5652],[23.6436,-70.5514],[23.6862,-70.4936],[23.7124,-70.4267],[23.7525,-70.4026],[24.1089,-70.4094],[24.1755,-70.4242],[24.2775,-70.4605],[24.4194,-70.5449],[24.44,-70.5991],[24.4554,-70.6145],[24.3465,-70.6736],[24.2915,-70.6819],[24.2653,-70.6786],[24.2915,-70.7179],[24.3193,-70.7403],[24.4792,-70.7966],[24.5339,-70.8378],[24.5552,-70.8468],[24.968,-70.9455],[25.2606,-70.9809],[25.4404,-70.9802],[25.5246,-70.9943],[25.5676,-70.9934],[25.5485,-70.9754],[25.5769,-70.9714],[25.6619,-71.0004],[25.7158,-70.99],[25.7586,-71.0027],[25.8279,-71.0082],[25.916,-71.0344],[25.9827,-71.0419],[26.1013,-71.0427],[26.2678,-71.0084],[26.3903,-71.0304],[26.4456,-71.0324],[26.4789,-71.019],[26.5178,-71.0226],[26.6066,-71.0081],[26.6353,-70.9992],[26.674,-70.9655],[26.8049,-70.9638],[26.8394,-70.942],[26.8888,-70.942],[26.9263,-70.9239],[26.9792,-70.9387],[27.2751,-70.9897],[27.2967,-70.9848],[27.3034,-70.9684],[27.2988,-70.9373],[27.3189,-70.9256],[27.3023,-70.9114],[27.2175,-70.9044],[27.1594,-70.8707],[27.2028,-70.845],[27.2246,-70.8393],[27.297,-70.8468],[27.3174,-70.8432],[27.3286,-70.8244],[27.3518,-70.8386],[27.4124,-70.8113],[27.5003,-70.8095],[27.5744,-70.7892],[27.6284,-70.7413],[28.0291,-70.7265],[28.114,-70.7073],[28.1731,-70.7171],[28.2025,-70.7153],[28.2821,-70.6785],[28.4517,-70.694],[28.6099,-70.633],[28.773,-70.594],[28.8333,-70.595],[29.0347,-70.5688],[29.0892,-70.537],[29.145,-70.5291],[29.1747,-70.4911],[29.2944,-70.4615],[29.3462,-70.4565],[29.3762,-70.4329],[29.4407,-70.4109],[29.4514,-70.3923],[29.486,-70.392],[29.6027,-70.3725],[29.7634,-70.363],[29.7855,-70.329],[29.8412,-70.3113],[30.1652,-70.2856],[30.1863,-70.2711],[30.2117,-70.288],[30.4393,-70.2668],[30.6317,-70.2613],[30.7078,-70.2751],[30.7378,-70.2735],[30.9353,-70.2146],[30.965,-70.214],[31.0441,-70.2316],[31.2804,-70.2371],[31.4116,-70.2233],[31.4958,-70.2044],[31.6091,-70.2001],[31.8444,-70.1469],[31.9944,-70.1345],[32.0452,-70.1184],[32.2664,-70.0865],[32.3135,-70.0655],[32.3659,-70.0533],[32.5689,-70.0515],[32.6719,-70.0232],[32.7453,-70.0134],[32.7854,-69.9651],[32.8511,-69.9455],[32.8687,-69.9303],[32.8773,-69.9049],[32.8711,-69.884],[32.8526,-69.8704],[32.8242,-69.8661],[32.8539,-69.8263],[32.8376,-69.7848],[32.8628,-69.7817],[32.8674,-69.7595],[32.8879,-69.7603],[32.9126,-69.72],[32.9618,-69.686],[32.9857,-69.6594],[32.9955,-69.6181],[32.9816,-69.5934],[32.9963,-69.5722],[33.0005,-69.5048],[32.9783,-69.4698],[32.9829,-69.4503],[32.967,-69.3868],[32.952,-69.3595],[32.9279,-69.3437],[32.7908,-69.2909],[32.7522,-69.2626],[32.7013,-69.2436],[32.5325,-69.1188],[32.5044,-69.0846],[32.4876,-69.0816],[32.5306,-69.0485],[32.5029,-68.9616],[32.4989,-68.9309],[32.5057,-68.9031],[32.5623,-68.8564],[32.6106,-68.8437],[32.8381,-68.7521],[33.216,-68.6696],[34.2142,-68.6779],[34.3006,-68.6882],[34.363,-68.7255],[34.3849,-68.7942],[34.3713,-68.8063],[34.0912,-68.8525],[34.0829,-68.8596],[34.076,-68.8863],[34.0491,-68.887],[34.0095,-68.9274],[33.8306,-69.0094],[33.6037,-69.0524],[33.6282,-69.061],[33.7713,-69.0535],[33.8112,-69.0914],[33.8659,-69.1126],[33.9216,-69.1222],[34.3615,-69.1329],[34.3879,-69.1271],[34.4679,-69.0816],[34.5873,-69.0668],[34.62,-69.0707],[34.6526,-69.0834],[34.6104,-69.0912],[34.6507,-69.1114],[34.7346,-69.1131],[34.8389,-69.1423],[34.8895,-69.1723],[34.9437,-69.1915],[35.0119,-69.2288],[35.1255,-69.2595],[35.1999,-69.2941],[35.155,-69.3238],[35.147,-69.3403],[35.1677,-69.4005],[35.155,-69.426],[35.1047,-69.4596],[35.1379,-69.5081],[35.2288,-69.5367],[35.2041,-69.5798],[35.1082,-69.6057],[35.0735,-69.6319],[35.0794,-69.6706],[35.1233,-69.6994],[35.244,-69.7356],[35.3177,-69.7341],[35.386,-69.7158],[35.4834,-69.7013],[35.5596,-69.6995],[35.7083,-69.6661],[35.9046,-69.6672],[36.0796,-69.6367],[36.1016,-69.645],[36.1457,-69.7008],[36.1607,-69.7045],[36.2121,-69.6884],[36.3706,-69.658],[36.3325,-69.6192],[36.3704,-69.6056],[36.4163,-69.6065],[36.5041,-69.6215],[36.7057,-69.6298],[36.7566,-69.6423],[36.7573,-69.6701],[36.7692,-69.694],[36.7839,-69.7042],[36.9157,-69.7504],[36.9738,-69.7906],[36.9951,-69.7973],[36.9719,-69.8145],[36.9689,-69.8383],[36.9817,-69.8622],[37.0064,-69.8805],[37.0363,-69.8867],[37.0765,-69.8679],[37.1306,-69.863],[37.2405,-69.8318],[37.2378,-69.8161],[37.1926,-69.782],[37.281,-69.7284],[37.4915,-69.7546],[37.5964,-69.7301],[37.5275,-69.7047],[37.5083,-69.6902],[37.5401,-69.6847],[37.7863,-69.6819],[37.7698,-69.7018],[37.7995,-69.7151],[37.7804,-69.7276],[37.7576,-69.7291],[37.7857,-69.7571],[37.8416,-69.759],[38.0384,-69.7175],[38.2181,-69.7561],[38.2407,-69.7665],[38.2503,-69.7817],[38.2446,-69.7957],[38.1192,-69.8186],[38.0202,-69.8494],[38.043,-69.8627],[38.117,-69.873],[38.1393,-69.8814],[38.2062,-69.9257],[38.2559,-69.9492],[38.2653,-69.9672],[38.2617,-69.9775],[38.2228,-70.0141],[38.2197,-70.024],[38.2959,-70.0339],[38.386,-70.0185],[38.4187,-70.0247],[38.4699,-70.0522],[38.5379,-70.1086],[38.5628,-70.1204],[38.6851,-70.1498],[38.7112,-70.1635],[38.714,-70.1887],[38.7892,-70.1879],[38.9403,-70.2047],[39.0159,-70.1983],[39.0505,-70.1886],[39.0764,-70.1726],[39.0752,-70.1546],[39.0659,-70.1461],[38.9211,-70.1086],[38.8152,-70.0554],[38.797,-70.0287],[38.8036,-69.9877],[39.0796,-69.9059],[39.1589,-69.9037],[39.1926,-69.8925],[39.1945,-69.8608],[39.2212,-69.8609],[39.2459,-69.8505],[39.1784,-69.8474],[39.1582,-69.8435],[39.1361,-69.8295],[39.1294,-69.8111],[39.1369,-69.7638],[39.1615,-69.7267],[39.2088,-69.7066],[39.4951,-69.6863],[39.536,-69.6684],[39.5887,-69.5988],[39.6384,-69.6086],[39.6253,-69.6362],[39.6442,-69.651],[39.6774,-69.6569],[39.7072,-69.6583],[39.6428,-69.6261],[39.6688,-69.6034],[39.7034,-69.6],[39.7787,-69.6114],[39.7573,-69.5862],[39.7131,-69.5868],[39.7004,-69.5734],[39.686,-69.5411],[39.7664,-69.5255],[39.7962,-69.5265],[39.74,-69.4905],[39.7832,-69.486],[39.8176,-69.4221],[39.8479,-69.3847],[39.8421,-69.3683],[39.8316,-69.3596],[39.7017,-69.3068],[39.7127,-69.2907],[39.8148,-69.28],[39.8034,-69.2477],[39.7362,-69.196],[39.8113,-69.1809],[39.7354,-69.108],[39.7074,-69.068],[39.709,-69.0212],[39.7378,-68.9763],[39.8035,-68.9256],[39.8579,-68.8295],[39.8991,-68.8225],[40.2629,-68.8022],[40.3727,-68.7753],[40.4706,-68.7262],[40.5239,-68.7192],[40.7018,-68.7268],[40.7522,-68.7507],[40.7808,-68.7346],[40.8888,-68.7094],[40.992,-68.6515],[41.0383,-68.6342],[41.0389,-68.6214],[41.0148,-68.5964],[41.0686,-68.5875],[41.1079,-68.5661],[41.2069,-68.5602],[41.3563,-68.5159],[41.452,-68.5066],[41.5037,-68.4931],[41.544,-68.4721],[41.9807,-68.4063],[42.1091,-68.4109],[42.1941,-68.3876],[42.2892,-68.3777],[42.5361,-68.3796],[42.5232,-68.3362],[42.5804,-68.2856],[42.5524,-68.279],[42.5427,-68.2649],[42.5603,-68.2237],[42.6594,-68.1658],[42.8479,-68.1369],[42.8286,-68.0964],[42.8594,-68.1038],[42.9959,-68.0915],[43.1074,-68.0641],[43.4055,-68.0346],[43.5077,-68.0593],[43.7761,-68.0465],[43.8107,-68.039],[43.856,-68.0104],[43.94,-67.9986],[44.0022,-67.9685],[44.155,-67.9784],[44.4964,-67.9594],[44.5232,-67.963],[44.6008,-68.0034],[44.6299,-68.0094],[44.655,-68.005],[44.6895,-67.9827],[44.7144,-67.9762],[44.8032,-67.9763],[44.8286,-67.9659],[44.7811,-67.9332],[44.618,-67.8604],[44.6605,-67.8115],[44.7171,-67.7836],[44.9732,-67.7311],[45.0396,-67.7319],[45.1316,-67.7472],[45.2487,-67.715],[45.3469,-67.7154],[45.4038,-67.6951],[45.4519,-67.7091],[45.5296,-67.7193],[45.5853,-67.7449],[45.5575,-67.78],[45.5169,-67.7979],[45.5449,-67.8176],[45.5828,-67.8244],[45.6598,-67.8175],[45.6887,-67.8033],[45.7409,-67.7609],[45.7722,-67.7586],[45.7395,-67.7087],[45.8193,-67.6652],[45.8486,-67.6575],[46.217,-67.653],[46.2454,-67.6638],[46.3084,-67.715],[46.3708,-67.7434],[46.4016,-67.7454],[46.4336,-67.7296],[46.3884,-67.6793],[46.3853,-67.6589],[46.3929,-67.6326],[46.406,-67.6194],[46.4256,-67.615],[46.557,-67.6186],[46.6121,-67.6121],[46.6227,-67.59],[46.5906,-67.5787],[46.3504,-67.5688],[46.306,-67.5593],[46.2931,-67.5494],[46.2891,-67.5232],[46.2723,-67.504],[46.3117,-67.4738],[46.2345,-67.4487],[46.2591,-67.4163],[46.2482,-67.3996],[46.2518,-67.3733],[46.2647,-67.3482],[46.2808,-67.3342],[46.3779,-67.2962],[46.48,-67.2753],[46.584,-67.2745],[46.6878,-67.2892],[46.7663,-67.2755],[46.8171,-67.279],[46.868,-67.2675],[46.9144,-67.267],[46.9817,-67.2893],[46.9549,-67.3131],[46.9636,-67.3327],[46.9917,-67.3464],[47.3057,-67.3698],[47.4411,-67.4094],[47.3272,-67.4339],[47.2629,-67.4665],[47.2024,-67.4627],[46.9196,-67.5065],[46.9575,-67.5146],[46.9729,-67.5234],[46.9813,-67.5387],[46.939,-67.5634],[46.9303,-67.5816],[46.9778,-67.5797],[47.1279,-67.5444],[47.2289,-67.5465],[47.3272,-67.5665],[47.3052,-67.5837],[47.2327,-67.6113],[47.1393,-67.6154],[47.116,-67.6292],[47.0957,-67.657],[47.1948,-67.6588],[47.1283,-67.6799],[47.0591,-67.685],[47.0938,-67.7052],[47.1321,-67.7053],[47.1706,-67.694],[47.2649,-67.6506],[47.6345,-67.6603],[47.6106,-67.6918],[47.57,-67.7102],[47.3069,-67.7434],[47.3228,-67.762],[47.3587,-67.7731],[47.4827,-67.7936],[47.5457,-67.7844],[47.5593,-67.7682],[47.6468,-67.7475],[47.8752,-67.6552],[47.9113,-67.649],[48.1331,-67.6526],[48.1682,-67.6581],[48.3097,-67.7185],[48.3811,-67.7294],[48.4546,-67.7302],[48.4452,-67.7477],[48.3914,-67.7587],[48.1712,-67.8888],[48.2278,-67.9332],[48.1973,-67.9527],[48.2175,-67.963],[48.2302,-68.0051],[48.2494,-68.0208],[48.2748,-68.0256],[48.3827,-68.0234],[48.4319,-67.9806],[48.5239,-67.9417],[48.614,-67.8793],[48.6501,-67.8416],[48.7181,-67.7293],[48.7248,-67.7037],[48.7183,-67.6819],[48.6473,-67.6454],[48.5998,-67.6015],[48.5901,-67.5597],[48.5691,-67.5177],[48.5666,-67.4953],[48.582,-67.4748],[48.6294,-67.4519],[49.0111,-67.3945],[49.0945,-67.3727],[49.1747,-67.377],[49.2075,-67.3494],[49.198,-67.3381],[49.22,-67.3137],[49.2561,-67.2984],[49.3285,-67.2888],[49.3016,-67.2467],[49.2898,-67.2379],[49.313,-67.2223],[49.4053,-67.2233],[49.3496,-67.1824],[49.2573,-67.1735],[49.0874,-67.1941],[49.1145,-67.1715],[49.068,-67.1508],[48.7316,-67.2208],[48.6409,-67.2189],[48.532,-67.1925],[48.4758,-67.1881],[48.3945,-67.1593],[48.3701,-67.143],[48.3547,-67.1215],[48.3389,-67.0649],[48.3421,-67.0362],[48.3611,-67.0164],[48.5881,-66.9373],[49.0593,-66.8849],[49.112,-66.8674],[49.1638,-66.8381],[49.2165,-66.8189],[49.2713,-66.8307],[49.328,-66.8835],[49.3366,-66.9029],[49.3353,-66.9391],[49.3475,-66.9547],[49.2525,-66.9723],[49.1599,-67.0009],[49.2267,-67.0016],[49.2777,-67.0424],[49.3115,-67.0462],[49.4891,-67.0229],[49.7933,-67.0281],[49.8268,-67.0373],[49.8828,-67.0782],[49.8931,-67.1066],[49.8723,-67.134],[49.8303,-67.1661],[49.7943,-67.2097],[49.6657,-67.2784],[49.6975,-67.2885],[49.7332,-67.2864],[49.7668,-67.2746],[49.8215,-67.241],[49.9009,-67.2363],[49.9346,-67.2254],[49.9959,-67.1655],[50.0933,-67.1547],[50.112,-67.1264],[50.1477,-67.1153],[50.2017,-67.1207],[50.3021,-67.1619],[50.4019,-67.171],[50.4712,-67.1952],[50.5859,-67.2164],[50.6424,-67.242],[50.7207,-67.2382],[50.6943,-67.2223],[50.6401,-67.2075],[50.6196,-67.1847],[50.6499,-67.1777],[50.7472,-67.183],[50.811,-67.2111],[50.8812,-67.2162],[50.8185,-67.1778],[50.8538,-67.1642],[50.8962,-67.1613],[50.9782,-67.1681],[50.9471,-67.1459],[50.9435,-67.1324],[50.9554,-67.114],[50.9269,-67.1203],[50.84,-67.0969],[50.6924,-67.0817],[50.6553,-67.0646],[50.5848,-67.0561],[50.5567,-67.0536],[50.4593,-67.0688],[50.4798,-67.0494],[50.4823,-67.0073],[50.5236,-66.9949],[50.451,-66.9787],[50.4277,-66.9626],[50.4458,-66.9401],[50.4938,-66.902],[50.5485,-66.8834],[50.5669,-66.8581],[50.5796,-66.8505],[50.7617,-66.8211],[50.8298,-66.7747],[50.7757,-66.7548],[50.7341,-66.7678],[50.6748,-66.7585],[50.6138,-66.762],[50.5104,-66.7922],[50.4541,-66.7726],[50.347,-66.775],[50.2861,-66.769],[50.2395,-66.7431],[50.2166,-66.6606],[50.1961,-66.611],[50.1936,-66.5705],[50.2276,-66.5222],[50.241,-66.4754],[50.322,-66.3938],[50.4245,-66.3378],[50.5374,-66.3039],[51.0526,-66.256],[51.1812,-66.2158],[51.2088,-66.2136],[51.3233,-66.228],[51.3523,-66.2218],[51.4036,-66.1622],[51.4783,-66.1205],[51.6138,-66.094],[51.7721,-66.0372],[52.2217,-65.9729],[52.8477,-65.9621],[53.278,-65.9],[53.4002,-65.902],[53.7345,-65.8459],[53.7902,-65.8454],[53.9579,-65.8844],[54.0134,-65.8897],[54.2411,-65.8764],[55.1834,-65.9309],[55.6116,-66.0279],[55.7705,-66.1157],[55.8613,-66.1198],[55.8447,-66.1491],[55.8718,-66.1813],[55.9151,-66.2091],[55.9473,-66.2248],[56.0361,-66.247],[56.1262,-66.3097],[56.2107,-66.3199],[56.242,-66.3681],[56.332,-66.4116],[56.3772,-66.4528],[56.3991,-66.4627],[56.4097,-66.4283],[56.4245,-66.408],[56.4473,-66.3971],[56.5168,-66.388],[56.8078,-66.4054],[57.2077,-66.5312],[57.2378,-66.5475],[57.2761,-66.5812],[57.287,-66.6037],[57.2814,-66.6264],[57.2495,-66.6534],[57.2481,-66.665],[57.2837,-66.693],[57.2878,-66.7014],[57.2814,-66.7088],[57.2424,-66.7189],[57.0147,-66.7293],[56.9548,-66.7084],[56.7964,-66.7146],[56.7437,-66.7094],[56.6222,-66.6813],[56.5652,-66.6524],[56.5647,-66.6129],[56.5316,-66.6204],[56.5147,-66.633],[56.4966,-66.6857],[56.3772,-66.632],[56.2777,-66.6204],[56.2472,-66.6121],[56.1934,-66.5829],[56.1399,-66.5837],[56.0564,-66.5739],[56.0244,-66.5755],[55.9919,-66.5857],[56.0711,-66.6004],[56.0879,-66.611],[56.0874,-66.6329],[56.0658,-66.6467],[56.0125,-66.6609],[56.0868,-66.6765],[56.1345,-66.6796],[56.1702,-66.711],[56.2264,-66.7009],[56.3587,-66.7232],[56.4173,-66.7431],[56.5095,-66.7438],[56.4846,-66.7585],[56.3571,-66.7756],[56.3805,-66.8061],[56.4443,-66.8049],[56.5164,-66.7908],[56.5423,-66.7917],[56.3921,-66.8323],[56.4662,-66.8585],[56.5008,-66.8615],[56.62,-66.8482],[56.6597,-66.8513],[56.6956,-66.8626],[56.6594,-66.8903],[56.7068,-66.8997],[56.6582,-66.9333],[56.6012,-66.9435],[56.433,-66.928],[56.418,-66.9236],[56.3923,-66.8995],[56.3631,-66.884],[56.3345,-66.8762],[56.2717,-66.8757],[56.322,-66.9089],[56.2927,-66.9295],[56.1943,-66.9339],[56.1541,-66.9518],[56.2727,-66.965],[56.3088,-66.9775],[56.2567,-66.9986],[56.3421,-67.0011],[56.3672,-67.0102],[56.2896,-67.0528],[56.2088,-67.0829],[55.8555,-67.1703],[55.7622,-67.2076],[55.7322,-67.2636],[56.1535,-67.1961],[56.1436,-67.2296],[56.0884,-67.3484],[56.1188,-67.387],[56.1707,-67.4089],[56.1794,-67.3813],[56.21,-67.3367],[56.3083,-67.2672],[56.3396,-67.232],[56.4456,-67.1647],[56.5584,-67.1098],[56.6814,-67.0742],[56.8386,-67.0571],[56.8848,-67.0681],[56.9204,-67.0478],[56.9679,-67.0462],[57.2775,-67.0849],[57.3591,-67.0878],[57.3089,-67.0426],[57.3753,-67.03],[57.5081,-67.0318],[57.5628,-66.9942],[57.5935,-66.9899],[57.6662,-67.0026],[57.7212,-67.0236],[57.8278,-67.0334],[57.8739,-67.0606],[57.957,-67.0743],[58.0051,-67.1083],[58.0236,-67.1095],[58.0735,-67.094],[58.1365,-67.0984],[58.1517,-67.1259],[58.1499,-67.1412],[58.1388,-67.152],[58.0381,-67.1961],[58.0203,-67.2189],[58.0469,-67.225],[58.2703,-67.148],[58.4263,-67.1486],[58.4207,-67.1868],[58.4553,-67.1949],[58.6887,-67.157],[58.8706,-67.1651],[58.9159,-67.1775],[59.0441,-67.2369],[59.0938,-67.2447],[59.0199,-67.3049],[58.9886,-67.3102],[58.723,-67.2748],[58.5822,-67.2321],[58.5488,-67.2302],[58.5686,-67.2747],[58.5938,-67.2985],[58.6724,-67.3259],[58.681,-67.343],[58.7578,-67.3368],[58.7933,-67.3412],[58.9391,-67.3762],[59.0515,-67.4286],[59.0933,-67.4367],[59.127,-67.425],[59.1288,-67.4465],[59.1165,-67.4591],[59.0301,-67.4714],[58.9859,-67.4874],[59.0295,-67.4904],[59.0617,-67.5085],[59.209,-67.4981],[59.2649,-67.4843],[59.4118,-67.5442],[59.4805,-67.5947],[59.513,-67.6064],[59.5485,-67.6052],[59.5934,-67.5943],[59.5091,-67.5243],[59.5261,-67.5146],[59.595,-67.5234],[59.655,-67.5108],[59.6401,-67.4611],[59.6453,-67.4387],[59.6667,-67.4216],[59.6481,-67.4159],[59.6463,-67.4062],[59.6575,-67.3972],[60.095,-67.4054],[60.2344,-67.3818],[60.3288,-67.3771],[60.3931,-67.3839],[60.4666,-67.3698],[60.4992,-67.3888],[60.6189,-67.4006],[60.6775,-67.4275],[60.7477,-67.4431],[60.7933,-67.4435],[60.8534,-67.4697],[60.9141,-67.4648],[60.9741,-67.4828],[61.0134,-67.4651],[61.0186,-67.4838],[61.0339,-67.4911],[61.167,-67.5053],[61.1554,-67.5309],[61.1292,-67.5414],[61.1522,-67.5564],[61.1857,-67.5558],[61.2162,-67.5795],[61.2432,-67.5905],[61.2732,-67.5932],[61.6081,-67.5396],[62.1174,-67.5623],[62.2015,-67.5861],[62.3294,-67.5893],[62.4107,-67.6253],[62.4922,-67.6336],[62.6174,-67.6601],[62.689,-67.6472],[62.7708,-67.643],[63.1126,-67.5338],[63.6509,-67.5034],[63.8433,-67.5274],[63.9606,-67.527],[64.4255,-67.5905],[64.4766,-67.6078],[64.5532,-67.6228],[64.6039,-67.6197],[64.721,-67.6531],[66.7249,-67.7919],[66.7734,-67.7731],[66.8643,-67.7864],[67.0055,-67.7589],[67.1289,-67.759],[67.2858,-67.7868],[67.3396,-67.8108],[68.0708,-67.8479],[68.1817,-67.8766],[68.3767,-67.8952],[68.7106,-67.8735],[68.7771,-67.886],[69.1068,-67.8463],[69.1541,-67.8326],[69.19,-67.8111],[69.2077,-67.773],[69.229,-67.7586],[69.3026,-67.7361],[69.3524,-67.7301],[69.5552,-67.7385],[69.611,-67.7506],[69.639,-67.7633],[69.6486,-67.78],[69.6504,-67.8303],[69.6623,-67.8525],[69.683,-67.8644],[69.6323,-67.9386],[69.5955,-68.0431],[69.6018,-68.0699],[69.6348,-68.1222],[69.8137,-68.2853],[69.9977,-68.3797],[70.0091,-68.398],[70.0383,-68.4133],[70.0659,-68.4581],[70.0894,-68.483],[70.1154,-68.4936],[70.1797,-68.4948],[70.0903,-68.5212],[70.054,-68.5198],[69.9702,-68.5617],[69.8942,-68.5807],[69.7938,-68.5738],[69.6633,-68.5789],[69.6316,-68.5886],[69.6722,-68.6003],[69.6004,-68.6101],[69.5731,-68.622],[69.6753,-68.6335],[69.6517,-68.6511],[69.6263,-68.7023],[69.6047,-68.7188],[69.672,-68.7136],[69.6211,-68.7355],[69.436,-68.7824],[69.3613,-68.8131],[69.3063,-68.8214],[69.2813,-68.8313],[69.2712,-68.8507],[69.3083,-68.8497],[69.292,-68.8654],[69.3859,-68.8849],[69.718,-68.8624],[69.8576,-68.8725],[69.8255,-68.895],[69.7121,-68.9381],[69.7691,-68.943],[69.7196,-68.9671],[69.661,-68.9843],[69.3039,-69.0473],[69.3708,-69.0571],[69.3498,-69.0754],[69.3357,-69.0997],[69.3866,-69.102],[69.7264,-69.1697],[69.7601,-69.1978],[69.7616,-69.2464],[69.7401,-69.2961],[69.7056,-69.3273],[69.6045,-69.352],[69.5515,-69.3531],[69.3973,-69.3215],[69.3438,-69.3219],[69.2595,-69.3679],[69.2139,-69.3674],[68.9706,-69.3093],[68.9207,-69.309],[68.8726,-69.3274],[68.8112,-69.3736],[68.742,-69.3893],[68.7785,-69.4083],[68.8617,-69.4339],[68.8977,-69.4547],[68.7471,-69.4924],[68.7334,-69.5026],[68.7334,-69.5509],[68.888,-69.5436],[69.0462,-69.5573],[69.3552,-69.6171],[69.3059,-69.6585],[69.2565,-69.6882],[69.2017,-69.7057],[69.1364,-69.7105],[69.0007,-69.7043],[68.93,-69.7126],[68.8827,-69.7409],[69.0266,-69.7735],[69.174,-69.7862],[69.2069,-69.7979],[69.2048,-69.8232],[69.1553,-69.8757],[69.0222,-69.9485],[68.8926,-69.9938],[68.7581,-70.0183],[68.6063,-70.027],[68.5726,-70.0209],[68.5286,-70.0022],[68.4964,-69.9782],[68.4995,-69.9567],[68.3615,-69.8961],[68.2808,-69.8464],[68.2024,-69.726],[68.177,-69.7197],[68.1476,-69.725],[68.1353,-69.7355],[68.1234,-69.8486],[68.0571,-69.8937],[68.009,-69.9089],[67.9105,-69.9239],[67.9136,-69.9789],[67.8654,-70.002],[67.6055,-70.0148],[67.5713,-70.0245],[67.5584,-70.0396],[67.5662,-70.0966],[67.5064,-70.1159],[67.4819,-70.1364],[67.4758,-70.1642],[67.4787,-70.2018],[67.4675,-70.2083],[67.2246,-70.2526],[67.2179,-70.2628],[67.221,-70.2976],[67.2292,-70.3045],[67.6807,-70.2731],[67.7127,-70.2755],[67.7459,-70.287],[67.7289,-70.3001],[67.6579,-70.3233],[67.6779,-70.3458],[67.7246,-70.3482],[67.7503,-70.3567],[67.7625,-70.3925],[67.7777,-70.3982],[67.8704,-70.3917],[67.8894,-70.4168],[67.9172,-70.4374],[67.9761,-70.4542],[68.0347,-70.4409],[68.0767,-70.4535],[68.0998,-70.4518],[68.1494,-70.4339],[68.3869,-70.4015],[68.4221,-70.402],[68.4439,-70.4123],[68.487,-70.4523],[68.5106,-70.4658],[68.5627,-70.4724],[68.6326,-70.4488],[68.6397,-70.4404],[68.6509,-70.3886],[68.688,-70.3537],[68.7484,-70.3344],[68.9235,-70.3046],[69.1463,-70.3089],[69.168,-70.3166],[69.2484,-70.4069],[69.2575,-70.4316],[69.2565,-70.4611],[69.2293,-70.5639],[69.2054,-70.6931],[69.1921,-70.7109],[69.0793,-70.7773],[69.0998,-70.7932],[69.0916,-70.8121],[69.0291,-70.8557],[69.0176,-70.8737],[69.0163,-70.8945],[69.0266,-70.9186],[69.0077,-70.9421],[68.8543,-71.0248],[68.8965,-71.0362],[68.8099,-71.0797],[68.5874,-71.1495],[68.5479,-71.1809],[68.5905,-71.1982],[68.6697,-71.2037],[68.5223,-71.2477],[68.3391,-71.2575],[68.3191,-71.2644],[68.3123,-71.28],[68.3231,-71.3092],[68.2595,-71.3271],[68.055,-71.3547],[68.0833,-71.3654],[67.9232,-71.4806],[67.8622,-71.5094],[67.8325,-71.5385],[67.8357,-71.5519],[67.8601,-71.5558],[67.8446,-71.5783],[67.8192,-71.5904],[67.8548,-71.603],[67.8942,-71.6037],[67.8791,-71.6301],[67.848,-71.6367],[67.8763,-71.6493],[67.8823,-71.6653],[67.8706,-71.6822],[67.8452,-71.6975],[67.7888,-71.7159],[67.763,-71.7481],[67.7093,-71.7675],[67.5334,-71.7975],[67.5479,-71.8157],[67.5663,-71.8242],[67.6112,-71.8268],[67.4727,-71.8723],[67.4491,-71.8959],[67.4733,-71.905],[67.51,-71.9363],[67.5319,-71.9455],[67.5169,-71.9557],[67.507,-71.9933],[67.4476,-72.0273],[67.4265,-72.0519],[67.3987,-72.0637],[67.3699,-72.072],[67.2839,-72.0717],[67.2622,-72.0812],[67.252,-72.1071],[67.272,-72.1203],[67.3318,-72.1291],[67.3268,-72.1484],[67.3372,-72.1726],[67.3213,-72.1952],[67.3156,-72.2162],[67.3152,-72.2638],[67.3049,-72.3033],[67.3151,-72.3279],[67.2931,-72.3671],[67.2132,-72.4394],[67.2306,-72.4503],[67.2024,-72.4738],[67.1719,-72.5392],[67.0838,-72.634],[67.0903,-72.6803],[67.0788,-72.7197],[67.048,-72.7732],[67.0325,-72.8386],[66.9998,-72.9035],[66.9774,-72.9264],[66.9424,-72.9478],[66.8611,-72.9758],[66.6942,-72.9981],[66.5573,-73.0366],[66.4829,-73.0905],[66.3259,-73.1314],[66.3543,-73.1481],[66.3854,-73.2018],[66.4059,-73.2154],[66.5584,-73.2315],[66.6411,-73.2201],[66.6535,-73.2216],[66.6865,-73.2419],[66.7339,-73.2447],[66.9181,-73.1977],[66.9734,-73.2013],[67.023,-73.2175],[67.1006,-73.1978],[67.1018,-73.2244],[67.0789,-73.2439],[67.0164,-73.2709],[67.05,-73.2846],[67.0877,-73.2833],[67.1633,-73.2659],[67.1657,-73.3017],[67.2232,-73.3124],[67.342,-73.3023],[67.8218,-73.1838],[67.877,-73.1791],[67.9592,-73.1466],[68.0223,-73.1467],[68.0286,-73.116],[68.0557,-73.0571],[68.0443,-73.0314],[68.0899,-73.0138],[68.1028,-73.0006],[68.1174,-72.9527],[68.1077,-72.9291],[68.0823,-72.905],[68.0749,-72.8762],[68.0544,-72.8658],[67.9997,-72.8557],[67.9758,-72.8449],[67.9597,-72.8273],[67.9536,-72.8051],[67.9691,-72.7532],[67.9607,-72.7392],[67.9186,-72.7112],[67.9211,-72.693],[67.948,-72.6741],[68.0148,-72.6467],[68.0412,-72.6244],[68.1235,-72.6022],[68.2019,-72.5893],[68.1782,-72.5768],[68.3328,-72.5075],[68.4136,-72.4816],[68.4943,-72.4749],[68.6218,-72.4822],[68.7085,-72.4981],[68.7523,-72.4936],[69.0422,-72.4203],[69.0838,-72.4163],[69.155,-72.426],[69.3472,-72.4164],[69.5151,-72.4319],[69.4806,-72.463],[69.5176,-72.4695],[69.5593,-72.464],[69.6318,-72.4308],[69.5899,-72.3971],[69.6203,-72.3596],[69.6366,-72.3556],[69.611,-72.3444],[69.6688,-72.3032],[69.7381,-72.282],[69.7974,-72.2755],[69.8446,-72.2548],[69.8625,-72.2522],[69.9309,-72.2656],[69.9505,-72.2581],[69.9402,-72.2198],[69.916,-72.1999],[69.8049,-72.1877],[69.8353,-72.134],[69.8569,-72.1193],[69.8904,-72.1098],[69.9238,-72.113],[69.9541,-72.0772],[70.172,-72.0626],[70.27,-72.072],[70.3648,-72.0546],[70.53,-72.0479],[70.6546,-71.9954],[70.7002,-71.9596],[70.7295,-71.9461],[70.7054,-71.9231],[70.7334,-71.912],[70.6286,-71.9021],[70.5669,-71.8746],[70.4424,-71.8622],[70.4329,-71.8564],[70.4325,-71.839],[70.447,-71.8302],[70.6873,-71.8316],[70.8491,-71.8035],[70.9712,-71.7514],[71.1211,-71.7306],[71.1497,-71.7354],[71.1828,-71.7527],[71.2124,-71.7538],[71.2782,-71.7283],[71.1346,-71.6975],[71.0535,-71.671],[71.0658,-71.6599],[71.0779,-71.6272],[71.0955,-71.6214],[71.1621,-71.6272],[71.219,-71.6075],[71.4105,-71.6393],[71.443,-71.6367],[71.5398,-71.6103],[71.4137,-71.5685],[71.3682,-71.5396],[71.3127,-71.5335],[71.1804,-71.4923],[71.1595,-71.4726],[71.1582,-71.4561],[71.1995,-71.4335],[71.237,-71.3964],[71.2534,-71.388],[71.2244,-71.365],[71.2025,-71.3351],[71.2478,-71.3235],[71.3006,-71.2863],[71.4356,-71.277],[71.4938,-71.2532],[71.5359,-71.2455],[71.5261,-71.2268],[71.5558,-71.2159],[71.5339,-71.2044],[71.4295,-71.2004],[71.3416,-71.1821],[71.3607,-71.157],[71.3923,-71.1508],[71.3952,-71.1181],[71.5418,-70.9601],[71.5838,-70.9511],[71.686,-70.9537],[71.6524,-70.9122],[71.6981,-70.9085],[71.7144,-70.8906],[71.7489,-70.8749],[71.7993,-70.8766],[71.8276,-70.8668],[71.8482,-70.8447],[71.8594,-70.8097],[71.7813,-70.8],[71.7268,-70.774],[71.7962,-70.7164],[71.8215,-70.7042],[71.9401,-70.6887],[71.9995,-70.6627],[72.0437,-70.6645],[72.1555,-70.7048],[72.1484,-70.6674],[72.1922,-70.6529],[72.2528,-70.6555],[72.2961,-70.6699],[72.346,-70.6755],[72.4025,-70.6461],[72.4411,-70.6038],[72.4373,-70.5701],[72.495,-70.5574],[72.4774,-70.5463],[72.6121,-70.5117],[72.6188,-70.506],[72.6265,-70.4773],[72.6458,-70.4675],[72.7655,-70.4692],[72.8528,-70.4448],[72.8696,-70.4334],[72.8662,-70.4159],[72.844,-70.3894],[72.8215,-70.3788],[72.8128,-70.3482],[72.78,-70.3113],[72.6943,-70.2633],[72.6275,-70.1946],[72.6257,-70.1791],[72.6395,-70.1603],[72.6978,-70.1222],[72.729,-70.1091],[72.7484,-70.081],[72.7663,-70.069],[72.8792,-70.0403],[72.9064,-70.027],[72.9695,-70.0255],[73.0086,-69.999],[73.0562,-70.0146],[73.1094,-69.9824],[73.1584,-69.9937],[73.2307,-69.9789],[73.208,-69.9425],[73.2332,-69.9103],[73.2489,-69.8586],[73.3677,-69.8298],[73.4055,-69.7975],[73.439,-69.7952],[73.473,-69.7809],[73.5139,-69.8033],[73.5606,-69.8063],[73.5804,-69.8155],[73.6089,-69.8513],[73.6291,-69.8582],[73.7048,-69.8625],[73.8128,-69.8027],[73.884,-69.7459],[73.928,-69.7299],[73.9865,-69.7189],[74.0749,-69.7127],[74.2352,-69.7376],[74.2533,-69.7656],[74.3169,-69.8068],[74.3283,-69.8198],[74.3226,-69.838],[74.2746,-69.9074],[74.3027,-69.9196],[74.4032,-69.8974],[74.4123,-69.9279],[74.4671,-69.9252],[74.575,-69.8936],[74.6702,-69.8484],[74.7175,-69.8354],[74.772,-69.8421],[74.7202,-69.8801],[74.7522,-69.902],[74.7759,-69.9089],[74.8672,-69.8686],[74.904,-69.8581],[74.9402,-69.8567],[74.972,-69.8683],[75.0607,-69.9301],[75.0911,-69.9371],[75.1235,-69.9245],[75.1799,-69.8774],[75.2173,-69.8679],[75.2106,-69.8412],[75.2241,-69.8225],[75.2489,-69.8123],[75.2752,-69.8105],[75.3016,-69.818],[75.3179,-69.8325],[75.3421,-69.8801],[75.3862,-69.8927],[75.4027,-69.9352],[75.4168,-69.942],[75.4382,-69.9374],[75.5565,-69.8932],[75.6029,-69.895],[75.6382,-69.8684],[75.718,-69.8498],[75.7606,-69.8317],[75.814,-69.8349],[75.8833,-69.7789],[75.9163,-69.7828],[75.8353,-69.7306],[75.822,-69.7164],[75.7986,-69.6612],[75.7774,-69.6353],[75.7539,-69.6218],[75.7995,-69.5968],[75.808,-69.5672],[75.8255,-69.5607],[75.794,-69.5496],[75.8205,-69.5251],[75.9312,-69.5261],[75.973,-69.4899],[76.0799,-69.4687],[76.2157,-69.4207],[76.3782,-69.4054],[76.3572,-69.4496],[76.3606,-69.4672],[76.3845,-69.4778],[76.406,-69.475],[76.4578,-69.4505],[76.5178,-69.404],[76.5596,-69.3803],[76.6052,-69.3652],[76.7332,-69.3508],[76.7835,-69.3635],[76.8096,-69.3606],[76.8324,-69.3463],[76.8275,-69.2897],[76.8683,-69.2748],[76.9613,-69.276],[76.9866,-69.2595],[76.9612,-69.2394],[77.0005,-69.2117],[77.0635,-69.2018],[77.238,-69.2038],[77.3187,-69.1829],[77.4317,-69.1847],[77.4707,-69.2057],[77.5332,-69.1799],[77.8416,-69.1301],[77.8268,-69.1117],[77.8235,-69.0966],[77.8313,-69.0832],[77.889,-69.0458],[77.9226,-69.0076],[77.9485,-69.0012],[78.044,-69.0026],[77.9478,-68.9776],[77.9841,-68.9428],[78.0319,-68.9251],[77.9362,-68.9197],[77.9436,-68.8987],[77.9396,-68.8561],[77.9856,-68.8201],[78.1187,-68.7639],[78.1429,-68.759],[78.3508,-68.752],[78.4441,-68.7192],[78.6699,-68.6985],[78.6265,-68.6705],[78.5715,-68.6545],[78.4583,-68.6501],[78.5316,-68.6148],[78.5446,-68.601],[78.5425,-68.5921],[78.5161,-68.5672],[78.5115,-68.5519],[78.5161,-68.5185],[78.5267,-68.5063],[78.4963,-68.4988],[78.4644,-68.5016],[78.4617,-68.4855],[78.4673,-68.4765],[78.5015,-68.4606],[78.5112,-68.4251],[78.5599,-68.3647],[78.604,-68.3488],[78.7466,-68.2625],[79.1314,-68.1477],[79.7571,-68.0382],[79.867,-68.0319],[80.7371,-67.8847],[80.7949,-67.882],[80.8762,-67.8923],[81.5095,-67.7737],[81.5687,-67.7734],[81.8767,-67.7001],[81.9302,-67.7092],[81.9981,-67.6847],[82.0594,-67.6718],[82.1218,-67.6696],[82.2359,-67.6894],[82.2788,-67.7102],[82.313,-67.7005],[82.362,-67.7042],[82.3963,-67.6723],[82.4231,-67.6585],[82.5442,-67.6223],[82.5862,-67.6034],[82.6701,-67.6096],[82.7815,-67.5986],[82.8076,-67.6032],[82.8773,-67.6357],[82.905,-67.6368],[82.9959,-67.6096],[83.0296,-67.6057],[83.1061,-67.6106],[83.16,-67.5886],[83.2153,-67.579],[83.2959,-67.5963],[83.3626,-67.6354],[83.3887,-67.6442],[83.4727,-67.6578],[83.616,-67.6384],[83.6276,-67.6325],[83.6564,-67.5935],[83.5818,-67.5709],[83.502,-67.5655],[83.4309,-67.5456],[83.3826,-67.4796],[83.3867,-67.4465],[83.4168,-67.4282],[83.5847,-67.3989],[83.6233,-67.3834],[83.6768,-67.3294],[83.7241,-67.3137],[84.1016,-67.2619],[84.2497,-67.2241],[84.3054,-67.1817],[84.4141,-67.1238],[84.4915,-67.1101],[84.5967,-67.1124],[84.9622,-67.0761],[85.0703,-67.0886],[85.0156,-67.129],[85.0949,-67.1261],[85.167,-67.1591],[85.3118,-67.1687],[85.419,-67.1904],[85.4429,-67.1894],[85.4875,-67.1716],[85.6165,-67.1882],[85.6973,-67.1651],[85.7788,-67.1622],[85.8801,-67.1378],[85.9256,-67.0947],[86.0194,-67.0696],[86.0671,-67.0409],[86.1228,-67.0375],[86.2351,-67.0483],[86.5583,-67.0281],[86.5872,-67.0339],[86.6438,-67.0583],[86.6968,-67.0639],[86.9163,-67.0118],[87.0132,-66.965],[87.1087,-66.9333],[87.4753,-66.874],[87.582,-66.8425],[87.6986,-66.8237],[87.8177,-66.8243],[87.8447,-66.819],[87.9143,-66.7839],[87.9657,-66.7703],[88.1351,-66.7726],[88.1633,-66.7779],[88.2075,-66.7997],[88.2302,-66.8539],[88.2512,-66.8596],[88.3343,-66.8463],[88.4412,-66.8412],[88.611,-66.7968],[88.6844,-66.7952],[88.7347,-66.7849],[88.8931,-66.8095],[89.0034,-66.7883],[89.0352,-66.7887],[89.1288,-66.8095],[89.1877,-66.8129],[89.3053,-66.8058],[89.3646,-66.8122],[89.4758,-66.8416],[89.5999,-66.846],[89.6543,-66.8404],[89.759,-66.8012],[89.8107,-66.7888],[89.8859,-66.787],[89.9409,-66.7939],[90.0876,-66.7702],[90.1489,-66.7712],[90.2096,-66.78],[90.277,-66.8014],[90.3352,-66.8012],[90.3723,-66.8207],[90.3987,-66.8196],[90.4271,-66.8004],[90.471,-66.7537],[90.4917,-66.7429],[90.5444,-66.7441],[90.6738,-66.7052],[90.7224,-66.7062],[90.8013,-66.6734],[91.0034,-66.6139],[91.0861,-66.5781],[91.1452,-66.5738],[91.3794,-66.6003],[91.4368,-66.596],[91.6423,-66.5582],[91.6968,-66.5373],[91.7817,-66.5379],[91.9601,-66.4982],[92.0653,-66.5144],[92.168,-66.5117],[92.217,-66.5203],[92.3698,-66.595],[92.4227,-66.6023],[92.5068,-66.5976],[92.6442,-66.6262],[92.7603,-66.6339],[92.8748,-66.6127],[92.9722,-66.5742],[93.0213,-66.5622],[93.0745,-66.5654],[93.1857,-66.5895],[93.2962,-66.5803],[93.4583,-66.587],[93.5676,-66.5794],[93.6235,-66.5826],[93.7312,-66.6043],[93.7113,-66.6325],[93.6834,-66.6518],[93.7056,-66.6681],[93.6911,-66.6829],[93.7005,-66.7062],[93.7393,-66.7472],[93.8879,-66.6867],[93.915,-66.6857],[93.9612,-66.7045],[93.9692,-66.72],[93.9483,-66.7343],[94.0781,-66.7179],[94.0951,-66.7123],[94.1201,-66.6782],[94.131,-66.6734],[94.2954,-66.6534],[94.426,-66.6217],[94.491,-66.5698],[94.5451,-66.5431],[94.7039,-66.5128],[94.7857,-66.507],[94.9172,-66.4754],[94.9556,-66.488],[95.0212,-66.4926],[95.0959,-66.5143],[95.1747,-66.5073],[95.2268,-66.5112],[95.2787,-66.5271],[95.3211,-66.5567],[95.3451,-66.6008],[95.3451,-66.6373],[95.4932,-66.654],[95.5213,-66.6515],[95.4819,-66.7082],[95.4968,-66.7003],[95.5562,-66.7106],[95.637,-66.6791],[95.6994,-66.6749],[95.8259,-66.65],[95.9502,-66.6575],[96.0042,-66.6301],[96.056,-66.5944],[96.1087,-66.5701],[96.1346,-66.5733],[96.1805,-66.6059],[96.2072,-66.6135],[96.2922,-66.5953],[96.4074,-66.5838],[96.5535,-66.6153],[96.6104,-66.6148],[96.9741,-66.5084],[97.0807,-66.4923],[97.2352,-66.508],[97.2556,-66.5165],[97.3371,-66.5813],[97.4177,-66.5673],[97.4388,-66.572],[97.4519,-66.611],[97.4818,-66.635],[97.6027,-66.6453],[97.672,-66.6772],[97.6953,-66.6786],[97.7406,-66.6583],[97.8044,-66.5914],[97.8401,-66.5661],[97.8855,-66.5553],[97.9774,-66.5471],[98.0691,-66.5082],[98.167,-66.4841],[98.2478,-66.4479],[98.5276,-66.449],[98.5371,-66.4544],[98.5536,-66.4736],[98.5754,-66.486],[98.5425,-66.5535],[98.52,-66.5841],[98.4907,-66.6038],[98.5398,-66.6227],[98.6233,-66.6093],[98.9137,-66.5046],[98.9943,-66.492],[99.0693,-66.4899],[99.0532,-66.5252],[99.0073,-66.5529],[98.7165,-66.6428],[98.7733,-66.6574],[98.8176,-66.7283],[98.7053,-66.7743],[98.7759,-66.7988],[98.7864,-66.8785],[98.8025,-66.9006],[98.8262,-66.9099],[98.8565,-66.9042],[98.8845,-66.8827],[98.8713,-66.8362],[98.8797,-66.8073],[98.905,-66.7833],[98.9914,-66.7243],[99.0173,-66.6945],[99.0493,-66.6987],[99.1076,-66.7433],[99.1694,-66.7531],[99.1825,-66.7263],[99.1992,-66.7101],[99.2317,-66.7013],[99.3472,-66.6988],[99.4028,-66.6628],[99.4225,-66.6622],[99.4229,-66.6187],[99.4685,-66.5823],[99.5296,-66.5574],[99.5762,-66.5485],[99.5453,-66.596],[99.5363,-66.6222],[99.5396,-66.6482],[99.5602,-66.6721],[99.584,-66.669],[99.6784,-66.5922],[99.8071,-66.5528],[99.9232,-66.4997],[99.9854,-66.5003],[100.0365,-66.4907],[100.0855,-66.4952],[100.1813,-66.4548],[100.2298,-66.4505],[100.2796,-66.4311],[100.3083,-66.4326],[100.3228,-66.4492],[100.3123,-66.4836],[100.3345,-66.4822],[100.4214,-66.4531],[100.447,-66.4557],[100.4663,-66.4714],[100.5,-66.5187],[100.5304,-66.4931],[100.5663,-66.4767],[100.6439,-66.4577],[100.6189,-66.4482],[100.528,-66.4514],[100.5672,-66.4246],[100.4706,-66.3974],[100.855,-66.3797],[101.0715,-66.267],[101.1223,-66.2193],[101.1426,-66.1769],[101.2196,-66.1679],[101.2658,-66.1469],[101.3062,-66.1002],[101.3311,-66.0839],[101.4401,-66.0689],[101.4762,-66.0584],[101.1687,-66.0295],[101.2278,-66.0146],[101.2082,-66.0025],[101.1848,-66.0001],[101.3364,-65.944],[101.5742,-65.949],[101.6831,-65.9672],[102.3379,-65.9513],[102.5111,-65.8912],[102.5999,-65.871],[102.7137,-65.8613],[102.9107,-65.8793],[102.9671,-65.8776],[103.051,-65.8888],[103.0658,-65.893],[103.0851,-65.9249],[103.1455,-65.9162],[103.2013,-65.9284],[103.306,-65.9282],[103.3491,-65.9499],[103.4136,-65.9575],[103.5599,-66.0022],[103.6105,-66.0099],[103.6406,-66.008],[103.7593,-65.977],[103.9082,-65.9788],[104.416,-66.0607],[104.5733,-66.131],[104.6302,-66.1412],[104.863,-66.143],[105.2905,-66.2161],[105.3508,-66.2086],[105.4055,-66.2307],[105.448,-66.2326],[105.4985,-66.2599],[106.3026,-66.38],[106.3231,-66.3889],[106.325,-66.4208],[106.3323,-66.4309],[106.3457,-66.4334],[106.4104,-66.4016],[106.5986,-66.4142],[106.6443,-66.4264],[106.6987,-66.4703],[106.7678,-66.4557],[107.117,-66.4626],[107.3328,-66.4983],[107.4343,-66.5285],[107.7791,-66.5517],[107.8465,-66.5929],[107.8699,-66.6139],[107.8792,-66.6331],[107.867,-66.6528],[107.7649,-66.694],[107.7019,-66.7377],[107.7139,-66.7566],[107.7098,-66.8476],[107.7378,-66.8359],[107.793,-66.7921],[107.8254,-66.7921],[107.8591,-66.7468],[107.8856,-66.7277],[108.0432,-66.679],[108.1358,-66.6248],[108.1651,-66.6214],[108.207,-66.6267],[108.2022,-66.6534],[108.2131,-66.6707],[108.2529,-66.697],[108.2982,-66.7564],[108.3234,-66.7663],[108.4019,-66.7656],[108.4766,-66.7946],[108.5764,-66.8058],[108.6219,-66.818],[108.6619,-66.8422],[108.6963,-66.883],[108.7139,-66.9274],[108.8328,-66.968],[108.8587,-66.9714],[108.9505,-66.9509],[108.9971,-66.9514],[109.0013,-66.929],[109.125,-66.8847],[109.1496,-66.8853],[109.2235,-66.9047],[109.293,-66.9006],[109.3858,-66.9327],[109.6099,-66.9197],[109.5863,-66.8922],[109.6192,-66.877],[109.8478,-66.8544],[109.8052,-66.8293],[109.9055,-66.8077],[109.8822,-66.7992],[110.0998,-66.766],[110.1561,-66.748],[110.2539,-66.697],[110.4177,-66.6559],[110.5032,-66.6716],[110.6305,-66.7258],[110.6574,-66.728],[110.7442,-66.7145],[110.7336,-66.6957],[110.7153,-66.6835],[110.6726,-66.6677],[110.7054,-66.6246],[110.6711,-66.6121],[110.6512,-66.5939],[110.6448,-66.568],[110.6507,-66.5319],[110.6019,-66.5295],[110.6887,-66.489],[110.7051,-66.4723],[110.7103,-66.4262],[110.7249,-66.4054],[110.636,-66.385],[110.5801,-66.3557],[110.5264,-66.3473],[110.489,-66.3088],[110.5487,-66.2751],[110.5999,-66.2278],[110.6233,-66.217],[110.6841,-66.2106],[110.7073,-66.194],[110.7119,-66.1578],[110.7224,-66.148],[110.9271,-66.0546],[111.0142,-66.0439],[111.6156,-65.9329],[111.8474,-65.9347],[112.7654,-65.8259],[112.8787,-65.7984],[113.2036,-65.7654],[113.2222,-65.7726],[113.2534,-65.8151],[113.2756,-65.8321],[113.3062,-65.8424],[113.4236,-65.8601],[113.5283,-65.8966],[113.6626,-65.9151],[113.7756,-65.9485],[113.8948,-66.0217],[114.0037,-66.0613],[114.0877,-66.0758],[114.135,-66.1183],[114.1614,-66.1284],[114.2238,-66.1266],[114.2546,-66.1344],[114.2908,-66.1799],[114.3403,-66.1877],[114.3777,-66.2089],[114.4158,-66.2171],[114.4299,-66.226],[114.4067,-66.2359],[114.4014,-66.2735],[114.3877,-66.2898],[114.3387,-66.3141],[114.3206,-66.3311],[114.3094,-66.357],[114.3337,-66.3518],[114.416,-66.3679],[114.388,-66.3824],[114.4295,-66.4018],[114.4082,-66.4196],[114.4834,-66.4152],[114.3519,-66.4777],[114.3224,-66.509],[114.6747,-66.4788],[114.7663,-66.4938],[114.812,-66.4952],[114.8963,-66.4724],[115.0394,-66.4827],[115.1135,-66.4781],[115.1716,-66.5187],[115.1939,-66.5252],[115.2651,-66.5326],[115.3496,-66.5558],[115.4346,-66.5592],[115.599,-66.5929],[115.6494,-66.6145],[115.6819,-66.6428],[115.669,-66.6734],[115.7083,-66.7057],[115.7092,-66.7319],[115.7424,-66.7467],[115.7808,-66.7883],[115.6941,-66.8608],[115.5974,-66.9195],[115.3874,-67.0038],[115.1602,-67.054],[114.7654,-67.0717],[114.5982,-67.1174],[114.4821,-67.131],[114.398,-67.1225],[114.0301,-67.1907],[114.0046,-67.2027],[113.9053,-67.2834],[113.8789,-67.2983],[113.8164,-67.3183],[113.8849,-67.33],[113.8684,-67.3622],[113.8359,-67.379],[113.7614,-67.3951],[113.7146,-67.4286],[113.6599,-67.4519],[113.6467,-67.4643],[113.6465,-67.4836],[113.6663,-67.4816],[113.7044,-67.5002],[113.8123,-67.4837],[113.9001,-67.4904],[114.0315,-67.4784],[114.6701,-67.3434],[114.6026,-67.3937],[114.5825,-67.4162],[114.6257,-67.4275],[114.669,-67.4242],[114.7756,-67.3971],[114.7908,-67.3753],[114.812,-67.367],[115.064,-67.3283],[115.2122,-67.3259],[115.2542,-67.3131],[115.2079,-67.2909],[115.241,-67.2582],[115.2869,-67.2335],[115.3379,-67.2195],[115.5285,-67.2238],[115.5889,-67.2114],[115.6719,-67.2096],[115.7236,-67.2013],[115.7767,-67.1816],[115.7997,-67.1812],[115.8196,-67.2213],[115.8475,-67.225],[115.9655,-67.1993],[115.9839,-67.186],[115.9973,-67.156],[116.0138,-67.1445],[116.0773,-67.1506],[116.1294,-67.1696],[116.157,-67.1651],[116.1803,-67.1497],[116.2146,-67.1043],[116.2326,-67.096],[116.2531,-67.1005],[116.3333,-67.1492],[116.3589,-67.1497],[116.5,-67.1243],[116.5313,-67.1132],[116.5853,-67.0807],[116.6926,-67.044],[116.7969,-66.9885],[116.9429,-66.9482],[116.9419,-66.976],[116.9032,-67.0618],[116.8625,-67.1015],[116.8538,-67.1227],[116.8831,-67.1368],[116.9934,-67.1456],[117.0911,-67.1308],[117.1555,-67.1316],[117.2953,-67.1069],[117.4624,-67.1078],[117.5449,-67.0832],[117.5873,-67.1148],[117.6452,-67.1244],[117.6683,-67.1362],[117.6865,-67.1653],[117.7141,-67.1718],[117.9143,-67.0831],[118.3679,-67.0465],[118.4281,-67.0318],[118.3807,-67.0901],[118.2532,-67.1477],[118.2824,-67.1552],[118.2899,-67.1655],[118.2901,-67.1816],[118.4245,-67.1584],[118.46,-67.1843],[118.5027,-67.1699],[118.6048,-67.1632],[118.679,-67.1795],[118.7798,-67.1661],[118.8685,-67.1869],[118.8812,-67.1839],[118.8804,-67.1625],[119.1498,-67.1164],[119.1815,-67.1139],[119.2668,-67.1297],[119.3284,-67.1276],[119.4383,-67.0953],[119.5983,-67.0771],[119.672,-67.0471],[119.9616,-67.0133],[120.0179,-66.9926],[120.3517,-66.9348],[120.4016,-66.945],[120.446,-66.9777],[120.3413,-67.0124],[118.7322,-67.2789],[118.7896,-67.2893],[118.7689,-67.3139],[118.8137,-67.3518],[118.8276,-67.3562],[118.9028,-67.3525],[118.8919,-67.3727],[118.9624,-67.3805],[118.8905,-67.4197],[118.9567,-67.4225],[119.0222,-67.4118],[119.1032,-67.3829],[119.1288,-67.3821],[119.1487,-67.3937],[119.1651,-67.3954],[119.2962,-67.36],[119.4435,-67.3644],[119.7274,-67.317],[119.8025,-67.3234],[119.9319,-67.2914],[120.4993,-67.2331],[120.554,-67.2158],[120.6162,-67.2083],[120.9207,-67.1315],[121.0378,-67.142],[121.4046,-67.0883],[121.5153,-67.0929],[121.6631,-67.0505],[121.7013,-67.0512],[121.7754,-67.0299],[121.7687,-67.0066],[121.7969,-67.008],[121.8201,-67.0239],[121.8508,-67.0159],[121.8643,-67.0187],[121.8523,-66.9946],[121.815,-66.9924],[121.8019,-66.9753],[121.9378,-66.9176],[122.082,-66.8918],[122.1885,-66.8551],[122.2444,-66.845],[122.4365,-66.8321],[122.5205,-66.8108],[122.6106,-66.8102],[123.1499,-66.7332],[123.2092,-66.735],[123.3276,-66.7512],[123.5161,-66.7541],[123.5579,-66.7486],[123.6637,-66.705],[123.6935,-66.6842],[123.7132,-66.658],[123.7303,-66.6503],[123.9315,-66.6082],[123.9624,-66.6101],[123.9816,-66.5968],[124.0151,-66.5888],[124.0487,-66.5987],[124.0195,-66.6132],[124.0366,-66.6144],[124.1035,-66.5886],[124.2605,-66.595],[124.2612,-66.6232],[124.2839,-66.6363],[124.3652,-66.6518],[124.3713,-66.6584],[124.3693,-66.6852],[124.3402,-66.7179],[124.4136,-66.7123],[124.4554,-66.7209],[124.4714,-66.7172],[124.4566,-66.7399],[124.5139,-66.7314],[124.5718,-66.7341],[124.5972,-66.7272],[124.6228,-66.7564],[124.6374,-66.7631],[124.6712,-66.7657],[124.7168,-66.7592],[124.8059,-66.7278],[124.8252,-66.6977],[124.8457,-66.696],[124.863,-66.7131],[124.8778,-66.7159],[125.0248,-66.6795],[125.1481,-66.6596],[125.2248,-66.6122],[125.2659,-66.5395],[125.2896,-66.5237],[125.3201,-66.517],[125.3347,-66.4489],[125.4104,-66.4177],[125.7048,-66.3914],[125.77,-66.3581],[125.8978,-66.3062],[125.9406,-66.3023],[125.9585,-66.3051],[126.0031,-66.331],[126.0676,-66.3399],[126.0938,-66.361],[126.1082,-66.395],[126.1164,-66.4391],[126.176,-66.47],[126.2151,-66.4534],[126.2585,-66.4482],[126.2972,-66.4535],[126.3284,-66.4699],[126.3328,-66.4881],[126.2913,-66.4991],[126.354,-66.5532],[126.3723,-66.5616],[126.3926,-66.5527],[126.4024,-66.527],[126.4087,-66.4679],[126.3999,-66.3889],[126.4031,-66.372],[126.4304,-66.3547],[126.5144,-66.3727],[126.4905,-66.423],[126.5005,-66.4304],[126.5531,-66.443],[126.5809,-66.4405],[126.6488,-66.4103],[126.7061,-66.4047],[126.6675,-66.4221],[126.6846,-66.443],[126.7039,-66.4456],[126.75,-66.4347],[126.7767,-66.435],[126.8543,-66.4493],[126.822,-66.4863],[126.7666,-66.5027],[126.7487,-66.5221],[126.7512,-66.5544],[126.7395,-66.5769],[126.7189,-66.5929],[126.6184,-66.6194],[126.5695,-66.6658],[126.7041,-66.6413],[126.7659,-66.6524],[126.8192,-66.6913],[126.7967,-66.7158],[126.715,-66.7392],[126.6805,-66.7569],[126.6646,-66.8167],[126.6657,-66.8318],[126.6821,-66.8454],[126.9683,-66.8079],[127.0628,-66.8487],[127.0357,-66.8951],[126.9987,-66.9328],[127.0829,-66.9563],[127.0588,-66.9833],[127.0567,-67.0287],[127.0444,-67.05],[127.0452,-67.0574],[127.0715,-67.0734],[127.0646,-67.1247],[127.0814,-67.1354],[127.0989,-67.1337],[127.1123,-67.1244],[127.1494,-67.0808],[127.157,-67.068],[127.1546,-67.0203],[127.1846,-66.9885],[127.3636,-66.9311],[127.3342,-66.9816],[127.3674,-66.9983],[127.361,-67.0439],[127.4011,-67.0676],[127.4324,-67.0704],[127.6155,-67.049],[127.6945,-67.0567],[127.8364,-67.0212],[127.8657,-67.0198],[127.9226,-67.0291],[128.0746,-67.0224],[128.0881,-67.0357],[128.1094,-67.0832],[128.1639,-67.1013],[128.1853,-67.1042],[128.2959,-67.0743],[128.3309,-67.0719],[128.3571,-67.0784],[128.3822,-67.1179],[128.4929,-67.1443],[128.5205,-67.1458],[128.625,-67.1232],[128.683,-67.1187],[128.7074,-67.1083],[128.7243,-67.089],[128.7331,-67.0592],[128.7635,-67.0258],[128.8239,-67.0343],[129.0129,-67.1117],[129.0369,-67.1555],[129.0646,-67.1744],[129.0996,-67.1677],[129.2026,-67.1004],[129.2112,-67.0925],[129.2222,-67.0502],[129.2466,-67.0242],[129.2728,-67.0074],[129.4341,-66.9672],[129.4445,-66.9592],[129.4364,-66.9277],[129.3846,-66.8779],[129.3929,-66.8581],[129.4937,-66.8154],[129.5269,-66.7751],[129.5759,-66.7502],[129.5847,-66.7292],[129.5496,-66.7188],[129.469,-66.7175],[129.4746,-66.691],[129.5088,-66.6525],[129.5326,-66.6144],[129.6379,-66.5746],[129.7105,-66.5152],[129.7254,-66.4877],[129.731,-66.4592],[129.7217,-66.4382],[129.802,-66.406],[129.8767,-66.3624],[129.9142,-66.3515],[130.009,-66.3461],[130.0352,-66.331],[130.0643,-66.294],[130.1027,-66.2768],[130.2361,-66.2607],[130.2918,-66.28],[130.3484,-66.2657],[130.3425,-66.2952],[130.4623,-66.252],[130.53,-66.2416],[130.5628,-66.2617],[130.5808,-66.2419],[130.604,-66.197],[130.7048,-66.1496],[130.73,-66.1471],[130.8716,-66.1833],[131.021,-66.1871],[131.0989,-66.2013],[131.1572,-66.1952],[131.1848,-66.1992],[131.2302,-66.2301],[131.2693,-66.238],[131.3384,-66.238],[131.3945,-66.2117],[131.7578,-66.2433],[132.0503,-66.2171],[132.1478,-66.1782],[132.4783,-66.1506],[132.6067,-66.1865],[132.8269,-66.1904],[133.0164,-66.1454],[133.0913,-66.1054],[133.1204,-66.0968],[133.2756,-66.0802],[133.5007,-66.0833],[133.6071,-66.1082],[133.7923,-66.1054],[133.8543,-66.1275],[133.9105,-66.184],[133.9623,-66.1982],[134.0151,-66.1955],[134.0759,-66.2174],[134.127,-66.2271],[134.1489,-66.2372],[134.1911,-66.2795],[134.2331,-66.2747],[134.2595,-66.2796],[134.2715,-66.3061],[134.2908,-66.3189],[134.3766,-66.3064],[134.4265,-66.3115],[134.4388,-66.3292],[134.4206,-66.3432],[134.3462,-66.367],[134.2612,-66.4129],[134.2298,-66.442],[134.1094,-66.5046],[134.1641,-66.5128],[134.339,-66.4831],[134.2988,-66.5173],[134.3501,-66.52],[134.4207,-66.4965],[134.7668,-66.3377],[134.7393,-66.3673],[134.8737,-66.357],[134.9358,-66.3417],[134.9575,-66.3434],[135.0106,-66.3654],[135.0355,-66.3647],[135.1785,-66.3315],[135.1785,-66.2747],[135.1665,-66.2613],[135.2284,-66.2472],[135.2976,-66.2158],[135.3024,-66.1627],[135.3193,-66.1266],[135.343,-66.1007],[135.4943,-66.1147],[135.5039,-66.1386],[135.5383,-66.175],[135.5681,-66.19],[135.6116,-66.2452],[135.6473,-66.2781],[135.6497,-66.3007],[135.6296,-66.3474],[135.6663,-66.3543],[135.7564,-66.276],[135.8088,-66.2677],[135.841,-66.2791],[135.9271,-66.2569],[135.9968,-66.2592],[136.0838,-66.2376],[136.1284,-66.2355],[136.1595,-66.2454],[136.2844,-66.3166],[136.3521,-66.3681],[136.3885,-66.3797],[136.5112,-66.3954],[136.5447,-66.4098],[136.5598,-66.4225],[136.5809,-66.4733],[136.6567,-66.5408],[136.6716,-66.5406],[136.7062,-66.5129],[136.7319,-66.4772],[136.6365,-66.4565],[136.6563,-66.4001],[136.6896,-66.3664],[136.736,-66.3487],[136.9446,-66.3282],[137.4149,-66.3503],[137.4579,-66.3448],[137.5015,-66.3654],[137.6691,-66.3777],[137.7206,-66.3681],[137.7676,-66.4031],[137.8464,-66.4156],[137.9114,-66.4423],[137.9339,-66.461],[138.0187,-66.4885],[138.1416,-66.4987],[138.1629,-66.5253],[138.1843,-66.5383],[138.1333,-66.624],[138.18,-66.6158],[138.221,-66.6008],[138.2993,-66.5532],[138.333,-66.54],[138.3781,-66.5335],[138.6071,-66.5417],[138.6414,-66.5229],[138.6696,-66.5519],[138.7321,-66.5696],[138.7736,-66.5626],[138.9264,-66.5562],[138.9686,-66.5598],[139.0296,-66.5759],[139.0912,-66.5666],[139.1769,-66.5712],[139.2517,-66.5672],[139.4549,-66.594],[139.4417,-66.6233],[139.4525,-66.6419],[139.4774,-66.6506],[139.507,-66.6503],[139.5903,-66.6256],[139.6776,-66.6305],[139.777,-66.6702],[139.867,-66.6918],[139.8919,-66.7216],[139.8416,-66.7503],[139.8237,-66.7716],[139.8228,-66.797],[139.9155,-66.7576],[139.9655,-66.7519],[140.0217,-66.7745],[140.0816,-66.7332],[140.1102,-66.7292],[140.2845,-66.7291],[140.3357,-66.7472],[140.3848,-66.787],[140.4108,-66.7675],[140.4172,-66.7532],[140.4147,-66.7372],[140.4627,-66.7267],[140.5174,-66.725],[140.6955,-66.7492],[140.9016,-66.753],[141.0037,-66.7673],[141.281,-66.8615],[141.2966,-66.8538],[141.3057,-66.8274],[141.3621,-66.8395],[141.4446,-66.8124],[141.5781,-66.78],[141.9817,-66.8],[142.0928,-66.8274],[142.1987,-66.8759],[142.2678,-66.9484],[142.2964,-66.9501],[142.319,-66.9695],[142.3565,-66.9778],[142.4154,-67.0143],[142.4771,-67.026],[142.822,-67.0197],[142.881,-67.0087],[142.9988,-66.9621],[143.4707,-66.8456],[143.5083,-66.8447],[143.7508,-66.8803],[143.8236,-66.9011],[143.861,-66.9197],[143.8762,-66.9404],[143.8635,-66.9959],[143.8652,-67.0139],[143.8872,-67.0514],[143.8786,-67.0737],[143.8553,-67.0942],[143.7811,-67.1207],[143.7515,-67.1394],[144.0691,-67.0862],[144.0757,-67.0922],[144.0886,-67.1537],[144.1008,-67.1716],[144.1148,-67.1774],[144.1271,-67.1611],[144.1546,-67.0733],[144.1849,-67.0447],[144.2268,-67.0237],[144.3156,-67.0027],[144.4143,-67.0012],[144.5125,-67.0157],[144.6455,-67.0954],[144.6624,-67.1166],[144.6301,-67.1606],[144.5969,-67.1856],[144.556,-67.196],[144.501,-67.1967],[144.3626,-67.1628],[144.3215,-67.1716],[144.3586,-67.2073],[144.4373,-67.2076],[144.5142,-67.2346],[144.4756,-67.2807],[144.4465,-67.3338],[144.3765,-67.3653],[144.301,-67.4174],[144.2752,-67.4213],[144.2481,-67.4138],[144.2018,-67.3639],[144.1771,-67.3471],[144.1497,-67.3611],[144.1436,-67.3741],[144.1463,-67.3928],[144.1371,-67.407],[144.0857,-67.4247],[144.0845,-67.4455],[144.0916,-67.4508],[144.1375,-67.4575],[144.1646,-67.4784],[144.1646,-67.5261],[144.1919,-67.5812],[144.1897,-67.5956],[144.1444,-67.6457],[144.1194,-67.6642],[144.0491,-67.6982],[143.9837,-67.7166],[143.9092,-67.7561],[143.8801,-67.781],[143.8567,-67.8119],[143.8406,-67.8473],[143.9548,-67.8333],[143.9202,-67.8497],[143.9116,-67.861],[143.9118,-67.8925],[143.8807,-67.9339],[143.9526,-67.9459],[144.0203,-67.9357],[144.1559,-67.8855],[144.1406,-67.9184],[144.1385,-67.9534],[144.1858,-67.9399],[144.2068,-67.9402],[144.2487,-67.9544],[144.3517,-67.9],[144.4258,-67.8249],[144.4691,-67.7944],[144.5558,-67.7613],[144.6018,-67.7512],[144.6473,-67.7477],[144.8094,-67.755],[144.8633,-67.7497],[144.905,-67.7377],[144.9421,-67.7189],[145.0544,-67.6352],[145.2381,-67.5283],[145.2798,-67.5157],[145.4214,-67.5092],[145.4443,-67.5148],[145.4842,-67.5764],[145.4889,-67.5966],[145.4815,-67.6235],[145.5296,-67.641],[145.5366,-67.6513],[145.5266,-67.6905],[145.5459,-67.7121],[145.6159,-67.7371],[145.6443,-67.737],[145.6883,-67.7009],[145.7334,-67.5929],[145.797,-67.574],[145.9172,-67.589],[146.0481,-67.5866],[146.1301,-67.614],[146.1907,-67.6228],[146.208,-67.6692],[146.2289,-67.6871],[146.2024,-67.7057],[146.1097,-67.7496],[146.1265,-67.7648],[146.1753,-67.7691],[146.2634,-67.8351],[146.301,-67.8513],[146.3444,-67.8313],[146.3838,-67.7927],[146.4087,-67.7535],[146.4416,-67.7311],[146.4891,-67.7418],[146.529,-67.7703],[146.5379,-67.8024],[146.5109,-67.8415],[146.4736,-67.8738],[146.4304,-67.8987],[146.3854,-67.9152],[146.4102,-67.9518],[146.4548,-67.9494],[146.5042,-67.9356],[146.5444,-67.9376],[146.5303,-67.9494],[146.5278,-67.9609],[146.5432,-67.9874],[146.553,-67.9889],[146.6157,-67.9513],[146.6668,-67.9394],[146.6897,-67.9389],[146.6621,-67.9548],[146.7111,-67.9597],[146.8198,-67.9206],[146.8728,-67.9376],[146.8045,-68.0007],[146.6343,-68.0871],[146.5583,-68.1432],[146.5809,-68.1506],[146.6023,-68.1785],[146.6194,-68.1832],[146.7043,-68.1697],[146.7952,-68.1391],[146.9714,-68.0522],[147.0246,-68.0339],[147.0647,-68.0388],[147.074,-68.0543],[147.0765,-68.1012],[147.0713,-68.1174],[147.0549,-68.1347],[146.9912,-68.1711],[146.8595,-68.2092],[146.8057,-68.2429],[146.7451,-68.2707],[146.7212,-68.2877],[146.718,-68.3034],[146.7322,-68.316],[146.76,-68.3232],[146.8057,-68.3194],[146.8937,-68.2932],[146.9357,-68.2962],[146.9471,-68.3156],[146.9624,-68.3166],[147.1079,-68.294],[147.0978,-68.3113],[147.0972,-68.341],[147.0828,-68.3595],[147.0384,-68.3928],[147.0304,-68.4156],[147.0604,-68.4228],[147.1745,-68.3947],[147.2305,-68.412],[147.2625,-68.4089],[147.3874,-68.3764],[147.4685,-68.3893],[147.6287,-68.3561],[147.6624,-68.3566],[147.7251,-68.3705],[147.8494,-68.3704],[147.8858,-68.4064],[147.9173,-68.4172],[147.9842,-68.4231],[147.9797,-68.4448],[147.9915,-68.4621],[148.001,-68.464],[148.0335,-68.4425],[148.061,-68.4382],[148.1411,-68.4461],[148.2415,-68.4142],[148.2927,-68.4274],[148.3047,-68.4444],[148.2883,-68.4665],[148.4354,-68.4733],[148.5186,-68.4519],[148.6113,-68.4682],[148.6204,-68.4572],[148.6243,-68.4304],[148.6558,-68.4111],[148.6919,-68.403],[148.7472,-68.4145],[148.8304,-68.4529],[148.8573,-68.4537],[148.9805,-68.4457],[149.0077,-68.4392],[149.0615,-68.4122],[149.1541,-68.4025],[149.1206,-68.421],[149.1592,-68.4501],[149.2075,-68.4604],[149.2554,-68.4508],[149.3101,-68.4068],[149.3903,-68.3844],[149.4144,-68.3871],[149.4818,-68.4181],[149.7849,-68.4869],[149.8358,-68.4843],[149.8836,-68.4636],[149.813,-68.4179],[149.7306,-68.4015],[149.6836,-68.3693],[149.7357,-68.3525],[149.7783,-68.3645],[149.8648,-68.4128],[149.9133,-68.4234],[150.2739,-68.4277],[150.3779,-68.4399],[150.6514,-68.4108],[150.8529,-68.3508],[150.9065,-68.3427],[150.9566,-68.3429],[151.0129,-68.3507],[151.0628,-68.3704],[151.0942,-68.407],[151.1141,-68.4561],[151.1095,-68.4736],[151.0658,-68.5148],[151.0506,-68.5378],[151.0519,-68.559],[151.0801,-68.574],[151.0016,-68.6895],[150.9707,-68.7172],[150.992,-68.7276],[151.0249,-68.777],[151.1052,-68.8268],[151.1636,-68.8776],[151.2398,-68.8316],[151.2847,-68.8287],[151.3228,-68.8417],[151.4196,-68.894],[151.5003,-68.902],[151.5669,-68.9168],[151.5768,-68.8434],[151.574,-68.808],[151.5527,-68.7835],[151.5755,-68.7753],[151.5521,-68.7276],[151.5532,-68.7072],[151.5733,-68.6926],[151.6145,-68.6984],[151.9238,-68.6668],[151.9526,-68.6814],[151.9758,-68.6821],[152.0315,-68.7019],[152.0911,-68.7105],[152.1565,-68.7364],[152.2149,-68.735],[152.4031,-68.6987],[152.4307,-68.7009],[152.4671,-68.7241],[152.5264,-68.7149],[152.5547,-68.7224],[152.6213,-68.7657],[152.6488,-68.7702],[152.7352,-68.7566],[152.7612,-68.7595],[152.8635,-68.79],[152.9834,-68.8616],[153.0373,-68.8759],[153.093,-68.8792],[153.1775,-68.8733],[153.2507,-68.8782],[153.2703,-68.8624],[153.3203,-68.8593],[153.3272,-68.8522],[153.3401,-68.7866],[153.3818,-68.7688],[153.5484,-68.796],[153.5964,-68.7936],[153.6927,-68.7662],[153.845,-68.7604],[153.7956,-68.6408],[153.7782,-68.616],[153.7005,-68.5457],[153.7414,-68.5331],[153.8335,-68.5207],[153.8652,-68.4937],[153.7293,-68.4487],[153.6978,-68.4202],[153.682,-68.3761],[153.6858,-68.3341],[153.7083,-68.3001],[153.749,-68.2804],[153.7931,-68.274],[153.8784,-68.279],[153.9929,-68.3156],[154.0586,-68.322],[154.1348,-68.3556],[154.1716,-68.3581],[154.1831,-68.3766],[154.361,-68.4225],[154.4325,-68.4566],[154.4768,-68.47],[154.5225,-68.4786],[154.6131,-68.4743],[154.6582,-68.5118],[154.7185,-68.5283],[154.7101,-68.5732],[154.7151,-68.5826],[154.7451,-68.5983],[154.7692,-68.6218],[154.6971,-68.6463],[154.6355,-68.6301],[154.4504,-68.6257],[154.464,-68.6526],[154.4968,-68.6764],[154.568,-68.7065],[154.5876,-68.7263],[154.572,-68.7543],[154.5183,-68.804],[154.5693,-68.8056],[154.612,-68.789],[154.6926,-68.7302],[154.7425,-68.7097],[154.7947,-68.7109],[154.8447,-68.7277],[154.9512,-68.8029],[154.9602,-68.8172],[154.9697,-68.8671],[154.9855,-68.8859],[155.0111,-68.8989],[155.0371,-68.9018],[155.1328,-68.8702],[155.3086,-68.8933],[155.3373,-68.9047],[155.369,-68.9318],[155.3805,-68.9605],[155.3783,-68.9936],[155.3866,-69.0103],[155.3123,-69.025],[155.2888,-69.0359],[155.4108,-69.0436],[155.4559,-69.0811],[155.5105,-69.1065],[155.6375,-69.1342],[155.6626,-69.1323],[155.7571,-69.1012],[155.7456,-69.0846],[155.6945,-69.0852],[155.6423,-69.0484],[155.5715,-69.0296],[155.5415,-69.0134],[155.5368,-68.9836],[155.5589,-68.9568],[155.5934,-68.947],[155.7754,-68.9469],[155.8128,-68.9562],[155.8347,-68.9749],[155.8734,-68.9758],[155.9563,-69.0281],[155.9709,-69.0541],[155.9719,-69.0881],[156.001,-69.1114],[156.0316,-69.1168],[156.1021,-69.0988],[156.2269,-69.1354],[156.2625,-69.1529],[156.2649,-69.1769],[156.3501,-69.2019],[156.4841,-69.2066],[156.5643,-69.197],[156.6546,-69.1707],[156.6751,-69.17],[156.7887,-69.1728],[156.8267,-69.1935],[156.8599,-69.1943],[156.8928,-69.1905],[157.0232,-69.1448],[157.1398,-69.1613],[157.3436,-69.3232],[157.3735,-69.3547],[157.406,-69.4306],[157.4225,-69.4372],[157.4618,-69.4084],[157.5182,-69.4303],[157.531,-69.4122],[157.5684,-69.3982],[157.6462,-69.3824],[157.5404,-69.3676],[157.5191,-69.3625],[157.5047,-69.3495],[157.4945,-69.2795],[157.4987,-69.2613],[157.5335,-69.232],[157.6255,-69.1954],[157.709,-69.194],[157.7271,-69.1985],[157.7619,-69.2243],[157.8108,-69.2232],[157.8306,-69.214],[157.8731,-69.1721],[157.9053,-69.1695],[157.9922,-69.1721],[158.0808,-69.2099],[158.1268,-69.2169],[158.2219,-69.2171],[158.2683,-69.225],[158.3982,-69.2833],[158.4114,-69.3088],[158.4465,-69.3268],[158.5487,-69.3507],[158.5872,-69.3488],[158.5659,-69.3375],[158.5838,-69.3271],[158.6211,-69.3271],[158.6667,-69.3176],[158.7315,-69.3255],[158.8171,-69.3163],[158.8591,-69.3326],[158.9412,-69.3818],[158.96,-69.3981],[158.9829,-69.435],[159.0407,-69.4907],[159.1001,-69.5129],[159.1196,-69.5163],[159.1494,-69.4614],[159.188,-69.4353],[159.2354,-69.4279],[159.2847,-69.433],[159.5122,-69.4991],[159.6393,-69.4968],[159.7733,-69.5065],[159.823,-69.5275],[159.8807,-69.5745],[159.9751,-69.6227],[160.0588,-69.6436],[160.1023,-69.685],[160.1438,-69.6931],[160.2023,-69.7369],[160.2913,-69.7703],[160.3345,-69.7961],[160.3411,-69.8284],[160.3242,-69.8488],[160.3031,-69.8616],[160.2505,-69.8741],[160.1729,-69.8752],[160.093,-69.8876],[159.9847,-69.8722],[159.8811,-69.8815],[159.8055,-69.8727],[159.78,-69.8746],[159.7612,-69.8852],[159.761,-69.9089],[159.7704,-69.9177],[159.811,-69.9236],[159.8783,-69.9904],[159.9395,-69.9885],[160.0148,-69.996],[160.1172,-69.9692],[160.1428,-69.9688],[160.2168,-69.9877],[160.6365,-70.0488],[160.6494,-70.0743],[160.6614,-70.0816],[160.596,-70.1047],[160.7233,-70.0958],[160.7598,-70.102],[160.8272,-70.1397],[160.9033,-70.2096],[160.9859,-70.2413],[161.0197,-70.2795],[161.0905,-70.319],[161.1076,-70.3414],[161.0894,-70.3803],[161.1868,-70.412],[161.249,-70.4622],[161.2583,-70.4776],[161.2481,-70.4957],[161.1854,-70.532],[161.1751,-70.5563],[161.1792,-70.5753],[161.1939,-70.5815],[161.2468,-70.5329],[161.2638,-70.5283],[161.2817,-70.5418],[161.2907,-70.5667],[161.2739,-70.6022],[161.2815,-70.6257],[161.3142,-70.6501],[161.3611,-70.6666],[161.4517,-70.686],[161.3809,-70.7516],[161.3098,-70.7961],[161.3317,-70.842],[161.3286,-70.8567],[161.3068,-70.8604],[161.3612,-70.901],[161.4163,-70.9045],[161.5449,-70.8811],[161.594,-70.882],[161.6463,-70.8635],[161.6825,-70.9089],[161.7276,-70.9256],[161.7772,-70.9259],[161.8753,-70.9076],[161.933,-70.9073],[161.9901,-70.9225],[162.0941,-70.9768],[162.057,-71.0115],[162.0911,-71.0408],[162.1445,-71.0641],[162.2022,-71.0783],[162.2746,-71.079],[162.2969,-71.0846],[162.3408,-71.1095],[162.3616,-71.1114],[162.4167,-71.0881],[162.4325,-71.0711],[162.4126,-71.0571],[162.4024,-71.0344],[162.4285,-71.0317],[162.3167,-70.9337],[162.2557,-70.9264],[162.2448,-70.9195],[162.2186,-70.8547],[162.1729,-70.839],[162.145,-70.8361],[162.0911,-70.8494],[162.0604,-70.8466],[162.0381,-70.8295],[162.0223,-70.7883],[162.0394,-70.7697],[162.0428,-70.7289],[162.083,-70.6769],[162.0856,-70.6623],[162.0353,-70.6384],[162.0325,-70.6047],[162.0122,-70.5792],[162.0303,-70.5528],[162.03,-70.5353],[161.9961,-70.4643],[161.9979,-70.4384],[162.0203,-70.3852],[162.072,-70.3583],[162.0818,-70.3473],[162.0864,-70.3196],[162.0944,-70.3141],[162.2046,-70.3281],[162.2283,-70.3242],[162.3189,-70.2839],[162.3728,-70.2758],[162.5952,-70.2691],[162.6851,-70.2853],[162.7075,-70.2997],[162.78,-70.3784],[162.8215,-70.404],[162.8955,-70.4089],[162.9155,-70.4265],[162.8865,-70.4343],[162.8567,-70.4299],[162.8782,-70.4719],[162.9202,-70.5025],[162.9709,-70.5219],[163.0179,-70.53],[163.1003,-70.533],[163.1245,-70.5427],[163.1703,-70.5876],[163.3616,-70.6243],[163.4221,-70.6536],[163.45,-70.6575],[163.5272,-70.6526],[163.6333,-70.6651],[163.6797,-70.6569],[163.7311,-70.6324],[163.8464,-70.6227],[163.8665,-70.6266],[163.8737,-70.6418],[163.8618,-70.69],[163.8652,-70.7527],[163.8706,-70.7695],[163.895,-70.782],[163.9744,-70.7829],[164.0121,-70.7911],[164.0298,-70.7656],[164.0581,-70.7457],[164.0597,-70.7239],[164.0691,-70.7131],[164.1263,-70.6616],[164.1999,-70.6393],[164.0431,-70.5519],[164.0276,-70.5323],[164.0957,-70.5068],[164.1673,-70.4938],[164.2404,-70.4911],[164.4939,-70.5204],[164.5962,-70.5461],[164.7005,-70.5466],[164.7577,-70.5379],[164.8008,-70.5558],[164.8765,-70.5738],[165.112,-70.5636],[165.1411,-70.587],[165.1823,-70.5854],[165.3123,-70.5603],[165.3639,-70.5651],[165.3853,-70.5771],[165.427,-70.565],[165.4685,-70.5727],[165.4354,-70.593],[165.46,-70.6017],[165.5562,-70.5987],[165.5401,-70.6148],[165.9258,-70.6843],[165.9251,-70.6638],[165.9375,-70.6531],[166.0194,-70.6489],[166.0969,-70.6173],[166.3695,-70.5839],[166.4098,-70.589],[166.4414,-70.6113],[166.7245,-70.6183],[166.7678,-70.6305],[166.8094,-70.6511],[166.8374,-70.6767],[166.825,-70.6926],[166.8018,-70.7009],[166.7532,-70.7062],[166.7297,-70.6936],[166.6963,-70.6996],[166.6633,-70.6876],[166.5975,-70.7008],[166.5036,-70.7022],[166.4575,-70.7092],[166.4264,-70.7331],[166.4707,-70.7663],[166.5586,-70.7648],[166.6276,-70.7853],[166.722,-70.777],[166.7746,-70.7648],[166.7987,-70.7665],[166.8572,-70.7888],[166.9279,-70.7704],[167.0026,-70.7742],[167.0716,-70.7644],[167.4162,-70.759],[167.5505,-70.7844],[167.7009,-70.7913],[167.7389,-70.8103],[167.7463,-70.8444],[167.7935,-70.8453],[167.833,-70.8614],[167.8701,-70.9239],[167.8288,-70.9426],[167.4777,-70.9494],[167.4188,-70.9627],[167.2129,-70.9797],[167.14,-70.9964],[167.1833,-71.0309],[167.2555,-71.0383],[167.513,-71.0042],[167.8779,-71.0143],[167.9037,-71.0246],[167.949,-71.0642],[167.9768,-71.0774],[168.1013,-71.1085],[168.0652,-71.1376],[168.0443,-71.1437],[167.9749,-71.1355],[167.9279,-71.1476],[167.8683,-71.1323],[167.8364,-71.1617],[167.76,-71.1838],[167.7433,-71.1945],[167.7362,-71.2096],[167.7411,-71.2228],[167.7599,-71.228],[168.1123,-71.1955],[168.1893,-71.1998],[168.2629,-71.1843],[168.3586,-71.1972],[168.5003,-71.1611],[168.5619,-71.1707],[168.5955,-71.1852],[168.6698,-71.1828],[168.6921,-71.1905],[168.7542,-71.2369],[168.7762,-71.2399],[168.7615,-71.2756],[169.0166,-71.3249],[169.0843,-71.3547],[169.1345,-71.3354],[169.1648,-71.3647],[169.2692,-71.38],[169.3451,-71.4335],[169.4186,-71.4426],[169.4637,-71.4636],[169.4953,-71.4635],[169.4646,-71.4911],[169.516,-71.5151],[169.5879,-71.5201],[169.7206,-71.5061],[169.7603,-71.5079],[169.8695,-71.5597],[169.8895,-71.5751],[169.9048,-71.5776],[169.9774,-71.5629],[169.9749,-71.5811],[169.9862,-71.5953],[170.0759,-71.656],[170.1201,-71.6576],[170.1828,-71.6744],[170.2288,-71.6689],[170.2717,-71.6508],[170.2536,-71.6417],[170.249,-71.6266],[170.257,-71.613],[170.2765,-71.609],[170.2632,-71.5934],[170.3618,-71.544],[170.3138,-71.4417],[170.2306,-71.3674],[170.2087,-71.3142],[170.2161,-71.3029],[170.2386,-71.2946],[170.2647,-71.2922],[170.2824,-71.2988],[170.3218,-71.3474],[170.3601,-71.3596],[170.4027,-71.4089],[170.4917,-71.4816],[170.5364,-71.5385],[170.5896,-71.5732],[170.6912,-71.657],[170.6642,-71.6806],[170.8137,-71.6998],[170.7892,-71.7121],[170.8088,-71.7337],[170.8309,-71.7468],[170.8848,-71.759],[170.8654,-71.7682],[170.8645,-71.7825],[170.8875,-71.8103],[170.9255,-71.8289],[170.9661,-71.8346],[170.9458,-71.8608],[170.917,-71.8784],[170.8533,-71.9054],[170.7736,-71.9509],[170.6389,-71.9682],[170.6138,-71.998],[170.5853,-72.0074],[170.5574,-71.9983],[170.5376,-71.9542],[170.5612,-71.9527],[170.5791,-71.9381],[170.4981,-71.8959],[170.4448,-71.8825],[170.4305,-71.8578],[170.3918,-71.8434],[170.3625,-71.8162],[170.334,-71.8009],[170.3024,-71.8211],[170.2557,-71.8722],[170.1384,-71.9319],[170.2297,-71.9394],[170.2564,-71.9508],[170.1958,-72.0202],[170.1687,-72.0375],[170.1384,-72.0437],[170.0796,-72.0242],[170.0457,-72.02],[170.0532,-72.0431],[170.0401,-72.0623],[170.0892,-72.0844],[170.071,-72.095],[170.0676,-72.1236],[170.0293,-72.1438],[170.0164,-72.1708],[169.9895,-72.1808],[169.9499,-72.1783],[169.8789,-72.2033],[169.7971,-72.2096],[169.7726,-72.2201],[169.7654,-72.2448],[169.7827,-72.2433],[169.8203,-72.2602],[169.8918,-72.2653],[169.9341,-72.2825],[169.9646,-72.2804],[169.9915,-72.2912],[170.0099,-72.2878],[169.9917,-72.3069],[169.8667,-72.3971],[169.8577,-72.4133],[169.8853,-72.4299],[169.9429,-72.4262],[170.0464,-72.402],[170.1182,-72.3533],[170.2445,-72.3205],[170.2663,-72.3186],[170.2824,-72.3263],[170.2922,-72.365],[170.313,-72.3694],[170.3405,-72.4312],[170.3396,-72.4389],[170.3023,-72.4736],[170.282,-72.5639],[170.2705,-72.589],[170.2554,-72.603],[170.2039,-72.6154],[170.1517,-72.6178],[170.0996,-72.612],[169.9723,-72.5732],[169.9226,-72.5678],[169.8796,-72.5543],[169.7002,-72.5483],[169.6145,-72.5036],[169.5891,-72.5002],[169.5671,-72.5143],[169.5486,-72.5151],[169.4325,-72.4728],[169.3921,-72.4669],[169.3106,-72.489],[169.1265,-72.485],[168.7067,-72.3591],[168.6779,-72.3631],[168.6416,-72.3824],[168.5942,-72.3868],[168.4079,-72.3688],[168.3162,-72.3736],[168.8674,-72.5759],[168.9188,-72.5833],[169.3018,-72.5773],[169.3864,-72.6179],[169.4024,-72.6401],[169.4021,-72.6549],[169.4702,-72.6823],[169.4972,-72.6872],[169.6257,-72.6646],[169.6789,-72.6656],[169.884,-72.7117],[169.9325,-72.7359],[169.8488,-72.8002],[169.7209,-72.8674],[169.7022,-72.9015],[169.6823,-72.9212],[169.5845,-72.9622],[169.6082,-72.9933],[169.5773,-73.0112],[169.6312,-73.0437],[169.5823,-73.0805],[169.555,-73.0912],[169.4012,-73.1103],[169.3787,-73.1057],[169.3467,-73.0798],[169.3338,-73.0764],[169.2664,-73.0792],[169.1722,-73.1031],[169.2199,-73.1325],[169.2495,-73.1907],[169.2512,-73.2485],[169.2146,-73.2765],[169.0731,-73.2665],[169.0078,-73.2711],[168.9797,-73.2639],[168.9828,-73.2389],[168.9346,-73.241],[168.9116,-73.2365],[168.8939,-73.2234],[168.9113,-73.2094],[168.8877,-73.1939],[168.8791,-73.1784],[168.8869,-73.1632],[168.9451,-73.1355],[168.9548,-73.1154],[169.0057,-73.1104],[168.9751,-73.0915],[168.9412,-73.088],[168.8511,-73.1027],[168.7946,-73.1233],[168.7145,-73.1201],[168.7359,-73.1042],[168.7617,-73.0974],[168.7526,-73.0769],[168.6389,-73.0678],[168.5405,-73.0086],[168.3941,-72.9719],[168.335,-72.9703],[168.2976,-72.9903],[168.3249,-73.0265],[168.3743,-73.0678],[168.4025,-73.103],[168.398,-73.129],[168.3811,-73.1479],[168.3342,-73.1655],[168.3042,-73.164],[168.2269,-73.1378],[168.1629,-73.153],[168.0415,-73.1174],[167.9553,-73.1355],[167.8659,-73.1293],[167.7808,-73.1529],[167.7219,-73.1518],[167.6937,-73.1448],[167.6448,-73.1147],[167.6167,-73.1179],[167.558,-73.1404],[167.5041,-73.1486],[167.1714,-73.153],[167.0584,-73.1291],[166.9912,-73.0525],[166.9463,-73.0239],[166.8355,-72.9973],[166.6165,-72.9729],[166.564,-72.9565],[166.5205,-72.9298],[166.5829,-72.882],[166.5402,-72.882],[166.4548,-72.9],[166.3408,-72.9039],[166.3308,-72.9137],[166.3389,-72.9296],[166.3942,-72.9776],[166.4141,-72.9867],[166.4585,-72.9951],[166.5492,-73.0285],[166.7668,-73.0649],[166.7463,-73.1054],[166.7297,-73.1178],[166.7056,-73.1209],[166.7385,-73.1619],[166.7764,-73.1891],[166.8721,-73.2214],[166.7395,-73.3292],[166.7776,-73.3653],[166.8225,-73.3543],[166.9131,-73.2999],[166.9751,-73.275],[167.0952,-73.2521],[167.3115,-73.2736],[167.2959,-73.3036],[167.3314,-73.3137],[167.446,-73.3039],[167.9294,-73.3587],[167.7568,-73.3684],[167.6229,-73.3591],[167.6411,-73.3821],[167.7532,-73.4321],[167.7165,-73.4469],[167.679,-73.4472],[167.52,-73.4197],[167.4647,-73.398],[167.4263,-73.4054],[167.3631,-73.3943],[167.2497,-73.4054],[167.2219,-73.4181],[167.2258,-73.4343],[167.2385,-73.4435],[167.2754,-73.4527],[167.2236,-73.477],[167.25,-73.4816],[167.3053,-73.4768],[167.3552,-73.4916],[167.4347,-73.5032],[167.3818,-73.523],[167.327,-73.5325],[167.2728,-73.528],[167.1946,-73.492],[167.0217,-73.4623],[166.9893,-73.4651],[167.0769,-73.5126],[167.033,-73.5661],[167.0067,-73.5715],[166.9253,-73.5602],[166.8854,-73.5613],[166.8491,-73.5905],[166.8154,-73.5777],[166.8396,-73.5584],[166.8273,-73.5483],[166.7817,-73.5395],[166.8328,-73.5221],[166.7922,-73.4973],[166.7473,-73.4864],[166.7019,-73.4924],[166.6602,-73.5186],[166.6143,-73.5808],[166.5903,-73.5904],[166.4722,-73.5812],[166.4514,-73.5927],[166.1948,-73.4898],[166.1398,-73.482],[166.0934,-73.4934],[166.1196,-73.5162],[166.2185,-73.5662],[166.1394,-73.5738],[165.8737,-73.5659],[165.8171,-73.5782],[165.8255,-73.5983],[165.8447,-73.6072],[165.9963,-73.6227],[166.2009,-73.6718],[166.1792,-73.6916],[166.1506,-73.7009],[166.2664,-73.7089],[166.2942,-73.7258],[166.2713,-73.7328],[166.2354,-73.7592],[166.2153,-73.7649],[166.1809,-73.7574],[166.1702,-73.7621],[166.1605,-73.799],[166.1444,-73.8134],[166.03,-73.8092],[165.9378,-73.8334],[165.6703,-73.797],[165.583,-73.8051],[165.6316,-73.8341],[165.6831,-73.8534],[165.7931,-73.8725],[165.7,-73.892],[165.6519,-73.9137],[165.2606,-73.8933],[165.199,-73.8591],[165.1921,-73.8302],[165.2454,-73.7779],[165.256,-73.7441],[165.2306,-73.7223],[165.245,-73.6974],[165.216,-73.6611],[165.2151,-73.6457],[165.2367,-73.6066],[165.2312,-73.593],[165.1802,-73.5637],[165.1675,-73.5492],[165.125,-73.4622],[165.0526,-73.4167],[165.032,-73.4109],[165.1775,-73.351],[165.2219,-73.3425],[165.3582,-73.34],[165.2522,-73.3214],[165.1952,-73.3222],[165.1455,-73.3326],[165.0331,-73.3738],[164.9772,-73.3863],[164.9139,-73.3879],[164.5588,-73.3244],[164.5261,-73.3302],[164.4432,-73.3687],[164.4895,-73.3979],[164.5387,-73.4172],[164.5912,-73.4257],[164.7024,-73.419],[164.7666,-73.4238],[164.8291,-73.4378],[164.8801,-73.4616],[164.8938,-73.4835],[164.8781,-73.527],[164.912,-73.572],[164.9154,-73.6008],[164.9059,-73.6572],[164.89,-73.6827],[164.862,-73.6977],[164.7972,-73.706],[164.7756,-73.7146],[164.7505,-73.736],[164.7146,-73.7817],[164.7908,-73.8141],[164.8249,-73.816],[164.841,-73.8239],[164.8628,-73.864],[164.9525,-73.8909],[164.8929,-73.9251],[164.8709,-73.9316],[164.9114,-73.9542],[165,-73.9749],[165.0466,-73.9726],[165.0194,-73.9438],[165.1335,-73.9789],[165.2603,-74.0012],[165.2391,-74.01],[165.3088,-74.0304],[165.2825,-74.0427],[165.2552,-74.0461],[165.1099,-74.0579],[165.0755,-74.0548],[165.0568,-74.018],[164.896,-73.9996],[164.8237,-73.9648],[164.5915,-73.9267],[164.4683,-73.9291],[164.4108,-73.9433],[164.5213,-73.9601],[164.5877,-73.9797],[164.5956,-73.9867],[164.5933,-74.0195],[164.6725,-73.9996],[164.6697,-74.0333],[164.679,-74.0444],[164.6955,-74.0475],[164.7158,-74.0412],[164.7565,-74.0165],[164.7879,-74.0217],[164.8182,-74.0402],[164.8644,-74.0886],[164.8181,-74.102],[164.8345,-74.1127],[164.8938,-74.1204],[164.8557,-74.1396],[164.8128,-74.1459],[164.8823,-74.1708],[164.8599,-74.2092],[164.8989,-74.2275],[165.0447,-74.2488],[165.0628,-74.2566],[165.0774,-74.2731],[165.0886,-74.3132],[165.1139,-74.3201],[165.1282,-74.3409],[165.1006,-74.3425],[165.1219,-74.3547],[165.1538,-74.3898],[165.2236,-74.4158],[165.2717,-74.4588],[165.2881,-74.4653],[165.4051,-74.4778],[165.4578,-74.4944],[165.4636,-74.53],[165.4481,-74.6069],[165.4347,-74.629],[165.411,-74.6403],[165.3872,-74.634],[165.3406,-74.6017],[165.2385,-74.5466],[165.1769,-74.5263],[165.1309,-74.53],[165.0827,-74.5543],[164.8975,-74.5668],[164.8484,-74.5852],[164.7649,-74.5696],[164.5874,-74.5749],[164.5505,-74.5656],[164.4885,-74.5673],[164.3408,-74.5021],[164.3184,-74.5026],[164.113,-74.5485],[163.9251,-74.5577],[163.9617,-74.5851],[163.8473,-74.6176],[163.7873,-74.6244],[163.7202,-74.6124],[163.6847,-74.6157],[163.6685,-74.607],[163.6629,-74.5966],[163.6428,-74.5158],[163.6471,-74.4903],[163.6719,-74.4744],[163.5706,-74.4482],[163.5334,-74.4565],[163.5327,-74.4321],[163.5553,-74.3842],[163.5555,-74.3604],[163.5354,-74.3408],[163.5037,-74.337],[163.4699,-74.342],[163.2566,-74.413],[163.1213,-74.4094],[163.0986,-74.4189],[163.0876,-74.4381],[163.0975,-74.4451],[163.182,-74.447],[163.1968,-74.4557],[163.2272,-74.5026],[163.2708,-74.5418],[163.2152,-74.5866],[163.1668,-74.6074],[163.0891,-74.6583],[163.061,-74.6999],[163.0453,-74.7078],[163.0119,-74.7014],[162.9885,-74.6756],[162.9534,-74.6154],[162.9378,-74.6047],[162.8638,-74.6103],[162.813,-74.6038],[162.8387,-74.6511],[162.8311,-74.6648],[162.7946,-74.6808],[162.7705,-74.7128],[162.7308,-74.7314],[162.5915,-74.7502],[162.6013,-74.779],[162.6282,-74.7911],[162.6072,-74.8263],[162.5833,-74.8502],[162.5526,-74.8644],[162.5115,-74.8708],[162.4748,-74.8647],[162.4046,-74.8378],[162.3638,-74.8416],[162.4551,-74.8824],[162.452,-74.9212],[162.4896,-74.9436],[162.5431,-74.9537],[162.6895,-74.9594],[162.742,-74.9705],[162.7861,-74.99],[162.7575,-75.0163],[162.7105,-75.0283],[162.6178,-75.0309],[162.6318,-75.0424],[162.6857,-75.0507],[162.6581,-75.081],[162.6238,-75.093],[162.5462,-75.1012],[162.5579,-75.1218],[162.5791,-75.1375],[162.6556,-75.1674],[162.646,-75.1889],[162.5952,-75.2237],[162.5435,-75.2402],[162.2625,-75.2712],[162.0296,-75.2599],[161.9203,-75.2363],[161.8314,-75.1944],[161.7764,-75.1889],[161.6668,-75.2],[161.6143,-75.2143],[161.5547,-75.2639],[161.5287,-75.2761],[161.4749,-75.2856],[160.9759,-75.2872],[160.8485,-75.3102],[160.7996,-75.3404],[160.7078,-75.3655],[160.5824,-75.3784],[160.6387,-75.3976],[160.9253,-75.428],[160.9767,-75.4221],[161.0871,-75.3844],[162.1911,-75.3878],[162.2622,-75.4417],[162.3011,-75.5051],[162.3067,-75.5294],[162.2808,-75.5427],[162.1445,-75.5366],[162.0736,-75.5427],[162.0296,-75.5742],[162.1118,-75.595],[162.2165,-75.592],[162.2258,-75.5984],[162.2232,-75.6131],[162.2005,-75.6379],[162.2254,-75.6427],[162.2503,-75.6669],[162.2977,-75.6725],[162.315,-75.6944],[162.4595,-75.713],[162.4878,-75.7109],[162.5031,-75.7449],[162.5132,-75.7488],[162.5952,-75.7477],[162.6243,-75.7614],[162.8431,-75.7931],[162.9001,-75.8229],[162.8833,-75.8373],[162.805,-75.8736],[162.8094,-75.8971],[162.7927,-75.9072],[162.7595,-75.9148],[162.5773,-75.9093],[162.5405,-75.9218],[162.544,-75.9321],[162.5599,-75.94],[162.6268,-75.9455],[162.7069,-75.9811],[162.7092,-75.9933],[162.6961,-76.0198],[162.723,-76.0405],[162.7361,-76.0739],[162.6501,-76.0911],[162.3942,-76.0598],[162.4245,-76.0743],[162.5218,-76.0982],[162.4834,-76.109],[162.4411,-76.1057],[162.3618,-76.0781],[162.3011,-76.1005],[162.3335,-76.1139],[162.4476,-76.1282],[162.4141,-76.1481],[162.2647,-76.1472],[162.1658,-76.155],[162.1156,-76.1702],[162.0923,-76.2022],[162.1486,-76.205],[162.1623,-76.2185],[162.1663,-76.2503],[162.2625,-76.2564],[162.3294,-76.2763],[162.3459,-76.2756],[162.4349,-76.2343],[162.4823,-76.2206],[162.5715,-76.2148],[162.6228,-76.2343],[162.7515,-76.2351],[162.7728,-76.2437],[162.7873,-76.2595],[162.7873,-76.2848],[162.7725,-76.3019],[162.7481,-76.3085],[162.7005,-76.3077],[162.7223,-76.3176],[162.7388,-76.3586],[162.8225,-76.3967],[162.8843,-76.4391],[162.8345,-76.4933],[162.7239,-76.5427],[162.6862,-76.5501],[162.5643,-76.5346],[162.5344,-76.547],[162.5588,-76.5603],[162.4845,-76.5724],[162.4733,-76.5979],[162.4551,-76.6025],[162.4232,-76.6393],[162.492,-76.6568],[162.7562,-76.6493],[162.8431,-76.6647],[162.9314,-76.7075],[162.9746,-76.7897],[162.9385,-76.7989],[162.8996,-76.8411],[162.866,-76.85],[162.7829,-76.8325],[162.6262,-76.8249],[162.4225,-76.8992],[162.5454,-76.9044],[162.5856,-76.9181],[162.5202,-76.9369],[162.3018,-76.9513],[162.5267,-76.9602],[162.5007,-76.9765],[162.4617,-76.9851],[162.387,-76.9885],[162.4294,-77.0117],[162.469,-77.0153],[162.6174,-77.0014],[162.6463,-77.0037],[162.6917,-77.0261],[162.7162,-77.0276],[162.82,-77.0159],[162.9216,-77.0212],[163.0208,-77.0141],[163.0695,-77.0187],[163.1629,-77.0436],[163.1244,-77.0839],[163.1851,-77.1077],[163.2671,-77.1591],[163.3441,-77.165],[163.3773,-77.1767],[163.4181,-77.2257],[163.4662,-77.2394],[163.5127,-77.2901],[163.543,-77.3132],[163.5481,-77.3298],[163.5357,-77.3626],[163.6035,-77.388],[163.7158,-77.3966],[163.7598,-77.4286],[163.8241,-77.4308],[163.7743,-77.4478],[163.8182,-77.4767],[163.8313,-77.4958],[163.8218,-77.5183],[163.8005,-77.528],[163.5482,-77.549],[163.5051,-77.5694],[163.6675,-77.5951],[163.7188,-77.6149],[163.6558,-77.6467],[163.5857,-77.6613],[163.4401,-77.6686],[163.5342,-77.7155],[163.5571,-77.72],[163.9065,-77.6964],[163.9353,-77.7133],[164.2433,-77.7819],[164.199,-77.808],[164.12,-77.8122],[163.9754,-77.8025],[163.8376,-77.8159],[163.7026,-77.8498],[163.7285,-77.8792],[163.7808,-77.8788],[163.8791,-77.8595],[164.5007,-77.8539],[164.5441,-77.8749],[164.5567,-77.8896],[164.5674,-77.9143],[164.5271,-77.9191],[164.5337,-77.9871],[164.4836,-78.019],[164.3395,-78.03],[164.3775,-78.0519],[164.4203,-78.0631],[164.4011,-78.086],[164.3687,-78.0979],[164.2998,-78.1075],[164.1831,-78.1436],[164.0308,-78.1708],[163.8827,-78.221],[163.8421,-78.227],[163.9343,-78.2309],[164.1165,-78.2143],[164.2079,-78.2258],[164.374,-78.2791],[164.4675,-78.2885],[164.5317,-78.3172],[164.6397,-78.3256],[164.6787,-78.3202],[164.7586,-78.2914],[165.0972,-78.254],[165.1633,-78.2083],[165.2127,-78.1938],[165.2345,-78.1935],[165.1556,-78.1656],[165.2268,-78.1176],[165.306,-78.0878],[165.4162,-78.0253],[165.4447,-78.0187],[165.4944,-78.0186],[165.5619,-78.0334],[165.6061,-78.0593],[165.6187,-78.0751],[165.6196,-78.1022],[165.6043,-78.1225],[165.5808,-78.1363],[165.3371,-78.1989],[165.3621,-78.2115],[165.4505,-78.2273],[165.5075,-78.2446],[165.5661,-78.2546],[165.6561,-78.2555],[165.7085,-78.2712],[165.7372,-78.2897],[165.7517,-78.3097],[165.7328,-78.3245],[165.7612,-78.3341],[165.7455,-78.3463],[165.6882,-78.3644],[165.7302,-78.3996],[165.7869,-78.4207],[166.1291,-78.47],[166.3459,-78.4726],[166.5652,-78.5071],[167.0015,-78.5011],[167.0581,-78.509],[167.1063,-78.5275],[167.2157,-78.6007],[167.2354,-78.6236],[167.243,-78.648],[167.2278,-78.6692],[167.1465,-78.6957],[167.0682,-78.7067],[166.5467,-78.712],[166.4186,-78.6855],[166.3728,-78.6588],[166.1983,-78.5878],[166.0896,-78.5668],[165.4436,-78.5637],[165.4621,-78.5798],[165.4859,-78.5857],[165.3097,-78.6052],[164.4097,-78.6039],[164.0718,-78.6871],[163.9866,-78.6858],[164.072,-78.7061],[164.0437,-78.7122],[163.9602,-78.7081],[163.8998,-78.7367],[163.8517,-78.7371],[163.6418,-78.7166],[163.5775,-78.7208],[163.5969,-78.7361],[163.5706,-78.7446],[163.543,-78.7437],[163.5586,-78.7696],[163.4847,-78.7819],[163.4709,-78.7799],[163.4347,-78.7338],[163.4037,-78.7439],[163.3555,-78.7448],[163.2586,-78.733],[163.2119,-78.7328],[163.1385,-78.7459],[163.065,-78.7369],[163.0446,-78.7438],[162.97,-78.8014],[162.9014,-78.8144],[162.8948,-78.8469],[162.8821,-78.8574],[162.9113,-78.8818],[162.8812,-78.8886],[162.8059,-78.9262],[162.7493,-78.9406],[162.6216,-78.9452],[162.5918,-78.9345],[162.5435,-78.8951],[162.4797,-78.8925],[162.4528,-78.878],[162.4646,-78.8655],[162.4585,-78.8298],[162.5244,-78.7963],[162.4819,-78.779],[162.3369,-78.7953],[162.1257,-78.7599],[162.063,-78.7188],[161.9719,-78.677],[161.9045,-78.6703],[161.8528,-78.6554],[161.7605,-78.6104],[161.781,-78.5997],[161.8231,-78.5546],[161.8648,-78.5358],[161.875,-78.5229],[161.8639,-78.5007],[161.824,-78.4812],[161.781,-78.4928],[161.738,-78.5133],[161.6983,-78.5211],[161.6024,-78.5064],[161.5529,-78.5055],[161.5073,-78.5157],[161.4745,-78.546],[161.3359,-78.5812],[161.3722,-78.5908],[161.4055,-78.6417],[161.5025,-78.7343],[161.556,-78.7496],[161.5418,-78.7753],[161.5208,-78.7953],[161.5464,-78.8058],[161.6681,-78.8078],[161.7554,-78.8395],[161.73,-78.8595],[161.6326,-78.871],[161.7918,-78.9099],[161.8361,-78.95],[161.876,-78.9628],[161.9165,-78.9977],[162.0654,-79.0686],[161.7776,-79.0695],[161.4934,-79.0196],[161.4954,-78.9909],[161.4309,-78.9578],[161.384,-78.9218],[161.3489,-78.915],[161.2634,-78.9184],[161.2253,-78.9397],[161.2068,-78.943],[161.0037,-78.9337],[161.1981,-78.9622],[161.1555,-78.9894],[161.1304,-79.0494],[161.0985,-79.06],[161.061,-79.0634],[160.6951,-79.0375],[160.7472,-79.0749],[160.7101,-79.0973],[160.387,-79.1681],[160.4951,-79.1995],[160.4849,-79.2254],[160.5198,-79.2405],[160.5105,-79.2575],[160.4771,-79.2713],[160.439,-79.277],[160.4601,-79.303],[160.4963,-79.3115],[160.5774,-79.3102],[160.6541,-79.32],[160.7288,-79.3406],[160.7067,-79.3576],[160.68,-79.3674],[160.624,-79.3786],[160.6377,-79.3932],[160.662,-79.4054],[160.7107,-79.4192],[160.9627,-79.4277],[161.0276,-79.4422],[161.0342,-79.4748],[161.0125,-79.4832],[160.7559,-79.4677],[160.6875,-79.4501],[160.6235,-79.45],[160.5059,-79.4653],[160.4841,-79.4765],[160.4451,-79.5133],[160.4172,-79.5232],[160.2456,-79.5398],[160.1408,-79.5785],[160.0776,-79.5797],[159.635,-79.5256],[159.6623,-79.5451],[159.7183,-79.5618],[159.7197,-79.6026],[159.7371,-79.6173],[159.8755,-79.662],[160.8405,-79.6184],[160.7615,-79.6508],[160.0862,-79.7721],[159.7886,-79.7799],[159.6681,-79.8064],[159.4961,-79.8195],[159.6242,-79.8253],[159.6649,-79.8344],[159.636,-79.8532],[159.5237,-79.8749],[159.6703,-79.9094],[159.822,-79.9257],[159.9743,-79.9221],[160.3289,-79.8613],[160.3701,-79.8616],[160.4575,-79.8966],[160.6272,-79.9128],[160.7935,-79.955],[160.8509,-79.9575],[161.3202,-79.8775],[161.4706,-79.9016],[161.3833,-79.947],[158.7824,-80.259],[158.787,-80.2995],[158.7331,-80.3246],[158.2073,-80.4059],[158.173,-80.4195],[158.1913,-80.4444],[158.2564,-80.4534],[158.5316,-80.4576],[158.5879,-80.477],[160.7517,-80.3801],[160.7749,-80.3832],[160.8406,-80.4094],[160.8743,-80.4435],[160.9526,-80.448],[161.0401,-80.498],[160.9899,-80.5226],[160.9324,-80.5232],[160.624,-80.4705],[160.5567,-80.4738],[160.6078,-80.5087],[160.6649,-80.5297],[160.6121,-80.5468],[160.1003,-80.5909],[160.0374,-80.5856],[159.9614,-80.5529],[159.9338,-80.5497],[159.8172,-80.5685],[159.7542,-80.5707],[159.8239,-80.6066],[159.8552,-80.6422],[159.8776,-80.6502],[160.2601,-80.6788],[160.8574,-80.6104],[160.9639,-80.6197],[161.0994,-80.6477],[161.1799,-80.6378],[161.2009,-80.6482],[161.2035,-80.6747],[161.1956,-80.6834],[161.1546,-80.6868],[161.1255,-80.7324],[161.1017,-80.742],[161.0093,-80.7586],[161.3464,-80.7844],[161.241,-80.803],[160.1599,-80.7815],[160.0413,-80.7965],[159.7464,-80.7921],[159.5783,-80.768],[159.5298,-80.7804],[159.6028,-80.7981],[159.4976,-80.843],[159.5317,-80.8539],[159.7498,-80.8292],[160.6016,-80.8691],[160.5925,-80.8904],[160.8762,-80.9146],[160.7166,-80.9465],[160.6603,-80.9321],[160.6408,-80.9343],[160.6657,-80.9531],[160.7019,-80.9582],[160.877,-80.9509],[160.9339,-80.9723],[160.9075,-80.9929],[160.5474,-81.0068],[160.6052,-81.0258],[160.6228,-81.0388],[160.5964,-81.0471],[160.6492,-81.0673],[160.8245,-81.0982],[160.7748,-81.1251],[160.5415,-81.1192],[160.759,-81.1578],[160.7941,-81.1723],[160.8145,-81.1897],[160.7659,-81.1995],[160.6087,-81.1931],[160.8779,-81.2243],[161.082,-81.219],[161.1424,-81.2444],[160.9194,-81.2702],[160.132,-81.2037],[160.1567,-81.2228],[160.2608,-81.2496],[160.3352,-81.2868],[160.3633,-81.2936],[160.6262,-81.3167],[160.5911,-81.3243],[160.4025,-81.3256],[160.3645,-81.3364],[160.3611,-81.3608],[160.3078,-81.3798],[160.3499,-81.3928],[160.4016,-81.3925],[160.4992,-81.3761],[160.8869,-81.357],[161.0728,-81.3849],[160.99,-81.4167],[160.8421,-81.4285],[160.8826,-81.4391],[160.8516,-81.4594],[160.8898,-81.4709],[161.0155,-81.4484],[161.4541,-81.4235],[161.5192,-81.4521],[161.4944,-81.477],[161.4714,-81.4897],[161.0115,-81.5488],[161.5925,-81.5715],[161.5059,-81.5842],[161.564,-81.6047],[161.9973,-81.6186],[161.9137,-81.6339],[161.9808,-81.6472],[162.4793,-81.6891],[162.4743,-81.7105],[162.5305,-81.719],[162.4458,-81.7272],[162.5068,-81.7468],[162.6204,-81.7543],[162.3901,-81.798],[162.4697,-81.8076],[162.3543,-81.8227],[162.2375,-81.8248],[162.2981,-81.8461],[162.3272,-81.8498],[162.6365,-81.836],[162.7679,-81.8484],[162.7552,-81.8311],[162.7915,-81.8129],[162.8425,-81.8045],[162.8937,-81.8072],[162.9465,-81.8288],[163.011,-81.8373],[163.0576,-81.8521],[163.1022,-81.8737],[162.9773,-81.8932],[162.7261,-81.8876],[162.6104,-81.9123],[162.6607,-81.9229],[162.8447,-81.9148],[162.8982,-81.9199],[162.9497,-81.9347],[163.0348,-81.9402],[163.0047,-81.9509],[162.9022,-81.9501],[163.073,-81.9999],[163.2485,-82.0235],[163.2073,-82.0385],[163.5973,-82.0904],[163.5656,-82.0992],[163.4661,-82.1028],[163.541,-82.1225],[163.7765,-82.1286],[163.7417,-82.1422],[163.6228,-82.1476],[163.9168,-82.1901],[163.8836,-82.2165],[163.8387,-82.2311],[160.6397,-82.4229],[160.7444,-82.4745],[160.8021,-82.492],[160.8577,-82.5009],[162.4422,-82.4942],[162.5287,-82.4767],[162.7686,-82.487],[162.9341,-82.5309],[163.0819,-82.5447],[163.0996,-82.5417],[163.1216,-82.5214],[163.1454,-82.5148],[163.4395,-82.5452],[163.403,-82.5124],[163.3189,-82.483],[163.1648,-82.4495],[163.28,-82.4264],[164.6732,-82.3388],[164.731,-82.3556],[164.8823,-82.3801],[165.2302,-82.3928],[165.3519,-82.4343],[165.4085,-82.4667],[165.4382,-82.4765],[165.5593,-82.4934],[165.5373,-82.5076],[165.4784,-82.5158],[165.4404,-82.5571],[165.3958,-82.5737],[165.3049,-82.5795],[165.3733,-82.6061],[166.1089,-82.6529],[166.1875,-82.642],[166.2268,-82.6436],[166.5298,-82.7027],[166.4302,-82.7504],[166.4465,-82.7507],[166.5383,-82.7815],[166.5801,-82.783],[166.9058,-82.7576],[167.3065,-82.8171],[167.3438,-82.8293],[167.3508,-82.8438],[167.3333,-82.8585],[167.1992,-82.8976],[167.1665,-82.9003],[167.4085,-82.925],[167.3447,-82.9528],[167.0628,-82.9561],[167.1069,-82.9697],[167.458,-82.9811],[167.4518,-83.0107],[167.4242,-83.0261],[167.6566,-83.0617],[167.7386,-83.0556],[167.891,-83.0245],[168.0443,-82.9714],[168.119,-82.9611],[168.5928,-82.999],[168.6234,-83.006],[168.5897,-83.0296],[168.6008,-83.0554],[168.6453,-83.072],[168.7717,-83.0932],[168.8688,-83.1459],[168.8268,-83.1712],[168.7639,-83.1913],[168.0769,-83.1839],[168.1809,-83.2228],[168.5342,-83.2337],[168.5031,-83.2487],[168.4152,-83.2669],[167.8875,-83.2332],[167.8001,-83.2519],[167.7488,-83.2551],[167.237,-83.1918],[166.9988,-83.1992],[167.0242,-83.2174],[167.0581,-83.2258],[168.0347,-83.3071],[167.9551,-83.3285],[167.9876,-83.3504],[168.0317,-83.3596],[168.1614,-83.3684],[168.2847,-83.3531],[168.3591,-83.3652],[168.4745,-83.353],[168.5674,-83.3678],[168.6179,-83.3906],[168.6609,-83.3971],[169.3835,-83.3368],[169.3965,-83.3399],[169.4143,-83.3648],[169.4271,-83.3708],[169.3641,-83.4221],[169.4662,-83.4474],[169.5609,-83.447],[169.5999,-83.4181],[169.6301,-83.4148],[169.5847,-83.3987],[169.6296,-83.3691],[170.1026,-83.4047],[170.0593,-83.4132],[170.0806,-83.4272],[170.106,-83.4291],[170.0864,-83.4485],[170.1276,-83.4633],[170.2235,-83.484],[170.4033,-83.4916],[170.4476,-83.4625],[170.7341,-83.4518],[170.7442,-83.4482],[170.7541,-83.4264],[170.813,-83.4233],[171.1931,-83.4456],[171.2608,-83.4633],[171.384,-83.4701],[171.4788,-83.4894],[171.5769,-83.5003],[171.5015,-83.519],[171.4263,-83.529],[170.9243,-83.5343],[170.9714,-83.5456],[171.0208,-83.5463],[170.9782,-83.5618],[171.0031,-83.5688],[171.3312,-83.5554],[171.7022,-83.5859],[171.7892,-83.6103],[171.9597,-83.6202],[171.94,-83.6332],[171.8662,-83.6441],[172.0467,-83.6585],[171.9824,-83.6785],[171.9149,-83.6878],[172.0012,-83.7169],[172.0979,-83.718],[172.3685,-83.6775],[172.8206,-83.6679],[173.2302,-83.7123],[173.3196,-83.732],[173.3079,-83.7526],[173.4104,-83.7614],[173.619,-83.7493],[173.7214,-83.7636],[173.6803,-83.7912],[173.2913,-83.8564],[173.409,-83.8781],[173.8342,-83.8736],[173.882,-83.8613],[173.926,-83.8674],[173.9622,-83.8818],[174.9739,-83.8305],[175.1228,-83.8692],[175.4431,-83.9033],[175.3775,-83.928],[175.1618,-83.9573],[175.1893,-83.9576],[175.301,-83.9845],[175.6777,-83.9616],[177.5352,-84.0579],[177.6165,-84.0734],[177.5581,-84.08],[177.6139,-84.0924],[178.1299,-84.1161],[178.2179,-84.1446],[178.4053,-84.1176],[178.5276,-84.1214],[178.4063,-84.1554],[178.4802,-84.1791],[178.5674,-84.1838],[178.78,-84.1713],[178.8688,-84.1833],[179.355,-84.1974],[179.7505,-84.2692],[179.7879,-84.2839],[179.6956,-84.3036],[179.6016,-84.3113],[179.6983,-84.3313],[180,-84.3528],[180,-90],[-180,-90],[-180,-84.3528],[-178.2976,-84.3077],[-178.1716,-84.3238],[-178.1914,-84.3342],[-178.2139,-84.3351],[-178.0325,-84.3565],[-178.003,-84.3666],[-177.998,-84.3862],[-177.7047,-84.4184],[-177.5395,-84.4002],[-177.325,-84.4055],[-177.1068,-84.3836],[-176.0643,-84.3959],[-176.116,-84.4078],[-176.4577,-84.4199],[-176.5106,-84.4355],[-175.9987,-84.4874],[-176.0422,-84.4934],[-175.963,-84.517],[-175.9122,-84.5426],[-175.8813,-84.5475],[-175.2489,-84.4975],[-175.1899,-84.4851],[-175.1429,-84.4523],[-175.1832,-84.4415],[-175.2248,-84.4402],[-175.2072,-84.42],[-175.178,-84.4148],[-168.2547,-84.6482],[-168.2099,-84.6569],[-168.146,-84.69],[-168.1236,-84.6951],[-168.1649,-84.7219],[-168.0568,-84.7708],[-168.0186,-84.781],[-167.5082,-84.8119],[-167.4801,-84.8364],[-167.555,-84.8484],[-167.4418,-84.8674],[-166.9112,-84.8202],[-164.0474,-84.8761],[-163.9346,-84.8952],[-162.9941,-84.9142],[-162.8489,-84.8831],[-158.8714,-85.0763],[-158.6732,-85.1325],[-158.4658,-85.1552],[-158.4844,-85.1342],[-158.51,-85.1197],[-158.5651,-85.0993],[-158.4974,-85.0912],[-158.4239,-85.0922],[-158.3515,-85.103],[-158.1968,-85.1591],[-158.1633,-85.1647],[-156.0084,-85.2219],[-156.0555,-85.2038],[-156.9275,-85.1952],[-155.9907,-85.1862],[-155.9422,-85.1794],[-155.9011,-85.1576],[-155.9446,-85.1435],[-156.0997,-85.1423],[-156.0694,-85.1345],[-155.504,-85.1261],[-156.9388,-85.007],[-157.0091,-84.9689],[-157.0466,-84.9572],[-157.6372,-84.8972],[-157.581,-84.883],[-155.7882,-84.9046],[-155.7496,-84.9003],[-155.7905,-84.891],[-156.1097,-84.8853],[-155.7034,-84.8792],[-155.7403,-84.866],[-155.8673,-84.8606],[-155.5892,-84.8405],[-155.6426,-84.8278],[-158.3836,-84.7892],[-158.2773,-84.7809],[-158.2496,-84.7672],[-163.8629,-84.5499],[-163.8932,-84.5453],[-163.9122,-84.5304],[-163.9017,-84.518],[-163.9108,-84.5133],[-164.0966,-84.4806],[-163.2655,-84.4918],[-163.3172,-84.477],[-163.6602,-84.4291],[-165.1307,-84.4199],[-165.1942,-84.4347],[-166.4235,-84.3703],[-165.5046,-84.3986],[-165.5146,-84.3811],[-165.4097,-84.3645],[-163.0011,-84.363],[-163.058,-84.3405],[-164.1567,-84.2921],[-164.1829,-84.2823],[-164.1638,-84.2721],[-164.116,-84.2713],[-164.0983,-84.2626],[-164.2234,-84.2502],[-164.2723,-84.2385],[-164.1903,-84.2255],[-164.6234,-84.1853],[-164.7402,-84.1562],[-165.1544,-84.138],[-165.128,-84.1179],[-165.0919,-84.1126],[-165.0185,-84.1189],[-165.0603,-84.1017],[-165.0935,-84.0722],[-165.0097,-84.0567],[-163.7028,-84.0499],[-163.7431,-84.0319],[-164.039,-83.9907],[-163.9978,-83.9771],[-163.9183,-83.9731],[-163.8901,-83.9636],[-163.9939,-83.9391],[-164.9113,-83.823],[-164.9796,-83.7965],[-165.4207,-83.7668],[-165.5144,-83.7457],[-165.9354,-83.7857],[-166.0682,-83.818],[-167.6792,-83.7701],[-167.6254,-83.7903],[-167.2535,-83.8111],[-167.1952,-83.8255],[-167.2995,-83.8378],[-168.0826,-83.7796],[-167.9885,-83.7668],[-168.0536,-83.7537],[-168.2595,-83.7436],[-167.6772,-83.7442],[-167.7333,-83.7226],[-168.2164,-83.7131],[-168.3375,-83.6928],[-168.4553,-83.6545],[-168.6097,-83.6225],[-168.6343,-83.6046],[-168.5342,-83.573],[-168.5477,-83.5426],[-168.5826,-83.5304],[-169.0165,-83.5156],[-169.0499,-83.5081],[-169.0757,-83.4892],[-169.0057,-83.4745],[-168.7799,-83.4757],[-169.3454,-83.4425],[-169.4331,-83.4094],[-171.741,-83.2272],[-171.6944,-83.2169],[-170.9567,-83.2619],[-174.0276,-82.9152],[-174.3375,-82.8121],[-174.3696,-82.7789],[-174.3398,-82.7589],[-174.269,-82.7558],[-173.181,-82.9164],[-172.7418,-82.9184],[-172.5124,-82.8699],[-171.4083,-82.9538],[-170.9298,-83.0641],[-170.8351,-83.1282],[-170.7934,-83.1689],[-170.7692,-83.1829],[-170.7195,-83.197],[-169.5997,-83.3105],[-169.5353,-83.3019],[-169.7346,-83.2444],[-168.0858,-83.2555],[-168.0637,-83.2468],[-168.0281,-83.2151],[-168.0094,-83.2081],[-167.4431,-83.2265],[-167.3332,-83.198],[-165.0863,-83.2021],[-164.8541,-83.2503],[-164.8734,-83.2653],[-164.9477,-83.2813],[-164.9534,-83.2895],[-164.9479,-83.3048],[-164.9832,-83.3403],[-164.9858,-83.3559],[-164.9528,-83.3551],[-164.8223,-83.3771],[-164.7796,-83.3909],[-164.7025,-83.4386],[-164.6681,-83.4521],[-164.6965,-83.4682],[-164.691,-83.485],[-164.6573,-83.4981],[-164.6173,-83.5069],[-164.1773,-83.5271],[-164.114,-83.5064],[-164.1732,-83.47],[-164.2032,-83.4317],[-164.2035,-83.4169],[-164.1898,-83.4036],[-164.1662,-83.3961],[-163.5974,-83.3676],[-163.4651,-83.3371],[-163.2841,-83.3386],[-163.134,-83.3155],[-162.8699,-83.3215],[-162.828,-83.3333],[-162.8037,-83.3661],[-162.827,-83.3728],[-162.8036,-83.3919],[-162.7688,-83.3986],[-162.3701,-83.424],[-162.2601,-83.4499],[-162.3083,-83.4626],[-162.4573,-83.4738],[-162.4064,-83.4954],[-162.1691,-83.5247],[-160.07,-83.4792],[-159.4842,-83.5456],[-159.1934,-83.5444],[-159.1017,-83.5334],[-159.0447,-83.476],[-158.9999,-83.4571],[-157.5553,-83.3902],[-157.5297,-83.3842],[-157.4831,-83.3533],[-157.4527,-83.3417],[-156.9177,-83.2302],[-157.0245,-83.2058],[-158.4635,-83.1672],[-158.5219,-83.1584],[-158.5579,-83.1327],[-158.4972,-83.1179],[-155.5922,-83.0461],[-155.4364,-83.0077],[-155.4968,-82.9555],[-155.1345,-82.8775],[-155.11,-82.863],[-155.0821,-82.8172],[-155.0588,-82.8019],[-152.5429,-82.5481],[-152.5554,-82.5265],[-152.6317,-82.4964],[-152.7212,-82.443],[-152.8137,-82.4132],[-152.8968,-82.3741],[-154.2148,-82.1257],[-154.2556,-82.1015],[-154.1114,-82.0715],[-154.804,-81.966],[-154.8389,-81.9448],[-154.775,-81.9229],[-154.5321,-81.8791],[-154.4238,-81.8385],[-154.3519,-81.8235],[-153.8298,-81.7922],[-153.758,-81.7766],[-153.6924,-81.747],[-153.8164,-81.6812],[-153.9832,-81.6769],[-154.0648,-81.6432],[-154.2985,-81.6088],[-154.3579,-81.5749],[-154.41,-81.5621],[-154.8192,-81.5336],[-154.9966,-81.4892],[-157.0567,-81.3513],[-157.1459,-81.319],[-157.1383,-81.3001],[-157.0958,-81.2664],[-157.0639,-81.2558],[-156.4501,-81.1487],[-147.628,-80.9202],[-147.5848,-80.9074],[-147.5483,-80.8869],[-147.5828,-80.8606],[-147.6256,-80.8473],[-148.252,-80.8225],[-148.2988,-80.8131],[-148.0909,-80.8071],[-148.1802,-80.7919],[-148.4515,-80.7822],[-148.3648,-80.7709],[-148.4066,-80.746],[-149.4617,-80.7192],[-148.8852,-80.7006],[-149.4455,-80.6832],[-149.3549,-80.6633],[-149.0356,-80.6612],[-149.2484,-80.6428],[-149.1903,-80.6266],[-148.2577,-80.6363],[-148.3433,-80.6249],[-148.8888,-80.6212],[-149.0187,-80.5915],[-149.6805,-80.59],[-149.727,-80.5825],[-149.5027,-80.5688],[-149.5747,-80.5576],[-149.7945,-80.5538],[-149.6227,-80.537],[-149.6652,-80.527],[-150.2359,-80.528],[-150.3221,-80.5148],[-150.2717,-80.4959],[-150.0849,-80.4963],[-150.4487,-80.4561],[-150.4199,-80.4401],[-150.3868,-80.4371],[-150.4222,-80.4296],[-151.0116,-80.4295],[-150.945,-80.4112],[-150.7233,-80.4128],[-150.8908,-80.398],[-149.9683,-80.3937],[-150.0164,-80.3791],[-150.2121,-80.3551],[-150.3013,-80.3307],[-150.3955,-80.3163],[-150.7258,-80.3204],[-150.5719,-80.3058],[-150.6091,-80.2697],[-150.6747,-80.2537],[-150.8032,-80.2455],[-150.7263,-80.2165],[-150.6447,-80.2116],[-150.4773,-80.2219],[-150.1337,-80.1857],[-150.1802,-80.1441],[-150.2076,-80.1305],[-150.3116,-80.1087],[-150.3473,-80.096],[-150.3697,-80.0746],[-148.8341,-80.1313],[-148.8029,-80.1041],[-148.663,-80.0935],[-148.5462,-80.0715],[-147.5548,-80.0512],[-147.6095,-80.0403],[-148.4551,-80.0242],[-148.5117,-80.008],[-147.879,-80.003],[-147.935,-79.9854],[-148.9499,-79.9726],[-148.9056,-79.9631],[-148.1943,-79.9713],[-148.2494,-79.9628],[-148.647,-79.954],[-148.5803,-79.9496],[-148.5149,-79.9361],[-148.5368,-79.9288],[-148.609,-79.9233],[-148.5823,-79.9163],[-148.4999,-79.9129],[-148.8478,-79.9006],[-148.814,-79.8923],[-148.7788,-79.8919],[-148.8806,-79.8733],[-148.9715,-79.8702],[-148.9997,-79.8608],[-148.7041,-79.8639],[-148.5186,-79.8868],[-148.0438,-79.8902],[-148.0788,-79.9059],[-148.2075,-79.9068],[-148.1569,-79.9176],[-147.994,-79.9172],[-148.0288,-79.9291],[-147.9769,-79.9377],[-147.1553,-79.9459],[-147.1818,-79.9174],[-147.0671,-79.9086],[-147.1686,-79.8967],[-147.2709,-79.9016],[-147.3414,-79.9215],[-147.3924,-79.9254],[-147.5701,-79.9],[-147.8974,-79.9011],[-147.8638,-79.8899],[-147.5852,-79.8746],[-148.059,-79.8351],[-148.1412,-79.8108],[-148.0146,-79.8144],[-147.9198,-79.7989],[-147.8888,-79.8005],[-147.9457,-79.7866],[-147.7731,-79.7795],[-149.0013,-79.6862],[-149.0725,-79.6661],[-149.0397,-79.6491],[-149.0924,-79.6303],[-150.4469,-79.5592],[-150.5344,-79.5341],[-152.0038,-79.3425],[-151.8666,-79.3134],[-151.7579,-79.2779],[-151.6549,-79.2677],[-151.698,-79.2516],[-151.7482,-79.2468],[-152.2142,-79.3102],[-152.2649,-79.3092],[-152.3162,-79.2988],[-152.4142,-79.2639],[-152.312,-79.2364],[-151.9896,-79.204],[-152.107,-79.2014],[-151.9751,-79.1703],[-152.0021,-79.151],[-151.7201,-79.0838],[-151.7855,-79.081],[-152.0748,-79.1072],[-152.1062,-79.1057],[-152.2221,-79.0748],[-152.2568,-79.0771],[-152.232,-79.0986],[-152.2342,-79.1109],[-152.3375,-79.1427],[-152.5644,-79.1751],[-152.5916,-79.1725],[-152.6141,-79.156],[-152.7047,-79.1139],[-152.935,-79.1701],[-153.0793,-79.1394],[-154.9698,-79.0348],[-155.008,-79.0207],[-155.0527,-78.9941],[-156.5283,-78.6637],[-156.5467,-78.6508],[-156.55,-78.6236],[-156.5295,-78.6052],[-156.4993,-78.5943],[-156.0876,-78.5573],[-156.0394,-78.5421],[-156.0737,-78.5169],[-156.116,-78.5076],[-156.0528,-78.4941],[-155.0137,-78.469],[-154.9783,-78.457],[-155.0503,-78.4259],[-154.8909,-78.4239],[-154.7965,-78.4487],[-154.7303,-78.4547],[-154.5229,-78.434],[-154.5821,-78.4169],[-154.5098,-78.4062],[-154.3614,-78.4054],[-154.2908,-78.3889],[-154.3326,-78.3741],[-154.3035,-78.3522],[-154.1811,-78.3352],[-154.2353,-78.281],[-154.1366,-78.2483],[-153.918,-78.2494],[-153.8151,-78.2332],[-154.2097,-78.2218],[-154.2365,-78.2114],[-154.2512,-78.194],[-154.2778,-78.1772],[-154.3196,-78.1692],[-154.3694,-78.1401],[-154.3962,-78.1359],[-154.5679,-78.1344],[-154.7177,-78.154],[-154.6505,-78.1752],[-154.7521,-78.2089],[-154.7741,-78.2345],[-155.12,-78.257],[-155.2141,-78.2464],[-155.2516,-78.205],[-155.092,-78.1935],[-154.9777,-78.2067],[-155.0264,-78.1603],[-155.0427,-78.154],[-155.1816,-78.1625],[-155.2736,-78.1923],[-155.3227,-78.1999],[-155.4215,-78.1708],[-155.4482,-78.1725],[-155.5192,-78.1941],[-155.7469,-78.2039],[-155.9332,-78.1887],[-156.0272,-78.1992],[-156.348,-78.1999],[-156.4453,-78.1681],[-156.4524,-78.1609],[-156.453,-78.1457],[-156.5697,-78.1511],[-156.6252,-78.1428],[-156.6798,-78.1584],[-156.6527,-78.1686],[-156.6818,-78.1939],[-156.7409,-78.2133],[-156.9674,-78.2534],[-157.1996,-78.2527],[-157.2572,-78.2411],[-157.3538,-78.1959],[-157.9836,-78.0529],[-158.058,-78.0143],[-158.0888,-78.0053],[-158.18,-78.0061],[-158.2533,-77.9817],[-158.3439,-77.9744],[-158.4018,-77.9485],[-158.455,-77.8993],[-158.6371,-77.8645],[-158.64,-77.8486],[-158.6246,-77.8298],[-158.5334,-77.7649],[-158.4538,-77.746],[-158.4008,-77.7223],[-158.3249,-77.6365],[-158.2744,-77.6158],[-158.1573,-77.5901],[-158.1181,-77.5558],[-158.2863,-77.5139],[-158.2534,-77.484],[-158.2187,-77.4628],[-158.1402,-77.4279],[-158.1815,-77.4005],[-158.2918,-77.3756],[-158.3295,-77.3429],[-158.3254,-77.2961],[-158.2808,-77.2576],[-158.1775,-77.2058],[-158.2084,-77.1828],[-158.2822,-77.1539],[-158.3117,-77.1324],[-158.3009,-77.1056],[-158.2645,-77.0862],[-158.2202,-77.0737],[-157.9254,-77.0563],[-157.8431,-77.075],[-157.6933,-77.1428],[-157.6094,-77.1583],[-157.5731,-77.1871],[-157.5117,-77.2018],[-157.394,-77.2507],[-157.2507,-77.273],[-157.2771,-77.2815],[-157.3049,-77.282],[-157.2563,-77.3022],[-157.0831,-77.3513],[-157.0218,-77.3587],[-156.9808,-77.3425],[-156.9299,-77.3539],[-156.9033,-77.3484],[-156.8961,-77.3193],[-156.8213,-77.3191],[-156.4671,-77.2607],[-156.5117,-77.2477],[-156.6964,-77.235],[-156.7367,-77.2255],[-156.811,-77.1915],[-156.8336,-77.1877],[-156.7823,-77.1658],[-156.6551,-77.1572],[-156.5903,-77.1124],[-156.5106,-77.1052],[-156.4147,-77.0779],[-156.3238,-77.0661],[-155.8655,-77.0597],[-155.695,-77.0817],[-155.5826,-77.1132],[-155.5,-77.1613],[-155.475,-77.1679],[-155.3569,-77.165],[-155.3158,-77.1702],[-155.3088,-77.1638],[-155.3059,-77.1365],[-155.2905,-77.1288],[-154.8944,-77.1037],[-154.8391,-77.1124],[-154.775,-77.1476],[-154.7503,-77.1535],[-154.4052,-77.1529],[-154.1956,-77.1759],[-154.0968,-77.2138],[-153.534,-77.2542],[-153.3172,-77.3381],[-153.379,-77.3808],[-153.4554,-77.3984],[-153.9051,-77.4052],[-153.9418,-77.4159],[-153.9071,-77.435],[-153.8624,-77.4426],[-153.248,-77.4465],[-153.0806,-77.4731],[-152.9963,-77.4724],[-152.9346,-77.4802],[-152.8724,-77.4679],[-152.8286,-77.4679],[-152.7526,-77.4903],[-152.5754,-77.502],[-152.589,-77.467],[-152.6149,-77.4386],[-152.5806,-77.426],[-152.4764,-77.4079],[-152.5024,-77.3875],[-152.4679,-77.3421],[-152.4855,-77.3191],[-152.4186,-77.3044],[-152.3507,-77.3027],[-152.1857,-77.3332],[-152.1335,-77.3757],[-152.0965,-77.391],[-152.0609,-77.3953],[-151.9876,-77.388],[-151.5146,-77.4164],[-151.3712,-77.4506],[-151.4167,-77.4747],[-151.4661,-77.4865],[-151.4209,-77.509],[-151.0011,-77.5585],[-150.9118,-77.5908],[-150.454,-77.6806],[-150.3743,-77.7179],[-150.3183,-77.736],[-150.2729,-77.7658],[-150.2477,-77.7731],[-150.0991,-77.7792],[-149.975,-77.8162],[-149.8568,-77.8201],[-149.6156,-77.8024],[-149.5024,-77.7726],[-149.2453,-77.7575],[-149.3035,-77.7277],[-149.3831,-77.7193],[-149.4509,-77.691],[-149.5908,-77.6493],[-149.8143,-77.6479],[-149.7656,-77.6432],[-149.7855,-77.6246],[-149.6431,-77.6085],[-149.4985,-77.6095],[-148.9567,-77.7075],[-148.8845,-77.7072],[-148.6737,-77.6749],[-148.8015,-77.5838],[-148.7816,-77.5798],[-148.8147,-77.5615],[-148.7521,-77.552],[-148.5594,-77.56],[-148.0187,-77.4958],[-147.8717,-77.499],[-147.7931,-77.4903],[-147.7582,-77.4617],[-149.0209,-77.3378],[-149.041,-77.3331],[-149.0555,-77.3202],[-149.0621,-77.2939],[-149.0501,-77.2756],[-149.0275,-77.2639],[-148.8027,-77.2343],[-148.9712,-77.2275],[-148.9135,-77.1865],[-148.8512,-77.1257],[-148.7697,-77.1047],[-148.5131,-77.1076],[-147.8468,-77.2638],[-147.7699,-77.3118],[-147.7779,-77.3697],[-147.7012,-77.4094],[-147.6614,-77.423],[-147.6213,-77.4174],[-147.7143,-77.3556],[-147.6869,-77.3491],[-147.6065,-77.384],[-147.5796,-77.3853],[-147.4905,-77.3537],[-147.3917,-77.341],[-147.2967,-77.3162],[-147.233,-77.3137],[-147.2752,-77.2693],[-147.2641,-77.2595],[-146.9762,-77.2359],[-146.8898,-77.2558],[-146.469,-77.4399],[-146.3966,-77.4952],[-146.3751,-77.5031],[-146.3099,-77.4999],[-146.0255,-77.5192],[-145.9326,-77.5001],[-145.9687,-77.4965],[-145.9997,-77.4801],[-145.787,-77.4781],[-145.4984,-77.5252],[-145.4628,-77.5232],[-145.4298,-77.5066],[-145.4594,-77.4948],[-145.4342,-77.483],[-145.4066,-77.4793],[-145.5582,-77.4513],[-145.569,-77.4459],[-145.569,-77.427],[-145.6654,-77.3857],[-145.7347,-77.3687],[-145.9551,-77.3634],[-145.8856,-77.346],[-145.8098,-77.3479],[-145.8535,-77.3326],[-145.9004,-77.3288],[-145.8793,-77.3144],[-145.939,-77.2799],[-145.9645,-77.2545],[-145.9534,-77.2331],[-145.92,-77.2273],[-145.8172,-77.2516],[-145.7091,-77.2434],[-145.5641,-77.2516],[-145.5254,-77.2346],[-145.4272,-77.247],[-145.246,-77.2324],[-145.275,-77.2211],[-145.9369,-77.0663],[-146.1629,-77.0585],[-146.3091,-77.0302],[-146.3814,-77.0031],[-146.3192,-76.9905],[-145.536,-77.0551],[-145.5241,-77.0772],[-145.5069,-77.0795],[-145.3454,-77.0571],[-145.31,-77.0587],[-145.3283,-77.0401],[-145.3617,-77.0284],[-145.5693,-76.9826],[-145.5452,-76.97],[-145.5467,-76.9478],[-145.5652,-76.9265],[-145.5925,-76.9168],[-145.8104,-76.9199],[-145.9149,-76.8976],[-145.9477,-76.8801],[-145.9636,-76.8575],[-145.9451,-76.8303],[-145.9136,-76.818],[-145.7395,-76.8282],[-145.5244,-76.7989],[-145.4757,-76.7785],[-145.3983,-76.7795],[-145.4626,-76.7516],[-145.5342,-76.738],[-146.11,-76.7092],[-146.1375,-76.6993],[-146.1851,-76.6625],[-146.3109,-76.6301],[-146.4166,-76.6274],[-146.4503,-76.6179],[-146.4701,-76.5927],[-146.4327,-76.5702],[-146.3912,-76.5587],[-146.4464,-76.5478],[-146.6181,-76.5324],[-147.0817,-76.4328],[-148.0395,-76.4485],[-148.115,-76.4636],[-148.1954,-76.4655],[-148.4528,-76.506],[-149.6398,-76.4299],[-149.6877,-76.4164],[-149.7141,-76.3977],[-149.709,-76.3767],[-149.6598,-76.3381],[-149.6063,-76.3139],[-149.5458,-76.3004],[-149.4833,-76.2932],[-149.0333,-76.3019],[-148.8741,-76.2657],[-148.5397,-76.2283],[-148.6458,-76.2091],[-148.6903,-76.1915],[-148.6893,-76.1611],[-148.6487,-76.1347],[-148.5914,-76.1169],[-148.4254,-76.0895],[-148.1971,-76.0871],[-147.1645,-76.2322],[-147.1898,-76.2411],[-147.2163,-76.2409],[-147.1673,-76.2576],[-146.9567,-76.2989],[-146.761,-76.3123],[-146.5976,-76.3596],[-146.5716,-76.3552],[-146.5211,-76.3292],[-146.4945,-76.3268],[-146.4665,-76.3381],[-146.3931,-76.3902],[-146.2507,-76.4238],[-146.1692,-76.4086],[-146.0054,-76.4168],[-145.9341,-76.4428],[-145.7184,-76.4649],[-145.3546,-76.4345],[-145.3817,-76.4098],[-145.4791,-76.3539],[-145.5046,-76.3303],[-145.5386,-76.3155],[-145.9091,-76.2592],[-146.4996,-76.087],[-146.4696,-76.0631],[-146.4377,-76.0501],[-146.3634,-76.0379],[-146.3776,-76.0143],[-146.2905,-75.9948],[-146.3035,-75.9655],[-146.2092,-75.9155],[-145.9508,-75.8826],[-145.1803,-75.9072],[-145.2136,-75.8935],[-145.1852,-75.8832],[-145.0573,-75.8752],[-144.8912,-75.8409],[-144.5904,-75.8434],[-144.3879,-75.8127],[-144.3205,-75.8142],[-144.2711,-75.8239],[-144.2213,-75.8212],[-144.1773,-75.804],[-144.1604,-75.804],[-144.2047,-75.7494],[-144.2105,-75.7346],[-144.2025,-75.7185],[-144.1878,-75.7128],[-143.9718,-75.6961],[-143.9956,-75.6749],[-144.0474,-75.6664],[-144.199,-75.6612],[-144.3076,-75.6423],[-144.3572,-75.624],[-144.3061,-75.6145],[-144.089,-75.6142],[-143.3918,-75.5383],[-142.6794,-75.5618],[-142.6549,-75.5587],[-142.6161,-75.5402],[-142.5574,-75.5421],[-142.5372,-75.5368],[-142.514,-75.5188],[-142.5496,-75.4885],[-142.5782,-75.4513],[-142.5264,-75.4376],[-142.467,-75.4317],[-142.1302,-75.4609],[-142.0312,-75.4955],[-141.9119,-75.5036],[-141.8614,-75.5212],[-141.7363,-75.6264],[-141.6905,-75.6537],[-141.6474,-75.7068],[-141.5917,-75.7307],[-141.554,-75.7617],[-141.5272,-75.7675],[-141.4162,-75.7641],[-141.3795,-75.7395],[-141.3017,-75.7507],[-140.913,-75.7624],[-140.8588,-75.7924],[-140.8261,-75.801],[-140.6465,-75.8072],[-140.7765,-75.7439],[-140.6849,-75.746],[-140.8372,-75.6829],[-141.2384,-75.5987],[-141.2982,-75.5662],[-141.3265,-75.5268],[-141.2988,-75.5016],[-141.2305,-75.4924],[-140.9275,-75.5115],[-140.8197,-75.5309],[-140.277,-75.4326],[-140.2174,-75.4103],[-140.1986,-75.3925],[-140.2188,-75.3752],[-140.1571,-75.3406],[-139.8497,-75.2407],[-139.7674,-75.2363],[-139.6742,-75.2185],[-139.677,-75.1964],[-139.6594,-75.1764],[-139.6112,-75.1535],[-139.5666,-75.148],[-139.3514,-75.1477],[-139.2043,-75.1249],[-139.0342,-75.1407],[-137.9043,-75.1056],[-137.8487,-75.0959],[-137.786,-75.0696],[-137.7423,-75.0606],[-137.4774,-75.0881],[-137.0949,-75.1799],[-137.0716,-75.1779],[-137.0184,-75.1461],[-136.9952,-75.1448],[-136.9189,-75.1562],[-136.346,-75.1778],[-136.3624,-75.1579],[-136.382,-75.1461],[-136.4301,-75.1339],[-136.335,-75.1254],[-136.3744,-75.1081],[-136.8776,-75.0382],[-136.9648,-75.0136],[-137.0099,-75.0099],[-136.9586,-74.9931],[-136.8856,-74.9814],[-136.8643,-74.9646],[-136.8631,-74.9479],[-136.8912,-74.8803],[-136.8824,-74.8547],[-136.8849,-74.8283],[-136.8668,-74.7926],[-136.8343,-74.7604],[-136.7943,-74.7499],[-136.5653,-74.7586],[-136.4178,-74.7392],[-136.3493,-74.7177],[-136.2248,-74.7014],[-136.123,-74.7011],[-135.9361,-74.7236],[-135.8561,-74.7498],[-135.7018,-74.7473],[-135.6478,-74.7135],[-135.6566,-74.6995],[-135.7001,-74.678],[-135.6338,-74.6406],[-135.4955,-74.5812],[-135.42,-74.5651],[-135.3424,-74.5602],[-134.5186,-74.6432],[-134.4889,-74.6575],[-134.5014,-74.6769],[-134.5709,-74.7171],[-134.5863,-74.7363],[-134.5681,-74.7561],[-134.5152,-74.7809],[-134.3922,-74.8015],[-134.373,-74.8117],[-134.3776,-74.8292],[-134.4147,-74.859],[-134.3556,-74.8704],[-134.2381,-74.8556],[-134.1761,-74.8549],[-134.0904,-74.881],[-134.059,-74.8849],[-133.9292,-74.8842],[-133.9537,-74.8958],[-133.9566,-74.9072],[-133.9481,-74.9203],[-133.8655,-74.9283],[-133.3182,-74.8349],[-133.1998,-74.8403],[-132.7912,-74.7686],[-132.7612,-74.7685],[-132.69,-74.8035],[-132.6357,-74.8189],[-132.5787,-74.8258],[-132.0931,-74.7633],[-131.7788,-74.7809],[-131.5554,-74.846],[-131.0128,-74.8165],[-130.9547,-74.8311],[-130.8158,-74.8157],[-130.7704,-74.8233],[-130.7319,-74.8386],[-129.9751,-74.9133],[-129.2746,-74.8408],[-129.2276,-74.8206],[-129.1868,-74.8264],[-128.7115,-74.8225],[-128.6502,-74.8129],[-128.5327,-74.773],[-128.473,-74.7634],[-128.005,-74.7413],[-127.9591,-74.7177],[-127.8505,-74.7263],[-127.796,-74.7039],[-127.7405,-74.7044],[-127.6299,-74.7198],[-127.3524,-74.7068],[-127.2447,-74.6801],[-127.1258,-74.6897],[-126.9391,-74.6767],[-126.878,-74.6824],[-126.7971,-74.7044],[-126.6761,-74.72],[-126.5946,-74.7424],[-126.1134,-74.7615],[-126.0561,-74.7482],[-125.9336,-74.7525],[-125.7401,-74.7048],[-124.9359,-74.7151],[-124.8263,-74.736],[-124.4764,-74.7136],[-124.423,-74.7214],[-124.3656,-74.707],[-124.3074,-74.7123],[-124.1999,-74.7473],[-124.0763,-74.8071],[-124.0513,-74.8111],[-123.4661,-74.7818],[-123.3441,-74.7564],[-123.2178,-74.7556],[-123.2244,-74.7748],[-123.1182,-74.7963],[-123.0099,-74.7965],[-122.8363,-74.7657],[-122.7234,-74.7761],[-122.4548,-74.7534],[-122.4236,-74.7551],[-122.3331,-74.7766],[-122.3055,-74.7763],[-122.2,-74.7538],[-122.0039,-74.7752],[-121.9128,-74.7656],[-121.8294,-74.7841],[-121.7725,-74.7861],[-121.7435,-74.7571],[-121.7157,-74.7511],[-121.6359,-74.759],[-121.4749,-74.7558],[-121.4338,-74.735],[-121.2546,-74.7247],[-121.2844,-74.7408],[-121.3177,-74.7477],[-121.2621,-74.7565],[-121.2031,-74.756],[-121.1455,-74.7451],[-121.0716,-74.7164],[-121.0434,-74.7161],[-121.0165,-74.7219],[-120.9757,-74.7464],[-120.9466,-74.7478],[-120.8293,-74.7398],[-120.717,-74.7133],[-120.154,-74.6601],[-120.0427,-74.6774],[-119.8973,-74.6819],[-119.5438,-74.6423],[-119.4211,-74.6576],[-119.4014,-74.655],[-119.3212,-74.6166],[-119.135,-74.5981],[-119.0545,-74.6052],[-118.9823,-74.5953],[-118.8671,-74.6025],[-118.6796,-74.5637],[-118.6291,-74.5452],[-118.6165,-74.5222],[-118.6471,-74.5095],[-119.1383,-74.5034],[-119.0697,-74.4396],[-118.9755,-74.4042],[-118.1239,-74.3128],[-117.9708,-74.2581],[-117.9228,-74.2721],[-117.8492,-74.3163],[-117.8411,-74.3377],[-117.8836,-74.3629],[-117.9781,-74.3998],[-117.9139,-74.4196],[-117.8359,-74.4119],[-117.8092,-74.4147],[-117.7928,-74.4314],[-117.8827,-74.4698],[-117.844,-74.51],[-117.7858,-74.5175],[-117.6623,-74.5034],[-117.6041,-74.5094],[-117.49,-74.5348],[-117.3412,-74.5468],[-117.1424,-74.5348],[-116.6935,-74.5579],[-116.5189,-74.5177],[-116.4629,-74.5112],[-116.2961,-74.5192],[-116.2119,-74.4946],[-116.1518,-74.5042],[-116.0502,-74.4973],[-116.0975,-74.4669],[-116.101,-74.4477],[-116.0954,-74.4301],[-116.0841,-74.4191],[-116.0524,-74.4065],[-115.9803,-74.3918],[-115.9067,-74.3854],[-115.9272,-74.4103],[-115.9282,-74.4225],[-115.8883,-74.456],[-115.7936,-74.5012],[-115.7267,-74.5217],[-115.6493,-74.5309],[-115.4169,-74.5112],[-115.2372,-74.5151],[-115.0239,-74.4825],[-114.8743,-74.4816],[-114.8385,-74.4714],[-114.8837,-74.4366],[-114.8911,-74.4212],[-114.8911,-74.3982],[-114.8806,-74.3879],[-114.8424,-74.385],[-114.9028,-74.3644],[-114.9231,-74.3481],[-114.9945,-74.3246],[-115.068,-74.2564],[-115.0915,-74.2058],[-115.1238,-74.173],[-115.1261,-74.1511],[-115.111,-74.131],[-115.0827,-74.113],[-115.1249,-74.0949],[-115.0222,-74.0466],[-114.9129,-74.0169],[-114.945,-73.9944],[-114.8133,-73.9636],[-114.7969,-73.9389],[-114.734,-73.9269],[-114.5054,-73.92],[-114.3744,-73.8815],[-114.21,-73.8635],[-114.1017,-73.892],[-113.9518,-73.9146],[-113.9774,-73.9483],[-114.0113,-73.9684],[-114.286,-74.0592],[-114.2423,-74.0783],[-114.1881,-74.0771],[-113.8925,-74.0227],[-113.6112,-74.0252],[-113.562,-74.0353],[-113.4396,-74.0997],[-113.4261,-74.1199],[-113.4455,-74.1266],[-113.447,-74.1428],[-113.422,-74.1749],[-113.8832,-74.2371],[-113.9478,-74.2564],[-113.9194,-74.2654],[-113.8046,-74.2766],[-113.7499,-74.2732],[-113.6852,-74.2966],[-113.8053,-74.3427],[-113.8092,-74.3554],[-113.8022,-74.3928],[-113.7949,-74.4006],[-113.7484,-74.4113],[-113.8013,-74.4518],[-113.7311,-74.4698],[-113.6575,-74.4664],[-113.5124,-74.4312],[-113.2251,-74.4021],[-113.263,-74.4509],[-113.3109,-74.4807],[-113.5636,-74.5541],[-113.6219,-74.5811],[-114.0592,-74.6284],[-114.1461,-74.6604],[-114.3258,-74.6819],[-114.357,-74.6959],[-114.2657,-74.7161],[-114.153,-74.7153],[-113.9709,-74.6826],[-113.9154,-74.6799],[-113.8618,-74.6891],[-113.8398,-74.6992],[-113.8267,-74.713],[-113.8263,-74.7297],[-113.8424,-74.7487],[-113.9195,-74.7829],[-113.9356,-74.802],[-113.9542,-74.8596],[-113.9696,-74.8849],[-114.019,-74.9122],[-114.1421,-74.9358],[-114.2697,-75.0038],[-114.2781,-75.0197],[-114.2628,-75.0427],[-114.2386,-75.0534],[-114.1058,-75.0689],[-113.9644,-75.0378],[-113.8883,-75.0359],[-113.8633,-75.0263],[-113.7897,-74.9775],[-113.7349,-74.9604],[-113.6549,-74.9655],[-113.5012,-74.948],[-113.4439,-74.949],[-112.9178,-74.8731],[-112.8672,-74.8759],[-112.726,-74.8993],[-112.6758,-74.898],[-112.6566,-74.8898],[-112.6243,-74.8521],[-112.5702,-74.8464],[-112.2458,-74.8626],[-112.2137,-74.8372],[-112.139,-74.8266],[-112.0758,-74.8089],[-111.5426,-74.8015],[-111.5602,-74.7813],[-111.5576,-74.7623],[-111.5406,-74.7477],[-111.515,-74.7399],[-111.5501,-74.7228],[-111.6669,-74.7363],[-111.7104,-74.7214],[-111.7541,-74.6842],[-111.8063,-74.6564],[-111.9168,-74.6184],[-111.9117,-74.6023],[-111.9261,-74.5512],[-111.918,-74.5351],[-111.9005,-74.5219],[-111.8182,-74.4909],[-111.4852,-74.5011],[-111.4198,-74.4859],[-111.3256,-74.4755],[-111.3575,-74.4592],[-111.4785,-74.4553],[-111.6971,-74.4229],[-111.7408,-74.4098],[-111.7823,-74.3908],[-111.8871,-74.3154],[-111.9048,-74.2824],[-111.8771,-74.2525],[-111.9063,-74.242],[-111.887,-74.2286],[-111.8152,-74.2228],[-111.6498,-74.1749],[-111.5926,-74.1725],[-111.4531,-74.186],[-111.4017,-74.1817],[-111.2308,-74.1967],[-111.1525,-74.2213],[-111.0464,-74.2394],[-111.0063,-74.2634],[-110.8883,-74.282],[-110.8618,-74.2944],[-110.8275,-74.3235],[-110.7966,-74.3268],[-110.7414,-74.3202],[-110.7226,-74.3041],[-110.6898,-74.2529],[-110.6688,-74.2405],[-110.5549,-74.2441],[-110.4486,-74.2713],[-110.2482,-74.3722],[-110.3989,-74.3952],[-110.4455,-74.4094],[-110.4095,-74.4272],[-110.3518,-74.4402],[-110.2266,-74.4272],[-110.1929,-74.4323],[-110.1222,-74.4783],[-110.1353,-74.4968],[-110.111,-74.5229],[-110.1031,-74.5486],[-110.1144,-74.5772],[-110.1367,-74.6002],[-110.1617,-74.6096],[-110.2189,-74.6065],[-110.2436,-74.6114],[-110.317,-74.6554],[-110.3207,-74.6663],[-110.2484,-74.7047],[-110.2416,-74.7228],[-110.2472,-74.7525],[-110.2637,-74.7683],[-110.2944,-74.7819],[-110.4723,-74.8219],[-110.5937,-74.8313],[-110.6754,-74.8294],[-110.8502,-74.9311],[-110.9342,-74.9558],[-110.9891,-74.9811],[-111.2567,-75.02],[-111.3009,-75.0335],[-111.3827,-75.0735],[-111.5268,-75.108],[-111.5784,-75.1288],[-111.6007,-75.1552],[-111.4908,-75.1576],[-111.5199,-75.1734],[-111.6187,-75.1974],[-111.4811,-75.1957],[-111.3641,-75.2343],[-111.3042,-75.2409],[-111.2739,-75.2384],[-111.1893,-75.2099],[-111.1299,-75.2021],[-110.4459,-75.193],[-110.3379,-75.2267],[-110.1728,-75.2392],[-109.9943,-75.2203],[-109.9002,-75.2321],[-109.8672,-75.2306],[-109.8157,-75.2131],[-109.6929,-75.1461],[-108.1037,-75.2565],[-108.0273,-75.2838],[-107.8661,-75.3235],[-107.3877,-75.3129],[-107.2908,-75.341],[-107.1929,-75.343],[-107.1641,-75.3367],[-107.1143,-75.3089],[-106.9049,-75.31],[-106.8152,-75.3305],[-106.7145,-75.3336],[-106.6554,-75.3704],[-106.5913,-75.3786],[-106.5252,-75.3728],[-106.481,-75.3552],[-106.4491,-75.3168],[-105.7169,-75.2516],[-105.6617,-75.2203],[-105.1418,-75.1813],[-105.1042,-75.1671],[-105.0991,-75.1606],[-105.1063,-75.1464],[-105.0963,-75.1241],[-105.0641,-75.1125],[-105.0265,-75.1078],[-104.8363,-75.1066],[-104.8162,-75.1111],[-104.7609,-75.1413],[-104.6326,-75.1599],[-104.5506,-75.1607],[-104.3348,-75.1248],[-104.1014,-75.1208],[-103.9311,-75.1539],[-103.8122,-75.153],[-103.296,-75.0854],[-102.5965,-75.129],[-102.4389,-75.1091],[-102.3407,-75.1305],[-102.1722,-75.1228],[-102.0775,-75.1296],[-101.8593,-75.1056],[-101.7849,-75.0841],[-101.7607,-75.0829],[-101.6543,-75.1004],[-101.5986,-75.1188],[-101.5642,-75.1467],[-101.553,-75.175],[-101.5544,-75.1967],[-101.5911,-75.2371],[-101.6314,-75.2628],[-101.6568,-75.3054],[-101.5344,-75.3483],[-101.1486,-75.3718],[-101.16,-75.3938],[-101.1548,-75.4137],[-101.1375,-75.4275],[-101.1127,-75.4321],[-101.0249,-75.4205],[-100.9398,-75.4221],[-100.6286,-75.3917],[-100.5467,-75.3664],[-100.4357,-75.3505],[-100.3239,-75.35],[-100.2223,-75.3601],[-100.1374,-75.3845],[-100.1099,-75.3864],[-100.0521,-75.367],[-100.016,-75.3671],[-99.8316,-75.3298],[-99.4314,-75.3034],[-99.0143,-75.3395],[-98.9457,-75.3171],[-98.772,-75.321],[-98.642,-75.3095],[-98.5793,-75.2736],[-98.4812,-75.2589],[-98.4022,-75.2364],[-98.4298,-75.2179],[-98.4786,-75.2156],[-98.5714,-75.2258],[-98.7442,-75.2245],[-98.4343,-75.1334],[-98.5477,-75.1235],[-98.8991,-75.175],[-99.04,-75.1462],[-99.3797,-75.1127],[-99.3354,-75.0763],[-99.3279,-75.0541],[-99.324,-74.9626],[-99.3341,-74.9516],[-99.3834,-74.9267],[-99.4385,-74.9133],[-99.602,-74.9465],[-99.7413,-74.9249],[-99.8844,-74.922],[-100.1051,-74.9431],[-100.3411,-74.9265],[-100.5223,-74.8909],[-100.5438,-74.8737],[-100.5369,-74.858],[-100.5286,-74.8552],[-100.3631,-74.8404],[-100.3074,-74.843],[-100.2038,-74.8601],[-100.1492,-74.8591],[-100.0834,-74.8461],[-100.0123,-74.7957],[-99.9193,-74.7698],[-99.9653,-74.7448],[-100.0106,-74.7319],[-100.1102,-74.7162],[-100.0394,-74.6692],[-100.0179,-74.6436],[-100.1134,-74.631],[-100.0851,-74.6108],[-100.0528,-74.6017],[-99.8766,-74.5773],[-99.8158,-74.5379],[-99.8009,-74.5367],[-99.8332,-74.5222],[-99.8819,-74.5246],[-99.9281,-74.5077],[-100.032,-74.5084],[-100.0926,-74.4797],[-100.1307,-74.4734],[-100.2464,-74.4897],[-100.3305,-74.4806],[-100.3998,-74.4827],[-100.4358,-74.4757],[-100.4797,-74.4833],[-100.5995,-74.4846],[-100.9273,-74.5506],[-101.3959,-74.5027],[-101.4626,-74.4763],[-101.4171,-74.4553],[-101.3772,-74.4256],[-101.4242,-74.4128],[-101.4343,-74.3972],[-101.4287,-74.3743],[-101.4119,-74.3559],[-101.3066,-74.3066],[-101.2935,-74.2848],[-101.295,-74.2748],[-101.4264,-74.28],[-101.3599,-74.2453],[-101.355,-74.2258],[-101.3655,-74.1989],[-101.3822,-74.176],[-101.405,-74.1601],[-101.4337,-74.1545],[-101.4271,-74.129],[-101.4392,-74.1165],[-101.4871,-74.1028],[-101.5351,-74.0732],[-101.5494,-74.0519],[-101.5568,-74.023],[-101.5892,-74.0002],[-101.6584,-73.9953],[-101.786,-74.0035],[-101.9014,-73.9972],[-102.0637,-73.9575],[-102.2294,-73.9625],[-102.3937,-73.9318],[-102.7333,-73.9372],[-102.8486,-73.9216],[-102.8964,-73.9021],[-102.9233,-73.8575],[-102.8827,-73.8166],[-102.8222,-73.78],[-102.789,-73.7488],[-102.8039,-73.717],[-102.8461,-73.7011],[-102.9783,-73.6822],[-102.9869,-73.675],[-102.9827,-73.621],[-102.9986,-73.6096],[-102.951,-73.5891],[-102.8898,-73.5855],[-101.912,-73.6364],[-101.8005,-73.6633],[-101.3854,-73.6672],[-101.2734,-73.6956],[-101.2592,-73.7092],[-101.2609,-73.7385],[-101.2506,-73.7483],[-101.1639,-73.7707],[-100.6321,-73.7822],[-100.612,-73.7724],[-100.5872,-73.7475],[-100.5336,-73.7519],[-100.4857,-73.7302],[-100.4586,-73.7262],[-99.8674,-73.7331],[-99.6686,-73.7024],[-99.5845,-73.707],[-99.4721,-73.6756],[-99.4986,-73.6616],[-99.5859,-73.6349],[-99.4973,-73.6186],[-99.2101,-73.6442],[-98.8144,-73.6323],[-98.8677,-73.5939],[-99.4853,-73.5475],[-99.5877,-73.5226],[-99.5516,-73.4998],[-99.5023,-73.4894],[-99.4056,-73.4866],[-99.6002,-73.4482],[-99.6362,-73.4478],[-99.7149,-73.4677],[-99.7275,-73.462],[-99.7305,-73.4484],[-99.7113,-73.3989],[-99.7341,-73.373],[-99.7681,-73.3642],[-101.1204,-73.3295],[-101.2126,-73.3154],[-101.6942,-73.3359],[-101.8566,-73.3045],[-102.6026,-73.3307],[-102.8736,-73.3082],[-102.9869,-73.238],[-103.0441,-73.2245],[-103.1175,-73.186],[-103.1478,-73.1773],[-103.2664,-73.1672],[-103.3067,-73.1471],[-103.3159,-73.131],[-103.3075,-73.1163],[-103.2396,-73.0778],[-103.2878,-73.0478],[-103.2613,-73.0066],[-103.3339,-72.9615],[-103.3546,-72.9397],[-103.4038,-72.8635],[-103.4299,-72.8494],[-103.3343,-72.7746],[-103.2986,-72.7576],[-103.0414,-72.7076],[-102.3286,-72.7381],[-102.2699,-72.7547],[-102.094,-72.7717],[-102.1496,-72.7947],[-102.1688,-72.8098],[-102.1483,-72.8305],[-102.1705,-72.8498],[-102.1977,-72.8606],[-102.1612,-72.8803],[-102.1886,-72.8945],[-102.2919,-72.9089],[-102.3339,-72.9347],[-102.3511,-72.9384],[-102.4276,-72.9404],[-102.4849,-72.9621],[-102.5543,-72.9635],[-102.7169,-72.9977],[-102.6767,-73.0053],[-102.0766,-72.9784],[-101.984,-72.987],[-101.9971,-73.0397],[-101.9603,-73.0556],[-101.3972,-73.0134],[-101.3102,-72.9908],[-100.7659,-72.976],[-100.6587,-73.0105],[-100.3769,-73.0659],[-100.3183,-73.0688],[-100.2623,-73.0606],[-100.142,-73.0226],[-100.1128,-73.019],[-100.0233,-73.024],[-99.8536,-72.9955],[-99.6822,-73.0173],[-97.7174,-73.0253],[-97.8022,-73.0919],[-97.8354,-73.1104],[-97.9812,-73.1694],[-97.9288,-73.1884],[-97.8733,-73.1992],[-97.8166,-73.2013],[-97.7611,-73.1941],[-97.6026,-73.1362],[-97.4189,-73.1249],[-97.3351,-73.1493],[-97.2257,-73.1531],[-97.1807,-73.1803],[-97.1566,-73.186],[-96.9921,-73.192],[-96.9121,-73.2292],[-96.7051,-73.2673],[-96.5883,-73.2761],[-96.475,-73.2995],[-95.8427,-73.3315],[-95.8313,-73.325],[-95.7946,-73.2756],[-95.7466,-73.2551],[-95.6886,-73.2444],[-95.5113,-73.2448],[-95.3962,-73.2237],[-95.3386,-73.2201],[-95.2783,-73.2271],[-95.2338,-73.211],[-95.1938,-73.2091],[-95.0032,-73.2441],[-94.578,-73.2355],[-94.5312,-73.246],[-94.387,-73.3093],[-94.3358,-73.3215],[-94.131,-73.3126],[-93.9359,-73.2795],[-93.7743,-73.2162],[-93.697,-73.2123],[-93.6343,-73.2238],[-93.6163,-73.2166],[-93.599,-73.183],[-93.5716,-73.1752],[-93.0227,-73.1931],[-92.8014,-73.1428],[-92.7698,-73.1491],[-92.7423,-73.1783],[-92.7183,-73.1838],[-92.5399,-73.1661],[-91.9538,-73.1845],[-91.9337,-73.1912],[-91.9193,-73.2242],[-91.8436,-73.2551],[-91.663,-73.2452],[-91.1149,-73.3007],[-91.0971,-73.3112],[-91.089,-73.3346],[-91.0774,-73.3366],[-90.7599,-73.3082],[-90.6489,-73.2776],[-90.5596,-73.2838],[-90.5343,-73.2802],[-90.3604,-73.2228],[-90.2067,-73.1498],[-90.1608,-73.1397],[-90.0703,-73.143],[-89.9468,-73.1272],[-89.9007,-73.1276],[-89.7997,-73.1437],[-89.7456,-73.1423],[-89.5367,-73.1043],[-89.4432,-73.1209],[-89.2838,-73.1066],[-89.2303,-73.1113],[-89.2608,-73.0881],[-89.2817,-73.0626],[-89.28,-73.0377],[-89.2426,-73.0168],[-89.088,-72.9601],[-89.0541,-72.9291],[-89.0636,-72.9216],[-89.1063,-72.9133],[-89.1193,-72.9025],[-89.0995,-72.8084],[-89.1105,-72.7643],[-89.1714,-72.7306],[-89.3583,-72.677],[-89.4247,-72.6435],[-89.3485,-72.6345],[-88.2235,-72.7123],[-88.1735,-72.7321],[-88.1389,-72.7621],[-88.1235,-72.8259],[-88.1088,-72.8434],[-88.1957,-72.8766],[-88.2861,-72.8996],[-88.4063,-72.9184],[-88.4336,-72.936],[-88.4412,-72.9561],[-88.4328,-72.9694],[-88.3937,-72.9905],[-88.4193,-73.0211],[-88.4554,-73.0383],[-88.714,-73.1198],[-88.7042,-73.127],[-88.5664,-73.1653],[-88.4783,-73.2429],[-88.4438,-73.2636],[-88.4069,-73.2706],[-88.3691,-73.2659],[-88.2631,-73.2204],[-88.2297,-73.2128],[-88.1523,-73.2099],[-88.1181,-73.2145],[-88.0578,-73.2434],[-87.9215,-73.2527],[-87.8856,-73.2465],[-87.8248,-73.2211],[-87.6488,-73.1945],[-87.505,-73.2011],[-87.3495,-73.1696],[-87.3321,-73.174],[-87.3236,-73.1843],[-87.3323,-73.2021],[-87.3603,-73.219],[-87.3937,-73.2263],[-87.3583,-73.2561],[-87.3184,-73.2686],[-87.1817,-73.2775],[-87.1345,-73.2872],[-87.1107,-73.3097],[-87.1335,-73.3525],[-87.0413,-73.3772],[-86.9465,-73.3836],[-86.6666,-73.372],[-86.5946,-73.3488],[-86.4604,-73.3373],[-86.4337,-73.3277],[-86.4139,-73.3119],[-86.3855,-73.2746],[-86.3677,-73.2628],[-86.317,-73.258],[-86.2493,-73.2799],[-86.2223,-73.2776],[-86.0712,-73.2473],[-85.9861,-73.2018],[-85.8868,-73.1769],[-85.7826,-73.1691],[-85.6786,-73.1775],[-85.5804,-73.2005],[-85.644,-73.2136],[-85.6586,-73.2221],[-85.6686,-73.2411],[-85.6649,-73.2551],[-85.6526,-73.2646],[-85.5947,-73.2835],[-85.5641,-73.3349],[-85.5037,-73.353],[-85.5429,-73.3718],[-85.5316,-73.3853],[-85.4998,-73.3876],[-85.4398,-73.4101],[-85.3672,-73.392],[-85.3395,-73.3963],[-85.2294,-73.4407],[-85.1693,-73.4566],[-85.1015,-73.4871],[-84.9192,-73.5133],[-84.8503,-73.5323],[-84.4669,-73.5694],[-84.1775,-73.5572],[-84.113,-73.5496],[-84.041,-73.568],[-83.949,-73.546],[-83.8646,-73.5654],[-83.7517,-73.5602],[-83.752,-73.6126],[-83.7598,-73.6349],[-83.8361,-73.645],[-83.8816,-73.6667],[-83.8666,-73.6791],[-83.8087,-73.6938],[-83.8204,-73.7228],[-83.8192,-73.7328],[-83.8093,-73.7413],[-83.691,-73.7267],[-83.6658,-73.7284],[-83.6317,-73.7522],[-83.5535,-73.7306],[-83.5192,-73.7371],[-83.4886,-73.7019],[-83.4501,-73.6852],[-83.3961,-73.6876],[-83.2958,-73.7061],[-82.9337,-73.7104],[-82.7143,-73.7442],[-82.674,-73.7701],[-82.6012,-73.7687],[-82.3483,-73.8263],[-82.2749,-73.8596],[-82.2092,-73.8801],[-82.1371,-73.8897],[-82.0648,-73.887],[-81.9984,-73.8704],[-81.8927,-73.8183],[-81.7884,-73.8276],[-81.7072,-73.8268],[-81.234,-73.7302],[-81.1847,-73.7042],[-81.1468,-73.6659],[-81.1116,-73.6044],[-81.0863,-73.5945],[-81.1155,-73.5695],[-81.2726,-73.5217],[-81.3063,-73.5021],[-81.3282,-73.4801],[-81.3355,-73.4573],[-81.3321,-73.4332],[-81.3109,-73.3774],[-81.3095,-73.3536],[-81.3227,-73.3356],[-81.3555,-73.3238],[-81.3112,-73.273],[-81.2347,-73.248],[-81.1493,-73.2399],[-80.8102,-73.2631],[-80.7746,-73.276],[-80.7274,-73.317],[-80.7093,-73.3244],[-80.612,-73.3338],[-80.3938,-73.4142],[-80.2714,-73.4225],[-80.2325,-73.4177],[-80.1968,-73.402],[-80.2255,-73.3996],[-80.3247,-73.3626],[-80.3518,-73.3455],[-80.3638,-73.2864],[-80.4368,-73.1882],[-80.5194,-73.1533],[-80.5642,-73.1098],[-80.6238,-73.0982],[-80.651,-73.0844],[-80.6644,-73.0229],[-80.6465,-72.9968],[-80.6063,-72.9748],[-80.4925,-72.9533],[-80.3777,-72.95],[-79.6475,-73.0387],[-79.5814,-73.0795],[-79.2325,-73.1956],[-79.1426,-73.2472],[-79.0923,-73.2653],[-78.992,-73.2868],[-78.9186,-73.2927],[-78.8813,-73.3108],[-78.7819,-73.338],[-78.744,-73.3649],[-78.7425,-73.4133],[-78.7637,-73.4455],[-78.8246,-73.4851],[-78.8605,-73.5196],[-78.8581,-73.5416],[-78.8718,-73.5832],[-78.8674,-73.5993],[-78.845,-73.6088],[-78.7827,-73.6117],[-78.5846,-73.5821],[-78.5289,-73.5606],[-78.5014,-73.5566],[-78.2012,-73.5563],[-77.9733,-73.5235],[-77.8519,-73.5226],[-77.5312,-73.4675],[-77.442,-73.4723],[-77.3605,-73.5036],[-77.3312,-73.5084],[-77.244,-73.5126],[-77.2146,-73.5092],[-77.0792,-73.4625],[-76.8797,-73.4586],[-76.7801,-73.489],[-76.7183,-73.5235],[-76.6987,-73.5475],[-76.7055,-73.5715],[-76.7282,-73.5917],[-76.9409,-73.6679],[-76.9948,-73.7087],[-77.2424,-73.8124],[-77.1224,-73.8708],[-77.0808,-73.8793],[-77.0198,-73.8707],[-76.9313,-73.8327],[-76.7783,-73.7903],[-76.6039,-73.7874],[-76.5786,-73.7902],[-76.5098,-73.8159],[-76.2772,-73.8209],[-76.2246,-73.7859],[-75.9661,-73.7516],[-75.9239,-73.7312],[-75.8978,-73.7271],[-75.8161,-73.7306],[-75.6787,-73.7105],[-75.5607,-73.7138],[-75.5329,-73.7081],[-75.3567,-73.6355],[-75.2681,-73.6212],[-74.9076,-73.6423],[-74.7817,-73.6692],[-74.738,-73.6882],[-74.6628,-73.7353],[-74.6123,-73.7361],[-74.5128,-73.7169],[-74.4537,-73.685],[-74.4116,-73.6716],[-74.3411,-73.6735],[-74.2772,-73.6627],[-74.1051,-73.7161],[-74.0253,-73.7239],[-73.9491,-73.7096],[-73.8635,-73.6666],[-73.7694,-73.6487],[-73.7386,-73.634],[-73.6865,-73.589],[-73.6573,-73.5833],[-73.6267,-73.5927],[-73.592,-73.6111],[-73.5992,-73.628],[-73.5895,-73.6403],[-73.5729,-73.6452],[-73.5591,-73.6406],[-73.4975,-73.582],[-73.4504,-73.565],[-73.3103,-73.5696],[-73.2285,-73.5597],[-73.2071,-73.5484],[-73.1582,-73.4841],[-73.1391,-73.4689],[-73.0731,-73.4444],[-72.8289,-73.4438],[-72.6434,-73.4697],[-72.5135,-73.4609],[-72.3845,-73.4698],[-72.3558,-73.454],[-72.4173,-73.4361],[-72.2392,-73.3888],[-72.0016,-73.3733],[-71.8636,-73.3788],[-71.7493,-73.3517],[-71.5424,-73.3613],[-71.423,-73.3538],[-71.062,-73.2664],[-70.8829,-73.256],[-70.5077,-73.2755],[-70.4264,-73.2692],[-70.3467,-73.2905],[-70.293,-73.2934],[-69.9189,-73.2185],[-69.337,-73.1801],[-68.9167,-73.1036],[-68.8415,-73.1122],[-68.7797,-73.108],[-68.6673,-73.0881],[-68.5967,-73.0574],[-68.5375,-73.0538],[-68.4669,-73.0157],[-67.9425,-72.9282],[-67.9131,-72.9181],[-67.8369,-72.8696],[-67.7889,-72.8537],[-67.7388,-72.8521],[-67.6627,-72.8779],[-67.5111,-72.8341],[-67.5338,-72.7682],[-67.5041,-72.7364],[-67.453,-72.7141],[-67.3753,-72.6646],[-67.2664,-72.621],[-67.2219,-72.5937],[-67.2184,-72.5003],[-67.1896,-72.4612],[-67.1513,-72.4289],[-67.0954,-72.4128],[-67.0528,-72.3808],[-66.9783,-72.3495],[-66.9725,-72.3083],[-66.9392,-72.2914],[-66.928,-72.2775],[-66.9295,-72.2363],[-66.9194,-72.2238],[-66.7905,-72.1574],[-66.7508,-72.1131],[-66.748,-72.0921],[-66.7865,-72.0253],[-66.779,-71.9854],[-66.7921,-71.9606],[-66.8251,-71.948],[-66.8557,-71.9446],[-66.8693,-71.9075],[-66.89,-71.8981],[-66.995,-71.8771],[-67.1813,-71.7669],[-67.1029,-71.753],[-67.1422,-71.7226],[-67.4241,-71.6205],[-67.4813,-71.5871],[-67.5011,-71.5403],[-67.5247,-71.5076],[-67.5785,-71.4744],[-67.6226,-71.4334],[-67.6174,-71.3772],[-67.6011,-71.3532],[-67.5362,-71.2962],[-67.4991,-71.2809],[-67.473,-71.2483],[-67.444,-71.2389],[-67.4583,-71.2223],[-67.4865,-71.2131],[-67.5446,-71.2075],[-67.5231,-71.1988],[-67.4582,-71.1899],[-67.4673,-71.1672],[-67.5067,-71.1314],[-67.514,-71.1113],[-67.4984,-71.0908],[-67.4657,-71.0785],[-67.4014,-71.0705],[-67.4209,-71.0554],[-67.4253,-71.0362],[-67.4111,-70.9929],[-67.5122,-70.9532],[-67.5513,-70.9089],[-67.6131,-70.8801],[-67.6427,-70.8547],[-67.7046,-70.7634],[-67.6676,-70.72],[-67.684,-70.6876],[-67.6738,-70.6589],[-67.6745,-70.6398],[-67.7593,-70.554],[-67.8559,-70.5009],[-67.8841,-70.4438],[-67.9005,-70.3904],[-67.9215,-70.3489],[-67.9494,-70.3118],[-67.9804,-70.2877],[-68.0242,-70.2824],[-68.0686,-70.2555],[-68.1907,-70.235],[-68.2354,-70.1902],[-68.2858,-70.152],[-68.3058,-70.1225],[-68.3231,-70.1091],[-68.428,-70.0865],[-68.4713,-70.0659],[-68.4838,-70.0527],[-68.4832,-70.0061],[-68.475,-69.9824],[-68.4626,-69.9706],[-68.4873,-69.9348],[-68.4873,-69.9179],[-68.4719,-69.8986],[-68.4538,-69.8889],[-68.3895,-69.8801],[-68.3801,-69.8693],[-68.379,-69.8469],[-68.393,-69.7735],[-68.3624,-69.717],[-68.3574,-69.7009],[-68.3619,-69.6834],[-68.3967,-69.6591],[-68.4831,-69.6384],[-68.4983,-69.6284],[-68.5151,-69.5991],[-68.572,-69.5864],[-68.6045,-69.5388],[-68.6219,-69.5235],[-68.7318,-69.4811],[-68.7688,-69.4462],[-68.8249,-69.4313],[-68.807,-69.404],[-68.6538,-69.3821],[-68.4667,-69.3834],[-68.3679,-69.404],[-68.3088,-69.404],[-68.2892,-69.3932],[-68.2859,-69.3499],[-68.3253,-69.3217],[-68.3324,-69.3038],[-68.3164,-69.2893],[-68.2789,-69.2813],[-68.2445,-69.2859],[-68.182,-69.3137],[-68.1161,-69.3178],[-68.068,-69.3333],[-68.0088,-69.3271],[-68.0015,-69.366],[-67.9533,-69.3746],[-67.8558,-69.3635],[-67.8069,-69.3687],[-67.5275,-69.4337],[-67.4933,-69.4538],[-67.4385,-69.4996],[-67.4179,-69.506],[-67.3923,-69.5027],[-67.3533,-69.4811],[-67.2843,-69.457],[-67.2744,-69.4438],[-67.335,-69.4103],[-67.3392,-69.3948],[-67.3244,-69.3747],[-67.295,-69.3671],[-67.2898,-69.36],[-67.2794,-69.3097],[-67.2696,-69.2879],[-67.253,-69.273],[-67.2091,-69.259],[-67.0096,-69.2625],[-66.894,-69.2324],[-66.8746,-69.2209],[-66.8446,-69.1755],[-66.9564,-69.1225],[-66.9105,-69.1004],[-66.7591,-69.0712],[-66.7893,-69.0361],[-66.842,-69.0351],[-66.945,-69.0504],[-66.8907,-69.0139],[-66.8271,-68.9975],[-66.845,-68.9729],[-66.8782,-68.9645],[-67.2733,-68.9433],[-67.35,-68.9163],[-67.4556,-68.8658],[-67.4807,-68.8419],[-67.4777,-68.8239],[-67.4628,-68.8145],[-67.3842,-68.7934],[-67.0162,-68.7857],[-66.9592,-68.7481],[-66.9774,-68.7346],[-66.9995,-68.6881],[-67.0057,-68.6716],[-67.0035,-68.6288],[-67.0146,-68.6147],[-67.103,-68.5818],[-67.1482,-68.5573],[-67.1747,-68.5253],[-67.1632,-68.4898],[-67.1129,-68.4767],[-66.9891,-68.4778],[-66.9677,-68.4721],[-66.9516,-68.4607],[-66.9408,-68.4251],[-66.9215,-68.4181],[-66.8743,-68.4181],[-66.9538,-68.3862],[-66.9591,-68.3674],[-66.9413,-68.3582],[-66.8607,-68.3676],[-66.9044,-68.3518],[-67.0607,-68.3386],[-67.1258,-68.342],[-67.1523,-68.3318],[-67.1614,-68.3171],[-67.1571,-68.3022],[-67.1281,-68.2814],[-67.1082,-68.2781],[-66.7656,-68.3136],[-66.7311,-68.303],[-66.6905,-68.2678],[-66.6251,-68.2467],[-66.6894,-68.1901],[-66.7525,-68.1889],[-66.7967,-68.197],[-66.879,-68.2301],[-66.9459,-68.2228],[-66.9469,-68.2008],[-66.9801,-68.1762],[-67.1091,-68.1183],[-67.1399,-68.0899],[-67.2106,-68.0751],[-67.194,-68.0639],[-67.1767,-68.0622],[-67.1188,-68.0702],[-67.065,-68.0414],[-67.1547,-68.0256],[-67.1803,-68.0162],[-67.1902,-68.0051],[-67.1931,-67.9875],[-67.2425,-67.9796],[-67.2687,-67.9687],[-67.0155,-67.9251],[-66.8506,-67.9137],[-66.8389,-67.9062],[-66.8315,-67.8699],[-66.8912,-67.829],[-66.8576,-67.8139],[-66.7967,-67.8005],[-66.7671,-67.7752],[-66.8027,-67.7785],[-66.9109,-67.769],[-67.0803,-67.7799],[-67.016,-67.7411],[-66.7795,-67.7221],[-66.7379,-67.7306],[-66.7803,-67.6962],[-66.9144,-67.7057],[-66.9676,-67.6931],[-66.9232,-67.6616],[-66.8192,-67.6046],[-66.7672,-67.5888],[-66.7071,-67.5864],[-66.5924,-67.6066],[-66.5338,-67.6091],[-66.5422,-67.5744],[-66.5182,-67.5504],[-66.5102,-67.5279],[-66.5175,-67.5136],[-66.5351,-67.5074],[-66.5582,-67.5087],[-66.5978,-67.5353],[-66.6321,-67.5436],[-66.7331,-67.5281],[-66.8009,-67.5006],[-66.9927,-67.4687],[-67.4722,-67.549],[-67.6107,-67.547],[-67.5669,-67.5217],[-67.5189,-67.5073],[-67.5873,-67.4827],[-67.6608,-67.4828],[-67.5359,-67.3581],[-67.4833,-67.3289],[-67.546,-67.3105],[-67.5625,-67.2932],[-67.5548,-67.2643],[-67.5047,-67.2204],[-67.4438,-67.1894],[-67.484,-67.1817],[-67.5714,-67.1907],[-67.6077,-67.1783],[-67.505,-67.112],[-67.475,-67.0794],[-67.4762,-67.0541],[-67.4447,-67.0471],[-67.3934,-67.0808],[-67.3031,-67.0993],[-67.245,-67.0573],[-67.2325,-67.0418],[-67.2255,-66.9926],[-67.2165,-66.9734],[-67.1971,-66.9755],[-67.1391,-67.0143],[-67.119,-67.0168],[-67.074,-67.0007],[-67.1202,-66.9543],[-67.119,-66.9361],[-67.104,-66.9278],[-67.0319,-66.9216],[-66.9507,-66.9389],[-66.9173,-66.9568],[-66.9278,-66.9828],[-66.9075,-67.0378],[-66.9176,-67.0676],[-66.9392,-67.0917],[-66.9393,-67.1183],[-66.9239,-67.1579],[-66.8875,-67.1681],[-66.9503,-67.2149],[-66.9809,-67.2763],[-66.9498,-67.2843],[-66.8768,-67.2848],[-66.8164,-67.3111],[-66.7856,-67.3115],[-66.7645,-67.2887],[-66.7645,-67.2614],[-66.7202,-67.2218],[-66.7089,-67.1905],[-66.5958,-67.2452],[-66.5644,-67.2771],[-66.5358,-67.34],[-66.4974,-67.3468],[-66.4628,-67.3366],[-66.451,-67.3085],[-66.4565,-67.1988],[-66.4853,-67.1477],[-66.5268,-67.1139],[-66.4442,-67.0854],[-66.5217,-67.0489],[-66.6142,-67.038],[-66.5832,-66.9944],[-66.4949,-66.9184],[-66.4615,-66.9135],[-66.4388,-66.9015],[-66.4203,-66.8819],[-66.4172,-66.8611],[-66.4406,-66.8456],[-66.5519,-66.8106],[-66.5331,-66.7756],[-66.528,-66.7448],[-66.535,-66.714],[-66.5521,-66.6793],[-66.5479,-66.6502],[-66.5121,-66.6301],[-66.2568,-66.5832],[-66.0919,-66.5914],[-66.076,-66.5964],[-66.057,-66.6267],[-66.0005,-66.636],[-65.944,-66.6731],[-65.8955,-66.6757],[-65.8395,-66.6882],[-65.8004,-66.7158],[-65.7649,-66.7092],[-65.7255,-66.6835],[-65.6894,-66.6837],[-65.6461,-66.653],[-65.7621,-66.6096],[-65.7667,-66.6018],[-65.7517,-66.5944],[-65.7011,-66.596],[-65.688,-66.586],[-65.7207,-66.5644],[-65.7224,-66.5544],[-65.6647,-66.4625],[-65.6627,-66.434],[-65.5504,-66.4002],[-65.6016,-66.3785],[-65.6429,-66.3771],[-65.6576,-66.3603],[-65.6693,-66.33],[-65.6916,-66.3205],[-65.8281,-66.3212],[-65.8724,-66.2989],[-65.7857,-66.274],[-65.7259,-66.2701],[-65.6405,-66.2148],[-65.6337,-66.2006],[-65.6468,-66.1817],[-65.7055,-66.15],[-65.6129,-66.1257],[-65.5958,-66.0984],[-65.5448,-66.1215],[-65.487,-66.1228],[-65.4356,-66.145],[-65.32,-66.1471],[-65.1874,-66.1725],[-65.1387,-66.1699],[-65.0909,-66.1501],[-65.2499,-66.0666],[-65.3192,-66.0383],[-65.332,-66.0212],[-65.3359,-66.0012],[-65.3277,-65.9811],[-65.2963,-65.9633],[-65.2598,-65.9575],[-65.0522,-65.9627],[-65.0008,-65.9394],[-64.9166,-65.9269],[-64.8866,-65.9284],[-64.8234,-65.9404],[-64.7997,-65.9806],[-64.7624,-65.9909],[-64.7408,-66.0124],[-64.7126,-66.0172],[-64.7035,-66.033],[-64.6865,-66.0383],[-64.5841,-66.0335],[-64.496,-65.9809],[-64.4877,-65.9505],[-64.5564,-65.8888],[-64.5561,-65.8821],[-64.6302,-65.8788],[-64.6627,-65.8655],[-64.6937,-65.8405],[-64.672,-65.8141],[-64.6714,-65.7526],[-64.6579,-65.7372],[-64.6256,-65.7385],[-64.5631,-65.7643],[-64.3964,-65.8093],[-64.369,-65.7978],[-64.3683,-65.7647],[-64.3772,-65.7418],[-64.3353,-65.7166],[-64.4442,-65.6573],[-64.4787,-65.6314],[-64.305,-65.6319],[-64.251,-65.6422],[-64.1906,-65.6847],[-64.1344,-65.6804],[-64.0748,-65.693],[-64.0451,-65.6931],[-64.0663,-65.6697],[-64.1222,-65.6432],[-64.1451,-65.624],[-64.1166,-65.6105],[-64.1645,-65.568],[-64.1923,-65.5564],[-64.2269,-65.5533],[-64.0819,-65.5148],[-64.0037,-65.5154],[-63.9662,-65.575],[-63.8805,-65.5991],[-63.7952,-65.6057],[-63.7923,-65.5912],[-63.8287,-65.5475],[-63.7955,-65.5313],[-63.6823,-65.5239],[-63.7012,-65.5047],[-63.7544,-65.4962],[-63.7623,-65.4716],[-63.83,-65.4841],[-63.8214,-65.4615],[-63.922,-65.4685],[-64.0597,-65.4294],[-64.09,-65.4133],[-64.0343,-65.3993],[-63.9845,-65.3699],[-64.0133,-65.343],[-64.0495,-65.3268],[-64.1099,-65.2678],[-64.0642,-65.2695],[-64.0549,-65.2625],[-64.0562,-65.2414],[-64.0821,-65.1936],[-64.0797,-65.1653],[-64.0559,-65.1443],[-63.9945,-65.1474],[-63.9696,-65.1336],[-63.9742,-65.1205],[-63.9703,-65.1126],[-63.9131,-65.0915],[-63.8966,-65.0628],[-63.8739,-65.046],[-63.8062,-65.0265],[-63.7587,-65.0416],[-63.7063,-65.0406],[-63.6534,-65.0753],[-63.59,-65.0838],[-63.5266,-65.0798],[-63.5,-65.0929],[-63.4274,-65.0961],[-63.3824,-65.1109],[-63.3597,-65.1114],[-63.3162,-65.0915],[-63.2613,-65.0803],[-63.2464,-65.0908],[-63.2242,-65.1367],[-63.2048,-65.1463],[-63.1507,-65.1428],[-63.1079,-65.1638],[-63.0836,-65.1661],[-62.992,-65.1254],[-63.023,-65.0852],[-62.9918,-65.0724],[-63.0189,-65.0548],[-63.0033,-65.0436],[-63.0054,-65.0354],[-63.0309,-65.0278],[-63.104,-65.0373],[-63.1387,-65.0278],[-63.1737,-65.0102],[-63.2338,-64.9653],[-63.2088,-64.9494],[-63.0986,-64.934],[-63.0671,-64.9068],[-63.0565,-64.9044],[-62.9972,-64.9236],[-62.9599,-64.915],[-62.8979,-64.9311],[-62.8679,-64.921],[-62.8221,-64.8777],[-62.7888,-64.8666],[-62.8248,-64.8547],[-62.8543,-64.8316],[-62.7941,-64.8127],[-62.7401,-64.823],[-62.584,-64.9107],[-62.5648,-64.9093],[-62.526,-64.8819],[-62.4072,-64.8766],[-62.6738,-64.7773],[-62.6531,-64.7631],[-62.5816,-64.76],[-62.5181,-64.7319],[-62.4972,-64.7319],[-62.5409,-64.7018],[-62.5741,-64.6567],[-62.5519,-64.6371],[-62.5073,-64.6417],[-62.4725,-64.6311],[-62.4949,-64.6161],[-62.5211,-64.6122],[-62.4955,-64.5986],[-62.4702,-64.5934],[-62.4165,-64.6013],[-62.443,-64.6246],[-62.3916,-64.6598],[-62.3663,-64.6691],[-62.3654,-64.6456],[-62.3109,-64.6565],[-62.3038,-64.6729],[-62.338,-64.6871],[-62.3536,-64.7026],[-62.369,-64.7491],[-62.1418,-64.7848],[-62.2201,-64.7381],[-62.1742,-64.7359],[-62.1289,-64.746],[-62.137,-64.7153],[-62.1368,-64.6833],[-62.0549,-64.7179],[-62.0152,-64.6957],[-61.9709,-64.6904],[-61.9207,-64.6378],[-61.9668,-64.6122],[-61.9157,-64.5749],[-61.8902,-64.5737],[-61.8446,-64.593],[-61.795,-64.5828],[-61.8126,-64.5728],[-61.8437,-64.5182],[-61.8057,-64.4929],[-61.7797,-64.4972],[-61.7688,-64.5182],[-61.7216,-64.5629],[-61.7033,-64.6091],[-61.6612,-64.6251],[-61.6531,-64.654],[-61.6083,-64.6676],[-61.5788,-64.662],[-61.491,-64.6145],[-61.569,-64.5842],[-61.6043,-64.5607],[-61.6058,-64.5322],[-61.5742,-64.5222],[-61.5205,-64.525],[-61.4323,-64.5456],[-61.4454,-64.5319],[-61.4447,-64.4651],[-61.5248,-64.4841],[-61.5593,-64.478],[-61.5829,-64.4426],[-61.5416,-64.4206],[-61.4855,-64.4079],[-61.4717,-64.3979],[-61.4561,-64.3683],[-61.4156,-64.3713],[-61.3651,-64.359],[-61.3717,-64.3762],[-61.4234,-64.3928],[-61.4166,-64.4076],[-61.3667,-64.4045],[-61.2953,-64.4324],[-61.2952,-64.4052],[-61.2713,-64.3947],[-61.15,-64.394],[-61.0907,-64.3863],[-61.1132,-64.3814],[-61.1247,-64.3707],[-61.1352,-64.3331],[-61.1173,-64.3334],[-61.0958,-64.3029],[-61.0644,-64.2958],[-60.9687,-64.2957],[-60.9417,-64.2819],[-60.9308,-64.2514],[-60.976,-64.2409],[-60.9674,-64.2219],[-60.956,-64.2131],[-60.9205,-64.2101],[-60.9629,-64.1563],[-60.8702,-64.1669],[-60.8408,-64.1642],[-60.8555,-64.1474],[-60.8873,-64.1367],[-60.9145,-64.1104],[-61.0194,-64.0825],[-60.9857,-64.0645],[-60.8772,-64.0475],[-60.8187,-64.0755],[-60.7672,-64.0647],[-60.7729,-64.0851],[-60.7464,-64.0792],[-60.7274,-64.0622],[-60.7202,-64.0383],[-60.7293,-64.0115],[-60.5285,-63.986],[-60.3065,-63.9155],[-60.2523,-63.9201],[-60.1742,-63.9161],[-59.9952,-63.9587],[-59.97,-63.9581],[-59.9562,-63.9519],[-59.9571,-63.9308],[-59.9333,-63.8984],[-59.9471,-63.8769],[-59.9429,-63.8657],[-59.9109,-63.8479],[-59.8445,-63.8595],[-59.8225,-63.8455],[-59.8485,-63.8189],[-59.8484,-63.8053],[-59.8363,-63.787],[-59.8074,-63.7717],[-59.7756,-63.7822],[-59.7607,-63.7996],[-59.7906,-63.8347],[-59.7849,-63.8527],[-59.7702,-63.86],[-59.7133,-63.861],[-59.663,-63.8735],[-59.6074,-63.8738],[-59.5487,-63.8913],[-59.489,-63.8791],[-59.4291,-63.9099],[-59.4012,-63.862],[-59.425,-63.8513],[-59.4406,-63.8303],[-59.3452,-63.7924],[-59.3398,-63.7853],[-59.3381,-63.7736],[-59.3689,-63.7232],[-59.3523,-63.7086],[-59.3284,-63.6983],[-59.2313,-63.6806],[-59.1864,-63.69],[-59.1155,-63.7184],[-59.0963,-63.7162],[-59.012,-63.6716],[-58.9361,-63.6692],[-58.9208,-63.651],[-58.9226,-63.631],[-58.9418,-63.5856],[-58.9403,-63.5644],[-58.9239,-63.5489],[-58.8985,-63.5402],[-58.2565,-63.4542],[-58.1652,-63.463],[-58.1448,-63.4586],[-58.1317,-63.4444],[-58.1265,-63.4161],[-58.1651,-63.4152],[-58.1829,-63.4079],[-58.1861,-63.3915],[-58.1699,-63.3766],[-58.1448,-63.3793],[-58.0892,-63.4103],[-58.0329,-63.4132],[-58.0039,-63.3915],[-57.9586,-63.3811],[-57.8803,-63.3147],[-57.8628,-63.3066],[-57.7971,-63.3072],[-57.4918,-63.2516],[-57.4117,-63.225],[-57.3687,-63.2179],[-57.2866,-63.2148],[-57.1059,-63.2414],[-57.0294,-63.281],[-57.0362,-63.3473],[-57.0029,-63.3622],[-57.0476,-63.4156],[-56.9658,-63.3953],[-56.9444,-63.3985],[-56.9289,-63.4202],[-56.9418,-63.4389],[-56.9913,-63.4604],[-56.9801,-63.4706],[-56.9457,-63.4797],[-56.9161,-63.5099],[-56.9012,-63.5164],[-56.8244,-63.531],[-56.7996,-63.5431],[-56.776,-63.5631],[-56.7681,-63.5829],[-56.7758,-63.6038],[-56.7991,-63.6262],[-56.8478,-63.6437],[-56.8749,-63.6427],[-56.9454,-63.613],[-56.9684,-63.6114],[-57.0204,-63.633],[-57.1244,-63.6545],[-57.1465,-63.6432],[-57.1755,-63.5969],[-57.17,-63.5798],[-57.1466,-63.5671],[-57.0965,-63.5585],[-57.1146,-63.537],[-57.1403,-63.5245],[-57.1268,-63.5035],[-57.1451,-63.4987],[-57.1773,-63.4768],[-57.2013,-63.4731],[-57.2943,-63.4814],[-57.4454,-63.4444],[-57.491,-63.4601],[-57.4579,-63.4924],[-57.451,-63.5108],[-57.4584,-63.5338],[-57.3861,-63.5417],[-57.4207,-63.5619],[-57.4822,-63.5655],[-57.7156,-63.5541],[-57.7406,-63.5807],[-57.7656,-63.587],[-57.7264,-63.5987],[-57.6044,-63.6025],[-57.6732,-63.6305],[-57.7081,-63.6325],[-57.734,-63.652],[-57.7509,-63.6563],[-57.8018,-63.6476],[-57.8642,-63.6518],[-57.8813,-63.6594],[-57.8654,-63.6694],[-57.8954,-63.6838],[-58.0977,-63.664],[-58.1753,-63.7164],[-58.2925,-63.7536],[-58.3292,-63.7765],[-58.3812,-63.8307],[-58.4005,-63.8422],[-58.4573,-63.8425],[-58.4707,-63.8587],[-58.4491,-63.872],[-58.4991,-63.9103],[-58.619,-63.9448],[-58.7047,-63.9948],[-58.7333,-64.0314],[-58.7231,-64.0676],[-58.7074,-64.0877],[-58.7133,-64.0978],[-58.7518,-64.1147],[-58.7713,-64.1315],[-58.8199,-64.2187],[-58.875,-64.2184],[-58.9392,-64.2001],[-59.0334,-64.1889],[-59.0548,-64.192],[-59.0727,-64.2145],[-59.1079,-64.2273],[-59.1163,-64.2365],[-59.1116,-64.2465],[-59.089,-64.2563],[-58.7699,-64.2824],[-58.7545,-64.2934],[-58.7487,-64.3165],[-58.7614,-64.3322],[-58.8734,-64.3416],[-58.9226,-64.3574],[-58.9495,-64.3574],[-58.9332,-64.3806],[-58.9059,-64.4001],[-58.8747,-64.4129],[-58.8107,-64.4174],[-58.7799,-64.4317],[-58.762,-64.4587],[-58.764,-64.4986],[-58.7839,-64.5276],[-58.8158,-64.5427],[-58.8899,-64.5515],[-58.9171,-64.5466],[-58.9908,-64.5143],[-59.0131,-64.4968],[-58.9927,-64.4836],[-58.9861,-64.4635],[-58.993,-64.4435],[-59.0137,-64.4304],[-59.0362,-64.4303],[-59.1712,-64.4592],[-59.2232,-64.461],[-59.3309,-64.44],[-59.3675,-64.4116],[-59.4176,-64.3308],[-59.4639,-64.3106],[-59.5439,-64.3264],[-59.6075,-64.3786],[-59.6324,-64.3907],[-59.6622,-64.3915],[-59.6107,-64.448],[-59.6116,-64.4662],[-59.6492,-64.5203],[-59.6044,-64.5107],[-59.5856,-64.5143],[-59.5638,-64.5266],[-59.5509,-64.5447],[-59.5554,-64.5626],[-59.5911,-64.588],[-59.6356,-64.5943],[-59.7689,-64.567],[-59.7554,-64.5422],[-59.7491,-64.4962],[-59.7542,-64.4363],[-59.7702,-64.4247],[-59.8308,-64.4172],[-59.9575,-64.3875],[-60.0073,-64.3984],[-59.9872,-64.442],[-60.0095,-64.468],[-60.0408,-64.4817],[-60.1823,-64.5134],[-60.2239,-64.5159],[-60.2345,-64.5207],[-60.262,-64.5661],[-60.2793,-64.5707],[-60.3642,-64.5314],[-60.422,-64.5248],[-60.3878,-64.5929],[-60.3555,-64.6282],[-60.3609,-64.6436],[-60.3746,-64.648],[-60.4567,-64.6391],[-60.4972,-64.664],[-60.6363,-64.6965],[-60.6659,-64.7087],[-60.7026,-64.7315],[-60.7233,-64.7581],[-60.7049,-64.781],[-60.7352,-64.811],[-60.8561,-64.8635],[-61.0083,-64.9875],[-61.0517,-65.0109],[-61.1451,-64.9988],[-61.1943,-64.9998],[-61.3812,-65.0533],[-61.3983,-65.046],[-61.4354,-65.0089],[-61.5185,-64.9791],[-61.7287,-64.9687],[-61.7503,-64.9754],[-61.7562,-64.9929],[-61.7394,-65.0878],[-61.6746,-65.1191],[-61.5835,-65.1251],[-61.5685,-65.1321],[-61.5558,-65.1579],[-61.6262,-65.1702],[-61.6045,-65.1996],[-61.6064,-65.2248],[-61.6276,-65.2414],[-61.8037,-65.2468],[-61.8304,-65.2419],[-61.9316,-65.1933],[-61.9612,-65.1913],[-61.9966,-65.1994],[-62.0557,-65.2293],[-62.0217,-65.2491],[-62.0389,-65.2617],[-62.1251,-65.2927],[-62.1983,-65.3045],[-62.1751,-65.344],[-62.0321,-65.3722],[-62.0586,-65.3899],[-62.0895,-65.3935],[-62.0954,-65.4031],[-62.0943,-65.4625],[-62.0674,-65.4773],[-61.9608,-65.4936],[-61.9221,-65.5412],[-61.8815,-65.5488],[-61.84,-65.5479],[-61.7669,-65.5309],[-61.73,-65.5295],[-61.701,-65.5457],[-61.7247,-65.5621],[-61.7502,-65.5701],[-61.8742,-65.5794],[-61.9055,-65.5764],[-61.9381,-65.5641],[-61.9575,-65.5649],[-62.0799,-65.5964],[-62.0869,-65.6062],[-62.0848,-65.6267],[-62.0577,-65.6485],[-62.0549,-65.6663],[-62.0661,-65.692],[-62.0897,-65.7116],[-62.1483,-65.735],[-62.2063,-65.7467],[-62.2535,-65.7812],[-62.3137,-65.7863],[-62.3417,-65.7951],[-62.3619,-65.8142],[-62.3625,-65.8274],[-62.3353,-65.8591],[-62.3724,-65.9157],[-62.2826,-65.9221],[-62.2643,-65.9286],[-62.2662,-65.9841],[-62.2484,-66.0095],[-62.0228,-66.1115],[-61.9149,-66.1334],[-61.8612,-66.1334],[-61.7529,-66.1022],[-61.7339,-66.1117],[-61.7121,-66.1396],[-61.596,-66.1656],[-61.6127,-66.1131],[-61.6439,-66.0657],[-61.6471,-66.0336],[-61.618,-66.0219],[-61.5776,-66.0227],[-61.3393,-66.0877],[-61.3091,-66.0866],[-61.3201,-66.0398],[-61.3165,-66.0182],[-61.3002,-65.9991],[-61.3461,-65.9558],[-61.3554,-65.9323],[-61.3328,-65.9197],[-61.2755,-65.9125],[-61.2446,-65.9129],[-61.224,-65.9221],[-61.2003,-65.9423],[-61.1161,-65.9845],[-61.0802,-66.0304],[-61.0312,-66.0359],[-61.0141,-66.0344],[-61.0184,-65.9244],[-61.0067,-65.9128],[-60.9328,-65.9166],[-60.8699,-65.9112],[-60.5775,-65.9401],[-60.5471,-65.9583],[-60.5634,-65.9968],[-60.6019,-66.0357],[-60.6378,-66.0551],[-60.6813,-66.0413],[-60.6999,-66.0419],[-60.6979,-66.1163],[-60.7084,-66.1308],[-60.736,-66.1249],[-60.7946,-66.0986],[-60.815,-66.0847],[-60.8265,-66.0551],[-60.8402,-66.0453],[-60.9103,-66.0402],[-60.927,-66.0661],[-61.0045,-66.0735],[-61.0241,-66.0828],[-61.039,-66.1066],[-61.0222,-66.1326],[-60.8759,-66.1876],[-60.9099,-66.2276],[-60.9039,-66.2453],[-60.912,-66.2696],[-60.9947,-66.3415],[-61.0286,-66.3495],[-61.0902,-66.3522],[-61.1197,-66.3466],[-61.1463,-66.3325],[-61.1676,-66.3048],[-61.144,-66.2228],[-61.1574,-66.2004],[-61.1874,-66.1814],[-61.2488,-66.1588],[-61.3915,-66.1554],[-61.4687,-66.1144],[-61.4924,-66.1286],[-61.5005,-66.1537],[-61.5014,-66.2321],[-61.4935,-66.2599],[-61.6012,-66.2184],[-61.7313,-66.2005],[-61.7644,-66.2029],[-61.7804,-66.213],[-61.7786,-66.2302],[-61.7579,-66.2548],[-61.6824,-66.3166],[-61.7091,-66.3543],[-61.6693,-66.3923],[-61.6941,-66.4581],[-61.7179,-66.4723],[-61.7509,-66.4777],[-61.7849,-66.4748],[-61.8116,-66.4645],[-61.8341,-66.4426],[-61.8924,-66.3283],[-61.9255,-66.3151],[-61.9642,-66.2765],[-61.9823,-66.27],[-61.955,-66.2228],[-61.9556,-66.2078],[-61.9702,-66.1984],[-62.1471,-66.2039],[-62.2203,-66.1742],[-62.258,-66.1754],[-62.3308,-66.1874],[-62.4161,-66.1863],[-62.495,-66.2118],[-62.6683,-66.2275],[-62.7005,-66.2376],[-62.7385,-66.2605],[-62.7646,-66.289],[-62.7609,-66.3161],[-62.6941,-66.3552],[-62.6176,-66.3798],[-62.5511,-66.4132],[-62.5145,-66.4782],[-62.6315,-66.4924],[-62.6904,-66.5099],[-62.722,-66.5429],[-62.7037,-66.5807],[-62.642,-66.5925],[-62.5197,-66.5939],[-62.5476,-66.6249],[-62.5555,-66.6647],[-62.5057,-66.6606],[-62.4579,-66.6433],[-62.4664,-66.69],[-62.4806,-66.7027],[-62.5341,-66.7185],[-62.6439,-66.7245],[-62.7882,-66.6643],[-62.8004,-66.6487],[-62.8041,-66.5989],[-62.8392,-66.5817],[-62.8617,-66.5133],[-62.8787,-66.4937],[-63.163,-66.353],[-63.2025,-66.2957],[-63.1993,-66.2605],[-63.2108,-66.2487],[-63.2346,-66.2394],[-63.2574,-66.2428],[-63.319,-66.2663],[-63.3414,-66.2586],[-63.4189,-66.2546],[-63.4563,-66.2324],[-63.5089,-66.2293],[-63.5601,-66.1978],[-63.6127,-66.212],[-63.6632,-66.2145],[-63.8116,-66.1889],[-63.7558,-66.2146],[-63.7865,-66.2319],[-63.7692,-66.2413],[-63.7121,-66.2504],[-63.752,-66.2618],[-63.8346,-66.2636],[-63.8741,-66.2726],[-63.8368,-66.2908],[-63.7975,-66.2985],[-63.7152,-66.3002],[-63.7375,-66.3194],[-63.6381,-66.3338],[-63.5861,-66.3522],[-63.5737,-66.359],[-63.5697,-66.3701],[-63.5734,-66.3912],[-63.9033,-66.3816],[-63.8864,-66.4094],[-63.8458,-66.4245],[-63.7613,-66.435],[-63.8766,-66.4478],[-63.8918,-66.4594],[-63.912,-66.5026],[-63.8048,-66.5297],[-63.8234,-66.5439],[-63.8256,-66.5592],[-63.797,-66.5885],[-63.9264,-66.6071],[-63.951,-66.5989],[-63.9962,-66.5666],[-64.0212,-66.5576],[-64.0416,-66.5645],[-64.0576,-66.5813],[-64.0797,-66.6266],[-64.1261,-66.6362],[-64.1349,-66.6432],[-64.1326,-66.6545],[-64.1112,-66.678],[-64.0908,-66.6884],[-63.9362,-66.7042],[-63.8414,-66.7389],[-63.7513,-66.7877],[-63.7692,-66.8084],[-63.7198,-66.8621],[-63.7555,-66.8976],[-63.8313,-66.9179],[-64.0444,-66.9362],[-64.1134,-66.9282],[-64.2255,-66.8733],[-64.2554,-66.8482],[-64.3088,-66.8365],[-64.3339,-66.8515],[-64.3685,-66.9112],[-64.4342,-66.8985],[-64.516,-66.905],[-64.5408,-66.8946],[-64.5509,-66.8733],[-64.5336,-66.8318],[-64.5269,-66.7568],[-64.5991,-66.7741],[-64.6179,-66.7678],[-64.649,-66.8024],[-64.6783,-66.8211],[-64.7738,-66.8456],[-64.7165,-66.905],[-64.703,-66.928],[-64.7039,-66.9793],[-64.7105,-66.9871],[-64.762,-66.9929],[-64.7909,-66.987],[-64.8517,-66.9352],[-64.9049,-66.9099],[-64.9638,-66.8967],[-64.892,-66.9435],[-64.8822,-66.9631],[-64.8929,-66.9841],[-64.9171,-67.0045],[-64.9663,-67.0339],[-64.9088,-67.0661],[-64.8762,-67.1095],[-64.8533,-67.1122],[-64.7912,-67.0905],[-64.7254,-67.0986],[-64.7313,-67.117],[-64.7229,-67.1291],[-64.6901,-67.1484],[-64.7651,-67.1625],[-64.8531,-67.1696],[-64.8734,-67.1659],[-64.8905,-67.192],[-64.9506,-67.2009],[-65.0659,-67.2021],[-65.0077,-67.2372],[-64.7912,-67.2621],[-64.7491,-67.3073],[-64.8815,-67.3318],[-64.9215,-67.3246],[-64.9736,-67.2996],[-64.9932,-67.2975],[-65.0557,-67.3269],[-65.0245,-67.3404],[-65.055,-67.3606],[-65.0889,-67.364],[-65.1208,-67.3522],[-65.1454,-67.3273],[-65.1585,-67.3232],[-65.2443,-67.371],[-65.2411,-67.3888],[-65.2461,-67.3946],[-65.2851,-67.4011],[-65.3269,-67.3991],[-65.3639,-67.384],[-65.3885,-67.3508],[-65.3834,-67.3043],[-65.3936,-67.2919],[-65.4769,-67.2636],[-65.4413,-67.3062],[-65.4432,-67.3219],[-65.4636,-67.3459],[-65.5054,-67.3528],[-65.5353,-67.343],[-65.5843,-67.3113],[-65.616,-67.3689],[-65.5185,-67.4075],[-65.5145,-67.4452],[-65.5015,-67.4623],[-65.5741,-67.4773],[-65.615,-67.4951],[-65.6211,-67.5073],[-65.6127,-67.5178],[-65.5876,-67.5236],[-65.5887,-67.5544],[-65.5527,-67.5744],[-65.4385,-67.6021],[-65.4305,-67.6071],[-65.4203,-67.6371],[-65.4027,-67.6457],[-65.3375,-67.658],[-65.3659,-67.7033],[-65.5502,-67.7203],[-65.5767,-67.7288],[-65.5922,-67.7545],[-65.5622,-67.8122],[-65.5761,-67.8444],[-65.6037,-67.8571],[-65.7067,-67.8595],[-65.6728,-67.8884],[-65.5693,-67.9142],[-65.5018,-67.9482],[-65.4296,-67.9522],[-65.3292,-67.9838],[-65.3804,-68.0117],[-65.5217,-68.0447],[-65.6164,-68.0484],[-65.6315,-68.0548],[-65.6636,-68.0866],[-65.6933,-68.0935],[-65.7511,-68.0871],[-65.7809,-68.0948],[-65.764,-68.1285],[-65.7607,-68.1657],[-65.5154,-68.1428],[-65.4849,-68.1581],[-65.4713,-68.1588],[-65.3793,-68.1393],[-65.3516,-68.1401],[-65.2751,-68.1711],[-65.2264,-68.163],[-65.1293,-68.1134],[-65.0256,-68.074],[-64.9886,-68.0367],[-64.9374,-68.0221],[-64.9459,-68.0422],[-64.9891,-68.0891],[-64.9525,-68.1005],[-64.8292,-68.1007],[-64.8336,-68.0705],[-64.7926,-68.0846],[-64.7558,-68.1081],[-64.7714,-68.1252],[-64.7621,-68.1447],[-64.8008,-68.1638],[-65.0052,-68.2242],[-65.049,-68.2306],[-65.0893,-68.2255],[-65.1475,-68.2079],[-65.2499,-68.2566],[-65.3039,-68.2531],[-65.3287,-68.2789],[-65.3511,-68.2883],[-65.4811,-68.3084],[-65.4939,-68.3171],[-65.4928,-68.3347],[-65.4739,-68.3659],[-65.4364,-68.3814],[-65.3916,-68.3862],[-65.1816,-68.363],[-65.0811,-68.3645],[-65.0611,-68.3679],[-64.9757,-68.4078],[-65.0771,-68.4618],[-65.1777,-68.4859],[-65.23,-68.5165],[-65.3393,-68.526],[-65.3474,-68.5338],[-65.3385,-68.5634],[-65.328,-68.5725],[-65.257,-68.5844],[-65.2626,-68.6183],[-65.2438,-68.6295],[-65.1665,-68.6286],[-65.1276,-68.652],[-65.0609,-68.6503],[-64.8162,-68.6896],[-64.6615,-68.6726],[-64.6351,-68.7107],[-64.5873,-68.7517],[-64.528,-68.7735],[-64.4824,-68.7647],[-64.4524,-68.7659],[-64.3594,-68.7844],[-64.3817,-68.7558],[-64.4139,-68.7376],[-64.3732,-68.7384],[-64.2747,-68.7787],[-64.0849,-68.8295],[-64.033,-68.8313],[-64.0408,-68.8103],[-64.0529,-68.799],[-64.1365,-68.7701],[-64.1802,-68.7477],[-64.0467,-68.7587],[-64.0006,-68.7543],[-64.0774,-68.7149],[-64.2455,-68.6723],[-64.3258,-68.6422],[-64.2816,-68.6329],[-64.1811,-68.6491],[-64.1456,-68.6318],[-64.2357,-68.5954],[-64.2573,-68.5738],[-64.2284,-68.5712],[-64.1396,-68.5854],[-64.1448,-68.56],[-64.1278,-68.545],[-64.0764,-68.53],[-63.9892,-68.4914],[-63.9059,-68.4889],[-63.3285,-68.4151],[-62.8717,-68.4207],[-62.8576,-68.4333],[-62.8732,-68.4597],[-62.9057,-68.4959],[-62.9245,-68.5058],[-62.9822,-68.5022],[-63.1199,-68.4572],[-63.2379,-68.4465],[-63.2924,-68.4553],[-63.3289,-68.4714],[-63.4315,-68.5387],[-63.4654,-68.5475],[-63.6634,-68.5486],[-63.7606,-68.581],[-63.8089,-68.6197],[-63.824,-68.6398],[-63.8203,-68.6526],[-63.7799,-68.6701],[-63.8132,-68.6799],[-63.8485,-68.6774],[-63.8129,-68.7179],[-63.3708,-68.7741],[-63.2858,-68.7997],[-63.2123,-68.8386],[-63.2764,-68.8583],[-63.4381,-68.8172],[-63.5127,-68.8132],[-63.4884,-68.8371],[-63.3886,-68.8805],[-63.4092,-68.8982],[-63.4636,-68.9029],[-63.4771,-68.9239],[-63.4051,-68.9358],[-63.4465,-68.9465],[-63.6501,-68.9601],[-63.8292,-68.9426],[-63.8883,-68.9572],[-63.9025,-68.967],[-63.8971,-68.9826],[-63.8675,-69.007],[-63.807,-69.0102],[-63.6246,-69.0439],[-63.3208,-69.0501],[-63.3035,-69.0556],[-63.3051,-69.0715],[-63.3294,-69.0969],[-63.3643,-69.1218],[-63.4355,-69.158],[-63.3964,-69.1863],[-63.3431,-69.1964],[-63.2387,-69.1887],[-63.1727,-69.1625],[-63.1429,-69.1741],[-63.1213,-69.1913],[-63.0604,-69.2535],[-63.0705,-69.3064],[-63.057,-69.3282],[-62.9863,-69.3736],[-62.9625,-69.379],[-62.7989,-69.3484],[-62.7452,-69.3522],[-62.6937,-69.3679],[-62.6534,-69.3889],[-62.6216,-69.4205],[-62.5958,-69.4679],[-62.5586,-69.4928],[-62.4396,-69.4872],[-62.3973,-69.5152],[-62.3934,-69.5366],[-62.4022,-69.5794],[-62.3818,-69.655],[-62.3929,-69.7068],[-62.428,-69.7524],[-62.4376,-69.783],[-62.4613,-69.8155],[-62.5102,-69.843],[-62.5297,-69.8639],[-62.3133,-69.9192],[-62.2824,-69.9518],[-62.3082,-69.9617],[-62.3273,-69.9826],[-62.2641,-70.0006],[-62.198,-70.0004],[-62.1703,-70.0068],[-62.074,-70.0548],[-62.0093,-70.0759],[-61.986,-70.094],[-61.9679,-70.1254],[-61.9484,-70.1448],[-61.8827,-70.1887],[-61.8687,-70.2083],[-61.8836,-70.2317],[-61.9173,-70.2512],[-62.0146,-70.2926],[-62.0283,-70.2918],[-62.0523,-70.2646],[-62.071,-70.2571],[-62.1832,-70.2472],[-62.2399,-70.2193],[-62.3193,-70.2245],[-62.3744,-70.2155],[-62.3935,-70.2188],[-62.3789,-70.2403],[-62.3222,-70.277],[-62.3469,-70.2916],[-62.4364,-70.3048],[-62.4302,-70.319],[-62.4034,-70.3378],[-62.4127,-70.3909],[-62.4072,-70.4054],[-62.3805,-70.414],[-62.2028,-70.4159],[-62.1703,-70.4216],[-62.1479,-70.4376],[-62.1344,-70.4687],[-62.1365,-70.4954],[-62.1538,-70.5182],[-62.1855,-70.5372],[-62.1449,-70.5525],[-62.0898,-70.5476],[-61.9352,-70.4994],[-61.5323,-70.5011],[-61.4741,-70.4931],[-61.4164,-70.5022],[-61.3934,-70.518],[-61.3542,-70.5611],[-61.4294,-70.5905],[-61.6811,-70.6188],[-61.6276,-70.6501],[-61.6254,-70.6701],[-61.655,-70.6948],[-61.6879,-70.7071],[-61.84,-70.7369],[-61.8822,-70.7381],[-62.0096,-70.72],[-62.1293,-70.7234],[-62.1176,-70.7369],[-62.1162,-70.7494],[-62.1381,-70.7706],[-62.0058,-70.7931],[-62.0152,-70.8068],[-62.0183,-70.836],[-62.0465,-70.8722],[-62.0326,-70.903],[-62.0038,-70.9213],[-61.9702,-70.925],[-61.9021,-70.9179],[-61.793,-70.9196],[-61.7585,-70.9098],[-61.7042,-70.8621],[-61.6668,-70.8497],[-61.5544,-70.8412],[-61.305,-70.8561],[-61.2765,-70.8699],[-61.2617,-70.8942],[-61.267,-70.9309],[-61.3073,-70.9885],[-61.3371,-71.0084],[-61.3712,-71.0157],[-61.3339,-71.04],[-61.2611,-71.028],[-61.1766,-71.0334],[-61.1846,-71.0564],[-61.2168,-71.0829],[-61.2086,-71.1005],[-61.1897,-71.1091],[-61.1158,-71.1134],[-61.0201,-71.1352],[-60.9709,-71.155],[-60.9346,-71.1822],[-60.9254,-71.2201],[-60.9669,-71.2343],[-61.2253,-71.2179],[-61.2774,-71.2244],[-61.2436,-71.2503],[-61.2009,-71.2615],[-61.112,-71.2675],[-61.0112,-71.2861],[-60.9654,-71.3061],[-60.9242,-71.3386],[-60.9838,-71.3668],[-61.039,-71.3669],[-61.2919,-71.3144],[-61.3619,-71.3092],[-61.4174,-71.3225],[-61.3654,-71.3404],[-61.3371,-71.3647],[-61.279,-71.3736],[-61.1293,-71.4148],[-61.3358,-71.4659],[-61.39,-71.4661],[-61.554,-71.4474],[-61.5422,-71.5055],[-61.5931,-71.5299],[-61.7258,-71.5328],[-61.7069,-71.5862],[-61.7101,-71.5969],[-61.7246,-71.6047],[-61.8136,-71.627],[-61.8724,-71.6315],[-62.0549,-71.6223],[-62.0946,-71.6391],[-62.1122,-71.6398],[-62.0841,-71.6699],[-62.0682,-71.6736],[-61.6735,-71.6811],[-61.5953,-71.6944],[-61.5572,-71.6906],[-61.2838,-71.5934],[-61.2701,-71.582],[-61.2707,-71.5632],[-61.2651,-71.5585],[-61.1805,-71.5333],[-61.1413,-71.5329],[-61.119,-71.5393],[-61.0948,-71.5737],[-61.0621,-71.5895],[-60.9836,-71.6052],[-60.9458,-71.6191],[-60.9985,-71.6398],[-60.9803,-71.6608],[-60.9551,-71.6655],[-60.9004,-71.6588],[-60.8382,-71.6628],[-60.7779,-71.677],[-60.7865,-71.692],[-60.8353,-71.7115],[-60.7859,-71.7436],[-60.7716,-71.76],[-60.7978,-71.7815],[-60.828,-71.789],[-60.8618,-71.7888],[-60.9571,-71.7721],[-61.0487,-71.7398],[-61.097,-71.7081],[-61.1627,-71.7188],[-61.1291,-71.7634],[-61.0561,-71.797],[-61.1031,-71.8056],[-61.088,-71.8193],[-61.0272,-71.8323],[-61.0657,-71.8453],[-61.0918,-71.871],[-61.3197,-71.8751],[-61.4972,-71.8549],[-61.776,-71.8687],[-61.8905,-71.8976],[-62.4409,-71.9196],[-62.3974,-71.9606],[-62.2976,-71.9875],[-62.1122,-72.0095],[-62.1331,-72.0283],[-62.2233,-72.0506],[-62.3491,-72.0976],[-62.3127,-72.1316],[-62.2543,-72.1352],[-62.1354,-72.1113],[-61.9081,-72.0922],[-61.7327,-72.049],[-61.6743,-72.0466],[-61.4274,-72.0652],[-61.3762,-72.0781],[-61.2867,-72.1335],[-61.167,-72.1699],[-61.1485,-72.1547],[-61.1537,-72.1293],[-61.1918,-72.0873],[-61.1737,-72.067],[-61.117,-72.0501],[-61.0538,-72.0465],[-60.9293,-72.0533],[-60.8706,-72.0466],[-60.7533,-72.0089],[-60.6938,-71.9978],[-60.6683,-72.0102],[-60.6545,-72.0416],[-60.6525,-72.0782],[-60.6623,-72.1061],[-60.6886,-72.1202],[-60.9379,-72.1584],[-61.0094,-72.1536],[-61.0719,-72.1913],[-61.0165,-72.1967],[-60.9005,-72.1865],[-60.843,-72.1886],[-60.7496,-72.2048],[-60.6872,-72.2309],[-60.6618,-72.2558],[-60.6684,-72.2989],[-60.6544,-72.3126],[-60.6744,-72.3254],[-60.7065,-72.3318],[-60.8148,-72.3134],[-60.8614,-72.317],[-60.998,-72.3562],[-60.9659,-72.3693],[-60.6922,-72.3747],[-60.6561,-72.386],[-60.6373,-72.4073],[-60.6426,-72.4299],[-60.679,-72.4456],[-60.8235,-72.4651],[-61.1421,-72.4542],[-61.4647,-72.4073],[-61.4572,-72.429],[-61.4329,-72.4423],[-61.3766,-72.4572],[-61.3656,-72.466],[-61.4003,-72.4845],[-61.471,-72.4978],[-61.4363,-72.5226],[-61.4018,-72.5336],[-61.3647,-72.5333],[-61.3217,-72.524],[-61.2755,-72.5261],[-61.2507,-72.5559],[-61.2154,-72.6381],[-61.258,-72.6529],[-61.4203,-72.6458],[-61.3929,-72.67],[-61.2593,-72.6913],[-61.2085,-72.7206],[-61.2064,-72.7321],[-61.2189,-72.7527],[-61.2153,-72.7639],[-61.1366,-72.7833],[-61.0996,-72.7677],[-61.0418,-72.7016],[-61.0044,-72.6866],[-60.8634,-72.6813],[-60.7361,-72.6544],[-60.5968,-72.65],[-60.5524,-72.6559],[-60.5204,-72.6827],[-60.5004,-72.721],[-60.4894,-72.7563],[-60.4917,-72.7912],[-60.5116,-72.8282],[-60.5797,-72.8904],[-60.6003,-72.9013],[-60.6644,-72.9156],[-60.6467,-72.9347],[-60.6221,-72.9423],[-60.6383,-72.9584],[-60.7699,-73.0354],[-60.7822,-73.0499],[-60.7635,-73.0745],[-60.7075,-73.0644],[-60.605,-73.0224],[-60.5522,-72.9806],[-60.4264,-73.0186],[-60.3568,-73.052],[-60.3339,-73.0556],[-60.2757,-73.046],[-60.247,-73.0339],[-60.1837,-72.9573],[-60.1073,-72.8881],[-60.0821,-72.8748],[-60.0605,-72.8694],[-60.0106,-72.8718],[-59.9658,-72.8832],[-59.9494,-72.8952],[-59.9462,-72.9221],[-59.9041,-72.9934],[-59.9154,-73.025],[-59.9972,-73.0816],[-60.0301,-73.1213],[-60.0382,-73.1452],[-60.0371,-73.1699],[-60.0115,-73.2087],[-59.9752,-73.2382],[-60.0266,-73.279],[-60.0936,-73.2992],[-60.2908,-73.3222],[-60.3783,-73.3217],[-60.4504,-73.3019],[-60.4693,-73.2273],[-60.4953,-73.2126],[-60.5986,-73.1848],[-60.6247,-73.1955],[-60.639,-73.2237],[-60.6663,-73.3346],[-60.6837,-73.3713],[-60.7031,-73.391],[-60.7344,-73.398],[-60.8043,-73.3951],[-60.8346,-73.3849],[-60.817,-73.3338],[-60.8207,-73.3092],[-60.8779,-73.242],[-60.8947,-73.249],[-60.9183,-73.3163],[-60.9496,-73.3429],[-60.9896,-73.353],[-61.0828,-73.3474],[-61.1307,-73.3377],[-61.1676,-73.3198],[-61.2554,-73.2444],[-61.2624,-73.2267],[-61.2545,-73.2112],[-61.2296,-73.2018],[-61.37,-73.2037],[-61.3973,-73.1941],[-61.4471,-73.1581],[-61.5444,-73.176],[-62.0017,-73.1042],[-62.0148,-73.1052],[-62.049,-73.128],[-62.0651,-73.1305],[-61.9613,-73.1847],[-61.6461,-73.252],[-61.6265,-73.2851],[-61.6704,-73.2685],[-61.7661,-73.2462],[-61.9553,-73.2239],[-62.0018,-73.2306],[-61.8163,-73.2602],[-61.7113,-73.304],[-61.6357,-73.3256],[-61.5685,-73.3531],[-61.5393,-73.3922],[-61.5879,-73.3928],[-61.6881,-73.3751],[-61.8861,-73.365],[-61.9348,-73.3722],[-61.9193,-73.4088],[-61.9069,-73.4162],[-61.8144,-73.4246],[-61.7129,-73.4601],[-61.7201,-73.4985],[-61.7176,-73.5172],[-61.6878,-73.5359],[-61.6427,-73.5437],[-61.5626,-73.5377],[-61.5078,-73.4875],[-61.4523,-73.4778],[-61.3021,-73.4953],[-61.2418,-73.5358],[-61.223,-73.5383],[-61.1614,-73.5245],[-61.1202,-73.524],[-60.7995,-73.5779],[-60.845,-73.6214],[-60.9028,-73.6463],[-61.0309,-73.6729],[-61.0065,-73.7011],[-61.1456,-73.7379],[-60.9862,-73.7473],[-60.9333,-73.7354],[-60.8627,-73.7034],[-60.7842,-73.6945],[-60.7347,-73.7158],[-60.814,-73.7714],[-60.88,-73.8429],[-60.9108,-73.8998],[-60.9866,-73.9553],[-61.0312,-73.965],[-61.2324,-73.9582],[-61.3483,-73.9264],[-61.3594,-73.9202],[-61.3766,-73.8904],[-61.3881,-73.8818],[-61.4377,-73.8732],[-61.5406,-73.8927],[-61.6446,-73.8825],[-61.692,-73.8862],[-61.791,-73.9067],[-61.747,-73.9308],[-61.5819,-73.9699],[-61.6488,-73.9929],[-61.8593,-74.0299],[-61.7751,-74.0426],[-61.4905,-74.0156],[-61.4459,-74.02],[-61.4052,-74.0326],[-61.378,-74.0558],[-61.3505,-74.0662],[-61.0841,-74.0632],[-61.0558,-74.0732],[-61.0554,-74.1031],[-61.089,-74.1358],[-61.1335,-74.1642],[-61.2416,-74.2097],[-61.4044,-74.2486],[-61.4847,-74.2542],[-61.474,-74.2351],[-61.455,-74.2242],[-61.4765,-74.2206],[-61.5298,-74.2321],[-61.5512,-74.2253],[-61.5665,-74.2125],[-61.5694,-74.1951],[-61.5539,-74.1751],[-61.6383,-74.1819],[-61.6637,-74.1905],[-61.7301,-74.2411],[-61.7569,-74.2512],[-61.8131,-74.2545],[-61.9222,-74.2433],[-61.9781,-74.2442],[-61.888,-74.2776],[-61.8694,-74.2995],[-61.9016,-74.3084],[-61.8846,-74.3255],[-61.8566,-74.3287],[-61.6442,-74.2975],[-61.491,-74.3289],[-61.2787,-74.3298],[-61.068,-74.3006],[-60.8581,-74.2452],[-60.7513,-74.2355],[-60.6912,-74.2389],[-60.65,-74.254],[-60.6402,-74.2927],[-60.682,-74.3248],[-60.7801,-74.3591],[-60.8837,-74.3787],[-60.9158,-74.3982],[-60.9784,-74.4212],[-60.94,-74.4298],[-60.906,-74.4492],[-60.9779,-74.4972],[-61.0679,-74.5196],[-61.5427,-74.544],[-61.5956,-74.5373],[-61.6429,-74.4986],[-61.7075,-74.5058],[-62.1128,-74.4643],[-62.2051,-74.4314],[-62.3639,-74.4035],[-62.3342,-74.4581],[-62.2775,-74.4921],[-62.212,-74.5195],[-62.1373,-74.5651],[-62.0651,-74.5748],[-62.0079,-74.5961],[-61.9352,-74.655],[-61.8858,-74.6733],[-61.8584,-74.7021],[-61.7882,-74.7121],[-61.7821,-74.7218],[-61.7922,-74.779],[-61.8251,-74.8211],[-61.873,-74.8515],[-62.1319,-74.9516],[-62.4673,-74.9977],[-62.526,-74.9972],[-62.5753,-74.9767],[-62.5911,-74.9511],[-62.5796,-74.8989],[-62.5845,-74.8728],[-62.609,-74.821],[-62.6077,-74.7947],[-62.5878,-74.7739],[-62.6105,-74.7634],[-62.6649,-74.7618],[-62.6891,-74.7531],[-62.6991,-74.7366],[-62.694,-74.7182],[-62.6732,-74.7033],[-62.7013,-74.678],[-62.7355,-74.678],[-62.8072,-74.7038],[-62.8444,-74.7084],[-62.882,-74.7048],[-63.119,-74.6523],[-63.1385,-74.6516],[-63.1876,-74.6686],[-63.2657,-74.6681],[-63.2635,-74.6741],[-63.293,-74.7201],[-63.1484,-74.7885],[-63.1069,-74.822],[-63.0702,-74.8681],[-63.0622,-74.8925],[-63.0769,-74.9085],[-63.1812,-74.9194],[-63.4049,-74.8987],[-63.5201,-74.8678],[-63.5731,-74.8714],[-63.6063,-74.9163],[-63.5865,-74.9223],[-63.6097,-74.9368],[-64.0214,-74.9794],[-64.0856,-74.9986],[-64.0548,-75.0073],[-63.9645,-75.0131],[-63.9004,-75.0353],[-63.344,-75.0074],[-63.2779,-75.0154],[-63.2438,-75.0253],[-63.0682,-75.1208],[-63.0409,-75.1472],[-63.3036,-75.1774],[-63.39,-75.1752],[-63.5096,-75.1594],[-64.1588,-75.2243],[-64.2051,-75.2363],[-64.2723,-75.2411],[-64.3572,-75.2799],[-64.4006,-75.2913],[-64.4201,-75.301],[-64.4344,-75.3176],[-64.3717,-75.3349],[-64.349,-75.3645],[-64.3299,-75.3664],[-64.1968,-75.3357],[-64.1114,-75.3499],[-63.7621,-75.3246],[-63.0845,-75.3517],[-63.1067,-75.3855],[-63.1616,-75.4094],[-65.0109,-75.7873],[-65.2648,-75.7914],[-65.2898,-75.797],[-65.3771,-75.8429],[-66.1421,-75.9856],[-66.2186,-76.0108],[-68.1043,-76.1479],[-68.1467,-76.1657],[-68.0832,-76.1897],[-68.0395,-76.2182],[-67.9492,-76.2159],[-69.4748,-76.341],[-69.515,-76.3268],[-69.5468,-76.3269],[-69.6047,-76.337],[-69.7155,-76.3693],[-69.7978,-76.3769],[-69.8527,-76.3935],[-69.9271,-76.3914],[-70.1008,-76.4239],[-70.1809,-76.4506],[-70.1346,-76.468],[-70.0738,-76.4732],[-69.8541,-76.4511],[-69.8009,-76.4557],[-69.7463,-76.4695],[-70.0499,-76.4987],[-69.9967,-76.5206],[-69.8162,-76.5222],[-69.8536,-76.5333],[-69.9784,-76.5346],[-70.057,-76.5485],[-70.0995,-76.5652],[-70.1193,-76.589],[-70.0805,-76.6174],[-69.988,-76.6236],[-69.8274,-76.6139],[-69.8617,-76.6231],[-69.9655,-76.6323],[-70.0302,-76.6482],[-70.0943,-76.6751],[-69.9781,-76.663],[-69.9418,-76.6672],[-69.9713,-76.6862],[-70.014,-76.6936],[-70.3321,-76.6777],[-70.5808,-76.7109],[-70.5289,-76.7193],[-70.3695,-76.7153],[-70.4203,-76.7306],[-70.5028,-76.7343],[-70.5867,-76.7494],[-70.7748,-76.7335],[-70.7938,-76.7514],[-70.9643,-76.7389],[-71.7091,-76.7628],[-72.4062,-76.6894],[-72.5705,-76.7045],[-72.8814,-76.6721],[-72.9029,-76.6806],[-72.9174,-76.7028],[-72.927,-76.7072],[-72.9744,-76.7126],[-73.0605,-76.6915],[-73.9368,-76.653],[-73.9195,-76.6715],[-73.8994,-76.6803],[-73.7938,-76.6857],[-73.7707,-76.6955],[-73.7666,-76.719],[-73.9816,-76.6945],[-74.082,-76.6936],[-75.2103,-76.5652],[-75.2591,-76.5649],[-75.2716,-76.5968],[-75.3326,-76.6031],[-75.6134,-76.561],[-75.6667,-76.5613],[-75.6091,-76.5798],[-75.5974,-76.5877],[-75.5926,-76.6082],[-75.6036,-76.621],[-75.6224,-76.629],[-75.6799,-76.6448],[-75.8104,-76.6381],[-75.8943,-76.621],[-76.0538,-76.5617],[-76.138,-76.549],[-76.2991,-76.5678],[-76.3771,-76.5681],[-76.4993,-76.525],[-76.5416,-76.5168],[-76.584,-76.5204],[-76.6251,-76.539],[-76.6318,-76.5602],[-76.6411,-76.5651],[-76.7705,-76.5787],[-76.7665,-76.6075],[-76.7083,-76.6744],[-76.7518,-76.6701],[-76.9291,-76.6038],[-77.1182,-76.5606],[-77.2645,-76.5637],[-77.3156,-76.5549],[-77.3649,-76.5341],[-77.4569,-76.4801],[-77.3849,-76.545],[-77.4144,-76.5561],[-77.5093,-76.5561],[-77.4923,-76.5803],[-77.4259,-76.6272],[-77.5316,-76.5964],[-77.5919,-76.5497],[-77.6935,-76.4876],[-77.697,-76.5163],[-77.6754,-76.5351],[-77.6143,-76.5588],[-77.5085,-76.6305],[-77.525,-76.6491],[-77.5304,-76.6839],[-77.5691,-76.6988],[-77.5236,-76.7297],[-77.1869,-76.8266],[-77.0389,-76.9252],[-76.9838,-76.9478],[-76.8679,-76.9736],[-76.838,-76.9859],[-76.8223,-77.0055],[-76.8319,-77.0261],[-76.8634,-77.0296],[-76.9845,-77.0117],[-77.0111,-77.0276],[-76.9999,-77.0364],[-76.8591,-77.0856],[-76.7223,-77.082],[-76.4739,-77.164],[-76.3226,-77.2629],[-76.2667,-77.2858],[-76.0883,-77.3317],[-75.9213,-77.3366],[-75.8716,-77.3495],[-75.9106,-77.3647],[-75.8176,-77.4146],[-75.7866,-77.4252],[-75.6922,-77.4371],[-75.6681,-77.4464],[-75.5989,-77.4894],[-75.5648,-77.5031],[-75.5497,-77.5251],[-75.5266,-77.5412],[-75.4588,-77.552],[-75.4367,-77.5481],[-75.3642,-77.4996],[-75.3087,-77.4731],[-75.2541,-77.4576],[-75.0804,-77.4371],[-72.7223,-77.5756],[-72.7967,-77.6008],[-72.7599,-77.6369],[-72.761,-77.6562],[-72.8045,-77.699],[-73.0433,-77.8004],[-73.1197,-77.8564],[-73.1632,-77.8631],[-73.211,-77.8878],[-73.3997,-77.9493],[-73.4332,-77.97],[-73.4982,-77.9865],[-73.4311,-77.9994],[-73.4656,-78.0147],[-73.4993,-78.0185],[-73.5165,-77.9977],[-73.5426,-77.9986],[-73.6273,-78.025],[-74.2694,-78.1292],[-74.1869,-78.1349],[-74.0168,-78.1126],[-73.9333,-78.1124],[-74.0557,-78.1371],[-74.892,-78.1681],[-74.9979,-78.1843],[-74.9762,-78.2009],[-74.9958,-78.22],[-75.0203,-78.2299],[-75.0474,-78.2316],[-75.0876,-78.2197],[-75.1198,-78.1818],[-75.2176,-78.1446],[-77.6854,-77.9299],[-77.7833,-77.9484],[-79.1456,-77.8447],[-79.3153,-77.8766],[-79.4237,-77.878],[-79.9674,-77.8129],[-80.0225,-77.8156],[-80.2272,-77.7978],[-80.3861,-77.7516],[-80.5764,-77.7237],[-80.7694,-77.6699],[-80.7496,-77.69],[-80.6569,-77.7249],[-80.705,-77.7641],[-80.7623,-77.79],[-81.1571,-77.8523],[-81.3985,-77.8331],[-81.6675,-77.8415],[-81.6162,-77.8621],[-77.4125,-78.4196],[-77.3666,-78.4479],[-77.3643,-78.5017],[-77.3307,-78.5338],[-77.3375,-78.57],[-77.3294,-78.5978],[-77.3612,-78.6244],[-77.6634,-78.7053],[-77.7014,-78.7254],[-77.754,-78.7358],[-80.2952,-78.8468],[-82.4044,-78.4705],[-82.487,-78.4658],[-83.6776,-78.0115],[-83.7676,-77.968],[-83.8241,-77.9739],[-83.8314,-77.9822],[-83.8286,-77.9967],[-83.78,-78.0475],[-83.7465,-78.11],[-83.7251,-78.1357],[-83.6953,-78.1554],[-83.6618,-78.1677],[-83.56,-78.1772],[-83.5967,-78.2021],[-83.598,-78.2174],[-83.5913,-78.2263],[-83.3797,-78.2985],[-83.3057,-78.3027],[-83.2179,-78.3346],[-83.1816,-78.3609],[-83.021,-78.4285],[-83.004,-78.4607],[-82.995,-78.4662],[-82.9449,-78.4733],[-82.9857,-78.4919],[-83.0459,-78.5048],[-83.1053,-78.5051],[-83.1438,-78.4863],[-83.1138,-78.4694],[-83.1935,-78.4167],[-83.2398,-78.3985],[-83.2858,-78.3922],[-83.4174,-78.4059],[-83.4618,-78.3928],[-83.4283,-78.3712],[-83.3869,-78.3647],[-83.4071,-78.3518],[-83.4754,-78.3517],[-83.6813,-78.3272],[-83.7021,-78.3342],[-83.74,-78.3609],[-83.7347,-78.3858],[-83.71,-78.3972],[-83.7443,-78.4181],[-83.7923,-78.4229],[-83.8861,-78.4194],[-83.8039,-78.5011],[-83.7196,-78.5602],[-83.541,-78.6292],[-83.4034,-78.7149],[-83.2535,-78.7727],[-82.9181,-78.8586],[-82.7284,-78.8757],[-82.6325,-78.8639],[-82.5857,-78.8679],[-82.5666,-78.8947],[-82.6072,-78.9114],[-82.607,-78.9296],[-82.5795,-78.9446],[-82.4798,-78.9671],[-82.389,-78.9693],[-81.7428,-79.0654],[-81.7069,-79.0912],[-81.6511,-79.1008],[-81.4513,-79.1672],[-81.4101,-79.1736],[-81.4534,-79.1886],[-81.3883,-79.2155],[-81.2772,-79.1945],[-81.1057,-79.2034],[-81.2222,-79.2333],[-81.275,-79.2548],[-81.3193,-79.2985],[-81.3016,-79.3249],[-81.1685,-79.4482],[-81.1173,-79.4699],[-80.4923,-79.5779],[-80.4391,-79.5655],[-80.4119,-79.5519],[-80.3932,-79.5353],[-80.386,-79.5082],[-80.4014,-79.489],[-80.5071,-79.446],[-80.5454,-79.4143],[-80.5372,-79.3237],[-80.5304,-79.3043],[-80.4866,-79.2736],[-80.4294,-79.2585],[-76.5326,-79.3129],[-76.3273,-79.3772],[-76.2164,-79.3918],[-76.1314,-79.4233],[-76.0663,-79.4353],[-76.0084,-79.4968],[-75.9702,-79.5234],[-75.9246,-79.5203],[-75.9245,-79.5422],[-75.9385,-79.5688],[-76.0115,-79.6218],[-76.0356,-79.6471],[-76.0976,-79.7336],[-76.1494,-79.7688],[-76.262,-79.8068],[-76.4204,-79.8798],[-76.6322,-79.9392],[-77.4191,-80.0138],[-79.6873,-79.9826],[-79.6454,-80.0213],[-78.3727,-80.1503],[-78.2732,-80.1782],[-77.9005,-80.149],[-77.779,-80.1619],[-77.6661,-80.1817],[-76.2745,-80.0811],[-76.2466,-80.0896],[-76.2719,-80.1332],[-76.2757,-80.1545],[-76.254,-80.1842],[-76.2334,-80.2026],[-76.1525,-80.2463],[-76.0951,-80.2941],[-76.067,-80.29],[-76.0275,-80.2721],[-75.9652,-80.2748],[-75.9478,-80.2826],[-75.9872,-80.3032],[-75.9672,-80.3134],[-75.8721,-80.3077],[-75.5784,-80.4035],[-75.5461,-80.4347],[-75.4967,-80.4548],[-75.4667,-80.4765],[-75.4141,-80.4885],[-75.4017,-80.5192],[-75.424,-80.5416],[-75.5199,-80.5706],[-75.6475,-80.5864],[-75.671,-80.5953],[-75.712,-80.6381],[-75.6482,-80.6628],[-75.4698,-80.7037],[-75.3914,-80.7048],[-75.3478,-80.7219],[-75.2471,-80.7411],[-75.1301,-80.7442],[-75.0295,-80.7721],[-74.9495,-80.7702],[-74.9881,-80.7905],[-75.0411,-80.7936],[-75.1925,-80.7713],[-75.349,-80.8001],[-75.7251,-80.8185],[-75.7709,-80.8376],[-75.6535,-80.8417],[-75.5999,-80.8781],[-75.5541,-80.8914],[-75.4986,-80.8966],[-75.3811,-80.8808],[-75.241,-80.882],[-75.1488,-80.8635],[-75.0968,-80.8832],[-75.0494,-80.8787],[-74.9872,-80.8961],[-74.9025,-80.8859],[-74.8383,-80.9194],[-74.6715,-80.8735],[-74.5942,-80.8708],[-74.4792,-80.8344],[-74.277,-80.8233],[-74.1626,-80.8001],[-74.1042,-80.7962],[-74.0469,-80.8041],[-73.9511,-80.8373],[-73.8644,-80.8313],[-73.8226,-80.8356],[-73.7782,-80.8484],[-72.7692,-80.9692],[-72.5889,-80.9614],[-72.6037,-80.9314],[-72.629,-80.9104],[-72.5837,-80.8323],[-72.557,-80.7986],[-72.516,-80.7703],[-72.4623,-80.7504],[-72.411,-80.7441],[-72.2776,-80.7656],[-71.6386,-80.7],[-71.5266,-80.7154],[-71.2818,-80.6635],[-71.1258,-80.6026],[-71.0677,-80.6018],[-70.9743,-80.624],[-70.9413,-80.6251],[-70.8206,-80.6101],[-70.4337,-80.6573],[-70.4015,-80.6681],[-70.3756,-80.6843],[-70.3641,-80.7077],[-70.3935,-80.7638],[-70.3835,-80.808],[-70.3971,-80.8233],[-70.3246,-80.8404],[-70.1986,-80.8894],[-70.1569,-80.8953],[-70.0342,-80.8927],[-70.0555,-80.9133],[-70.0618,-80.9291],[-70.0527,-80.9435],[-70.0021,-80.9708],[-69.9758,-80.976],[-69.7784,-80.9853],[-69.6855,-80.976],[-69.1741,-81.0297],[-69.1164,-81.0256],[-68.9525,-80.9848],[-68.6803,-80.9609],[-68.4487,-80.9771],[-68.3063,-81.0032],[-68.2349,-81.0035],[-68.1703,-81.0256],[-68.0571,-81.0383],[-68.0877,-81.051],[-68.2974,-81.0899],[-68.421,-81.0878],[-68.3717,-81.1103],[-65.1743,-81.5123],[-64.6724,-81.5144],[-64.5896,-81.5344],[-62.4142,-81.5576],[-62.2813,-81.5867],[-62.2113,-81.5921],[-62.1892,-81.5994],[-62.1479,-81.6402],[-62.1164,-81.6476],[-62.0836,-81.6457],[-62.1145,-81.6713],[-62.2073,-81.6926],[-63.3787,-81.7166],[-63.4613,-81.7008],[-63.2954,-81.649],[-63.3912,-81.6321],[-63.493,-81.6407],[-63.7374,-81.6894],[-64.0342,-81.697],[-64.0844,-81.6889],[-63.8439,-81.6222],[-63.8782,-81.6008],[-63.9368,-81.6096],[-64.0922,-81.6661],[-64.1986,-81.6884],[-64.7127,-81.6982],[-64.6653,-81.6773],[-64.5135,-81.6388],[-64.5593,-81.6218],[-64.6168,-81.6193],[-64.7785,-81.637],[-64.9792,-81.695],[-65.3038,-81.7175],[-65.4172,-81.7011],[-65.6917,-81.7105],[-65.713,-81.72],[-65.7148,-81.7292],[-65.7015,-81.77],[-65.6249,-81.7841],[-64.9111,-81.7963],[-64.9648,-81.8151],[-64.9176,-81.8195],[-64.7513,-81.7979],[-64.6855,-81.8002],[-64.6336,-81.7934],[-63.4794,-81.78],[-63.5409,-81.8293],[-63.4761,-81.8373],[-63.5179,-81.8621],[-63.5772,-81.8718],[-65.8031,-81.8884],[-66.2558,-81.948],[-65.7015,-81.9689],[-65.6298,-81.9866],[-65.653,-82.0058],[-65.6818,-82.0159],[-65.7428,-82.0268],[-65.9203,-82.0797],[-65.9437,-82.0958],[-66.0058,-82.1681],[-66.0624,-82.1954],[-66.0336,-82.2145],[-65.8669,-82.2099],[-65.8939,-82.2272],[-66.0281,-82.2397],[-65.9899,-82.2494],[-65.8627,-82.2448],[-65.9134,-82.2631],[-66.0801,-82.2917],[-66.0303,-82.3116],[-65.4882,-82.2934],[-65.375,-82.2631],[-65.2335,-82.2569],[-65.2076,-82.2658],[-65.1861,-82.2907],[-65.1466,-82.3084],[-65.1481,-82.3195],[-65.1673,-82.3403],[-65.1645,-82.3497],[-65.0943,-82.3679],[-65.0919,-82.3741],[-65.1013,-82.3928],[-65.092,-82.4025],[-65.0726,-82.406],[-64.4569,-82.3544],[-64.5257,-82.3779],[-64.4883,-82.4039],[-64.4396,-82.4103],[-63.8418,-82.3022],[-63.3334,-82.3408],[-63.2867,-82.3303],[-63.1959,-82.2946],[-63.2347,-82.2691],[-63.1888,-82.2576],[-63.0414,-82.252],[-63.0351,-82.2737],[-63.0099,-82.2797],[-62.4719,-82.2564],[-62.073,-82.2875],[-60.7087,-82.1607],[-60.6473,-82.1667],[-60.6929,-82.1977],[-60.4012,-82.1702],[-60.5062,-82.2151],[-61.1202,-82.3443],[-61.2902,-82.3422],[-61.7584,-82.4026],[-61.9957,-82.4592],[-62.795,-82.5197],[-62.7651,-82.5543],[-62.7291,-82.5778],[-62.4952,-82.6817],[-62.5111,-82.7096],[-62.5387,-82.7206],[-62.5189,-82.7258],[-62.462,-82.7194],[-62.4031,-82.7455],[-62.1007,-82.8497],[-62.0933,-82.8544],[-62.0907,-82.8808],[-62.0824,-82.8912],[-61.9325,-82.9723],[-61.9972,-83.0012],[-62.0664,-83.0133],[-62.2093,-83.0188],[-62.1808,-83.0341],[-61.9416,-83.0284],[-61.8335,-82.9924],[-61.8158,-82.9946],[-61.6578,-83.0577],[-61.6202,-83.0634],[-61.5871,-83.0507],[-61.5494,-83.0103],[-61.5321,-83.0021],[-61.385,-82.9664],[-61.3649,-82.9498],[-61.3494,-82.9089],[-61.3141,-82.8902],[-61.2765,-82.8898],[-61.2607,-82.8976],[-61.2183,-82.9391],[-61.1847,-82.9592],[-61.1479,-82.9648],[-61.1102,-82.949],[-61.1329,-82.9179],[-61.0965,-82.905],[-61.0657,-82.9098],[-61.0066,-82.9461],[-60.9783,-82.9752],[-60.9749,-83.0055],[-61.0002,-83.073],[-61.0401,-83.1196],[-61.1125,-83.1648],[-61.1925,-83.1985],[-61.2543,-83.2101],[-61.3266,-83.2136],[-61.4847,-83.2547],[-61.6248,-83.3122],[-61.8515,-83.3676],[-61.8247,-83.3744],[-61.7376,-83.3617],[-61.5411,-83.3508],[-61.5296,-83.3576],[-61.5145,-83.404],[-61.4889,-83.4069],[-61.4191,-83.3912],[-61.2552,-83.3757],[-61.1864,-83.3798],[-61.1477,-83.4085],[-61.1104,-83.4133],[-60.8996,-83.388],[-61.005,-83.424],[-61.1136,-83.4479],[-60.9523,-83.4763],[-60.9001,-83.4742],[-60.6678,-83.4303],[-60.6081,-83.4284],[-60.4461,-83.4687],[-59.8741,-83.4275],[-59.8336,-83.4587],[-59.47,-83.4601],[-57.8966,-83.009],[-57.6989,-82.9103],[-56.338,-82.6454],[-56.2964,-82.6212],[-55.9923,-82.5409],[-55.9259,-82.5099],[-55.9272,-82.4831],[-55.9161,-82.477],[-55.8502,-82.4621],[-55.8262,-82.4851],[-55.7769,-82.4876],[-55.6811,-82.4617],[-55.5589,-82.4612],[-55.4978,-82.4743],[-55.4285,-82.4799],[-55.4151,-82.4998],[-55.3929,-82.5065],[-55.2248,-82.5178],[-55.1764,-82.5104],[-55.1439,-82.4907],[-55.1876,-82.4583],[-55.1301,-82.4391],[-55.1108,-82.3941],[-55.0998,-82.3844],[-55.0155,-82.3523],[-54.9879,-82.3469],[-54.8576,-82.3479],[-54.8205,-82.3163],[-54.7615,-82.2997],[-54.2396,-82.2751],[-54.1739,-82.263],[-54.2009,-82.2542],[-54.2932,-82.2535],[-53.9247,-82.2061],[-53.97,-82.1985],[-54.2577,-82.2016],[-54.3035,-82.1917],[-53.9093,-82.1784],[-53.7996,-82.194],[-53.314,-82.1528],[-53.2876,-82.1471],[-53.2554,-82.1301],[-53.2249,-82.1251],[-52.6431,-82.1604],[-51.7306,-82.0626]]],[[[167.6637,-78.1274],[167.6657,-78.131],[167.5791,-78.1873],[167.4968,-78.227],[167.4055,-78.2492],[167.2913,-78.2527],[166.9473,-78.2223],[166.9032,-78.2275],[166.7297,-78.277],[166.3151,-78.3103],[166.1942,-78.2992],[166.1411,-78.2872],[166.0978,-78.2678],[166.0348,-78.1965],[165.9861,-78.1096],[166.0454,-78.09],[166.0934,-78.0832],[166.1323,-78.0905],[166.1643,-78.1129],[166.3103,-78.1124],[166.6527,-78.1614],[166.7957,-78.2116],[167.0679,-78.155],[167.3484,-78.0588],[167.4111,-78.0112],[167.4561,-77.9963],[167.5117,-77.9924],[167.5653,-78.0027],[167.6033,-78.0302],[167.6242,-78.082],[167.6637,-78.1274]]],[[[-45.0539,-60.7031],[-45.0834,-60.6847],[-45.069,-60.6603],[-45.0671,-60.6311],[-45.0296,-60.6568],[-45.0204,-60.6904],[-45.0002,-60.7009],[-45.0256,-60.7102],[-45.0539,-60.7031]]],[[[-59.2868,-80.2096],[-59.2804,-80.2154],[-59.3006,-80.2185],[-59.3794,-80.2021],[-59.5926,-80.214],[-59.6051,-80.2234],[-59.6226,-80.2597],[-59.5918,-80.2665],[-59.5746,-80.2858],[-59.6373,-80.2846],[-59.6577,-80.2924],[-59.6997,-80.3307],[-59.7574,-80.3357],[-59.7725,-80.3517],[-59.7753,-80.3681],[-59.7852,-80.3792],[-59.7841,-80.3982],[-59.7699,-80.407],[-59.7309,-80.4142],[-59.7744,-80.4192],[-59.7926,-80.4294],[-59.7956,-80.4694],[-59.8088,-80.4946],[-59.8273,-80.5164],[-59.8468,-80.5283],[-59.8092,-80.5326],[-59.6815,-80.5151],[-59.6522,-80.4972],[-59.6667,-80.4848],[-59.6263,-80.477],[-59.5852,-80.4787],[-59.5419,-80.4931],[-59.4665,-80.4909],[-59.4902,-80.5073],[-59.5039,-80.5295],[-59.5644,-80.5416],[-59.5819,-80.5388],[-59.5917,-80.5284],[-59.6106,-80.5276],[-59.6285,-80.5335],[-59.6472,-80.5505],[-59.7413,-80.5763],[-59.8333,-80.5833],[-59.8592,-80.595],[-59.8843,-80.6459],[-59.7938,-80.6557],[-59.715,-80.6412],[-59.6659,-80.6464],[-59.6918,-80.6691],[-59.7556,-80.6946],[-59.819,-80.7449],[-60.3614,-80.9161],[-60.6527,-80.9604],[-62.5221,-80.8649],[-62.9585,-80.7753],[-62.9836,-80.7597],[-62.9881,-80.737],[-62.9651,-80.7092],[-62.9736,-80.6969],[-63.0516,-80.6686],[-63.0611,-80.6252],[-63.0718,-80.6147],[-63.1411,-80.5925],[-63.7923,-80.6061],[-63.8502,-80.6386],[-63.878,-80.6452],[-64.1275,-80.6536],[-64.1656,-80.6648],[-64.1422,-80.6784],[-64.1773,-80.6965],[-64.1837,-80.7077],[-64.1708,-80.7268],[-64.1761,-80.7332],[-64.2183,-80.7447],[-64.2848,-80.7512],[-66.7009,-80.4124],[-66.7589,-80.3891],[-66.7829,-80.3474],[-66.8048,-80.3285],[-66.7965,-80.3082],[-66.7691,-80.2897],[-66.5766,-80.2273],[-66.331,-80.2192],[-66.2662,-80.2125],[-66.2701,-80.1999],[-66.2399,-80.1944],[-66.1944,-80.2011],[-66.1672,-80.2182],[-66.1698,-80.2275],[-66.2118,-80.2499],[-66.1893,-80.2726],[-66.2288,-80.3196],[-66.2035,-80.3437],[-66.1654,-80.3574],[-65.9184,-80.395],[-61.7504,-80.3683],[-61.2226,-80.2731],[-61.1846,-80.2526],[-61.4473,-80.2512],[-61.5159,-80.2419],[-61.5445,-80.2301],[-61.5768,-80.2035],[-61.6581,-80.1795],[-61.6627,-80.1702],[-61.6487,-80.1579],[-61.6501,-80.1436],[-61.7065,-80.1249],[-61.7361,-80.0916],[-61.8079,-80.0576],[-61.8061,-80.0509],[-61.7801,-80.0424],[-61.6588,-80.038],[-61.7008,-80.0154],[-61.2905,-80.0149],[-61.2668,-80.0085],[-61.2356,-79.9797],[-61.3087,-79.9459],[-61.468,-79.9133],[-61.5227,-79.893],[-61.4661,-79.8816],[-61.1208,-79.8735],[-61.0948,-79.8325],[-61.0269,-79.8061],[-60.0766,-79.656],[-60.0408,-79.6601],[-60.0533,-79.6799],[-60.0745,-79.6941],[-60.1494,-79.7057],[-60.2269,-79.7061],[-60.4866,-79.7377],[-60.4031,-79.7573],[-59.8206,-79.7692],[-59.7991,-79.7743],[-59.8236,-79.7994],[-59.8536,-79.8172],[-59.8181,-79.8263],[-59.75,-79.8181],[-59.6564,-79.8504],[-59.7832,-79.8337],[-59.8544,-79.8376],[-59.8745,-79.8459],[-59.8848,-79.8588],[-59.8744,-79.8764],[-59.8832,-79.884],[-59.8628,-79.9033],[-59.8266,-79.9068],[-59.7309,-79.884],[-59.6552,-79.8907],[-59.6256,-79.9063],[-59.718,-79.9068],[-59.7322,-79.9138],[-59.6776,-79.9572],[-59.7194,-79.9601],[-59.774,-79.9365],[-59.8467,-79.9436],[-59.8527,-79.9496],[-59.8513,-79.9612],[-59.8627,-79.9682],[-59.7799,-80.0333],[-59.7759,-80.0452],[-59.7843,-80.0578],[-59.7994,-80.0639],[-59.9354,-80.0758],[-59.9613,-80.0839],[-59.8979,-80.1158],[-59.5199,-80.1119],[-59.4333,-80.1287],[-59.4216,-80.1362],[-59.4479,-80.156],[-59.48,-80.1695],[-59.3495,-80.1617],[-59.3349,-80.1661],[-59.328,-80.1783],[-59.2864,-80.1795],[-59.2987,-80.1955],[-59.2868,-80.2096]]],[[[-66.1491,-79.6282],[-65.8578,-79.6021],[-65.8194,-79.608],[-65.7886,-79.6246],[-65.9379,-79.6589],[-65.9918,-79.6554],[-66.0098,-79.6454],[-66.2565,-79.6733],[-66.6562,-79.6604],[-66.7008,-79.6681],[-66.6459,-79.6902],[-66.5841,-79.7018],[-66.2718,-79.7214],[-66.1146,-79.7669],[-66.0166,-79.7748],[-65.6913,-79.7519],[-65.5711,-79.7828],[-65.5541,-79.7774],[-65.5795,-79.7946],[-65.5448,-79.8084],[-65.5658,-79.8127],[-65.8685,-79.831],[-65.9013,-79.8395],[-65.875,-79.8492],[-65.5304,-79.8827],[-65.5058,-79.8933],[-65.4997,-79.9042],[-65.5016,-79.9335],[-65.4501,-79.9524],[-65.7274,-79.9904],[-65.7947,-80.0274],[-66.2227,-80.0864],[-66.3105,-80.0807],[-66.3954,-80.0598],[-66.3821,-80.0501],[-66.3859,-80.0422],[-66.4153,-80.0295],[-66.3358,-80.0163],[-66.342,-80.0007],[-66.3578,-79.9866],[-66.4193,-79.9604],[-66.722,-79.9366],[-66.7694,-79.9196],[-66.973,-79.9216],[-67.0089,-79.9133],[-67.0257,-79.8984],[-67.0007,-79.8762],[-66.8463,-79.822],[-66.8118,-79.7919],[-66.8716,-79.7981],[-66.9333,-79.7926],[-67.6904,-79.6383],[-67.7601,-79.5937],[-67.8321,-79.5794],[-67.8398,-79.5588],[-67.828,-79.546],[-67.8054,-79.5385],[-67.7073,-79.5256],[-67.6539,-79.5341],[-67.6811,-79.5514],[-67.6173,-79.5442],[-67.5627,-79.5514],[-67.5196,-79.5488],[-67.4501,-79.567],[-66.9108,-79.5652],[-66.9752,-79.5832],[-66.871,-79.5886],[-66.8335,-79.6015],[-66.751,-79.6168],[-66.1491,-79.6282]]],[[[-68.2331,-79.2859],[-68.1383,-79.2688],[-68.0775,-79.235],[-68.0177,-79.2258],[-67.6131,-79.2115],[-67.0482,-79.2648],[-67.0691,-79.2826],[-67.0973,-79.2941],[-67.1982,-79.3186],[-67.2715,-79.3082],[-67.3345,-79.3249],[-67.5111,-79.3972],[-67.4823,-79.4099],[-67.3128,-79.4274],[-67.2894,-79.4382],[-67.3065,-79.4498],[-67.2422,-79.4558],[-67.4232,-79.5009],[-67.4679,-79.506],[-68.3927,-79.4708],[-68.4545,-79.4475],[-68.5503,-79.443],[-68.5721,-79.4366],[-68.5622,-79.4255],[-68.504,-79.4054],[-67.5138,-79.325],[-67.4693,-79.308],[-67.5036,-79.3019],[-67.676,-79.3034],[-67.7056,-79.2971],[-67.7096,-79.2866],[-67.7035,-79.28],[-67.7998,-79.29],[-67.8533,-79.2809],[-68.2692,-79.3277],[-68.447,-79.3238],[-68.4159,-79.3127],[-68.2331,-79.2859]]],[[[-33.9165,-79.3126],[-33.9875,-79.3482],[-34.0709,-79.3615],[-36.7264,-79.2981],[-36.8448,-79.2599],[-36.9385,-79.1812],[-36.8832,-79.1926],[-36.7233,-79.2653],[-36.5901,-79.2756],[-36.6221,-79.2438],[-36.6596,-79.2231],[-35.8441,-79.1686],[-35.7878,-79.1535],[-35.6841,-79.1078],[-35.6287,-79.0939],[-35.5034,-79.0901],[-34.0209,-79.2685],[-33.9165,-79.3126]]],[[[-66.7344,-78.4418],[-66.7687,-78.4503],[-66.8751,-78.4588],[-67.0568,-78.4953],[-67.0227,-78.5143],[-67.1594,-78.5535],[-67.2646,-78.6052],[-67.3547,-78.629],[-67.3995,-78.6642],[-68.9464,-79.0973],[-68.9631,-79.1085],[-68.9596,-79.1256],[-68.9986,-79.1467],[-69.296,-79.2177],[-69.3305,-79.2531],[-69.3601,-79.2712],[-69.4645,-79.298],[-69.5982,-79.3742],[-69.6191,-79.3971],[-69.6648,-79.4118],[-69.6063,-79.4177],[-69.5033,-79.4151],[-69.7805,-79.4425],[-69.822,-79.4584],[-69.8009,-79.4688],[-69.668,-79.4869],[-69.5631,-79.5261],[-69.4916,-79.5326],[-69.6919,-79.5412],[-69.7362,-79.5672],[-69.6466,-79.6038],[-70.3418,-79.6969],[-71.4442,-79.6529],[-71.5589,-79.6233],[-71.6704,-79.5811],[-71.7811,-79.524],[-71.8052,-79.5004],[-71.8157,-79.4792],[-71.8148,-79.4533],[-71.8034,-79.4278],[-71.7684,-79.385],[-71.7529,-79.3251],[-71.6885,-79.2604],[-71.5996,-79.2],[-71.3954,-79.1017],[-70.5928,-78.8859],[-70.4112,-78.8826],[-70.3661,-78.873],[-70.2759,-78.8406],[-69.8334,-78.7997],[-69.6967,-78.7529],[-69.5775,-78.7394],[-69.4372,-78.6871],[-67.7301,-78.4203],[-67.5776,-78.3718],[-66.9929,-78.3067],[-66.7309,-78.3215],[-66.6639,-78.3367],[-66.6055,-78.3637],[-66.6291,-78.3796],[-66.6593,-78.3891],[-66.8357,-78.4142],[-66.8725,-78.428],[-66.7941,-78.441],[-66.7488,-78.4357],[-66.7344,-78.4418]]],[[[-52.5188,-80.2001],[-52.3964,-80.185],[-51.4831,-79.9262],[-51.339,-79.865],[-51.0626,-79.7994],[-50.9162,-79.733],[-50.5414,-79.6379],[-50.4031,-79.571],[-50.3533,-79.5544],[-50.2821,-79.5449],[-50.2637,-79.5357],[-50.2263,-79.4804],[-50.2535,-79.4627],[-50.2462,-79.4433],[-50.3241,-79.4152],[-50.3502,-79.3985],[-50.3331,-79.3661],[-50.3892,-79.3308],[-50.4601,-79.3121],[-50.7131,-79.2817],[-50.7397,-79.2844],[-50.651,-79.2433],[-50.5443,-79.1617],[-50.4844,-79.1293],[-50.4805,-79.116],[-50.4924,-79.0956],[-50.4555,-79.0221],[-50.453,-79.0038],[-50.4747,-78.9836],[-50.5407,-78.9749],[-50.5613,-78.9596],[-50.5187,-78.9457],[-50.3791,-78.9299],[-50.3343,-78.9138],[-50.2909,-78.8915],[-50.2144,-78.8329],[-50.3247,-78.8383],[-50.3803,-78.8317],[-50.4305,-78.8126],[-50.2673,-78.7232],[-50.3235,-78.72],[-50.3674,-78.6905],[-50.2639,-78.6713],[-50.2497,-78.6575],[-50.2211,-78.6044],[-50.0565,-78.5341],[-50.0031,-78.488],[-49.9711,-78.4733],[-49.8949,-78.4532],[-49.2781,-78.2009],[-49.2507,-78.1795],[-49.246,-78.1524],[-49.2344,-78.1398],[-49.1156,-78.0947],[-49.103,-78.0798],[-49.1387,-78.0698],[-49.111,-78.0529],[-49.0723,-78.0422],[-47.2225,-77.7726],[-45.9341,-77.8171],[-45.8952,-77.8285],[-44.5146,-78.0422],[-43.8188,-78.2483],[-43.7685,-78.2742],[-43.7311,-78.3118],[-43.7183,-78.3674],[-43.7251,-78.395],[-43.7994,-78.4646],[-43.8998,-78.5842],[-43.9203,-78.5963],[-43.9631,-78.6033],[-45.1558,-78.6619],[-45.3027,-78.6804],[-45.35,-78.6933],[-45.2246,-78.7356],[-45.3705,-78.7861],[-45.2982,-78.8107],[-45.219,-78.8189],[-43.739,-78.8006],[-43.5535,-78.8805],[-43.5006,-78.9138],[-43.4599,-78.9555],[-43.4308,-79.0379],[-43.43,-79.0849],[-43.4525,-79.1108],[-43.4056,-79.1004],[-43.3578,-79.1008],[-43.3055,-79.136],[-43.1999,-79.1585],[-43.1335,-79.1819],[-43.1883,-79.1891],[-43.3485,-79.2392],[-43.3098,-79.2675],[-43.1509,-79.3151],[-43.0697,-79.3557],[-43.0546,-79.3896],[-43.0415,-79.4006],[-42.9897,-79.4202],[-42.9616,-79.4409],[-42.9424,-79.4791],[-42.9364,-79.5221],[-42.9622,-79.7161],[-42.9815,-79.7866],[-43.0157,-79.8498],[-43.0728,-79.9089],[-43.1374,-79.9518],[-43.2071,-79.9781],[-43.2812,-79.988],[-43.5962,-79.9635],[-43.8567,-79.996],[-43.4771,-80.0947],[-43.438,-80.1095],[-43.4234,-80.1315],[-43.4524,-80.1645],[-43.5316,-80.2],[-49.7192,-80.6856],[-49.7563,-80.707],[-49.7591,-80.7219],[-49.7505,-80.7403],[-49.696,-80.768],[-49.798,-80.7909],[-54.1616,-80.8771],[-54.2584,-80.8551],[-54.29,-80.8386],[-54.3491,-80.7825],[-54.4078,-80.74],[-54.413,-80.7175],[-54.4047,-80.6614],[-54.3964,-80.6394],[-54.369,-80.6101],[-54.3636,-80.5961],[-54.3776,-80.5774],[-54.2731,-80.5361],[-54.2175,-80.5217],[-54.1638,-80.53],[-54.1207,-80.5689],[-54.0965,-80.5584],[-54.051,-80.492],[-54.0194,-80.4706],[-53.7894,-80.3606],[-53.5895,-80.2321],[-53.4237,-80.193],[-53.4369,-80.1736],[-53.4576,-80.1609],[-53.4071,-80.1077],[-53.3426,-80.1072],[-53.2132,-80.1614],[-53.1515,-80.176],[-53.088,-80.1818],[-52.8902,-80.177],[-52.6943,-80.1437],[-52.6067,-80.1076],[-52.4093,-80.0551],[-52.3516,-80.053],[-52.3024,-80.0612],[-52.2799,-80.0783],[-52.2876,-80.1017],[-52.329,-80.1284],[-52.4761,-80.1927],[-52.5228,-80.199],[-52.5188,-80.2001]]],[[[-20.3666,-74.4254],[-20.3777,-74.4494],[-20.4148,-74.4838],[-20.4781,-74.4987],[-20.5286,-74.5026],[-20.8066,-74.4752],[-20.843,-74.4628],[-20.8657,-74.4391],[-20.8696,-74.4016],[-20.9598,-74.2385],[-20.9812,-74.211],[-21.012,-74.1872],[-21.1224,-74.1428],[-21.2995,-74.1059],[-21.7135,-74.0885],[-22.0211,-74.114],[-22.0402,-74.1056],[-21.894,-74.0417],[-21.336,-74.0037],[-21.2349,-73.9806],[-21.1454,-73.9501],[-21.0696,-73.913],[-21.0095,-73.8705],[-21.0107,-73.8259],[-20.9409,-73.7511],[-20.9244,-73.7044],[-20.8904,-73.679],[-20.8142,-73.6464],[-20.6488,-73.6194],[-20.6376,-73.61],[-20.6356,-73.5921],[-20.6402,-73.5875],[-20.5829,-73.6057],[-20.5566,-73.6208],[-20.5159,-73.6598],[-20.5092,-73.6777],[-20.5127,-73.6956],[-20.535,-73.7395],[-20.5282,-73.7592],[-20.4958,-73.7937],[-20.5432,-73.8189],[-20.5831,-73.8541],[-20.5758,-73.8875],[-20.5999,-73.9177],[-20.5912,-73.9713],[-20.5986,-73.9905],[-20.6474,-74.0195],[-20.6588,-74.0672],[-20.6929,-74.102],[-20.6617,-74.1285],[-20.5799,-74.221],[-20.4256,-74.309],[-20.3995,-74.3317],[-20.3787,-74.3608],[-20.3667,-74.393],[-20.3666,-74.4254]]],[[[-104.6871,-73.0965],[-104.5539,-73.1458],[-104.5327,-73.1745],[-104.6305,-73.2114],[-104.7469,-73.2185],[-104.8595,-73.2067],[-104.9457,-73.1862],[-104.9989,-73.1645],[-105.0377,-73.1404],[-105.0989,-73.0867],[-105.1554,-73.0053],[-105.061,-72.9542],[-105.0141,-72.9405],[-104.9586,-72.9426],[-104.9357,-72.9509],[-104.8818,-72.9894],[-104.6871,-73.0965]]],[[[-74.8468,-72.8666],[-74.504,-72.8821],[-74.3096,-72.9211],[-74.2186,-72.9908],[-74.2399,-73.0201],[-74.3861,-73.1027],[-74.4147,-73.1677],[-74.433,-73.1819],[-74.5002,-73.2079],[-74.5084,-73.2524],[-74.6947,-73.2765],[-74.758,-73.3032],[-74.717,-73.3093],[-74.5919,-73.3088],[-74.5546,-73.3167],[-74.5324,-73.3317],[-74.5301,-73.3549],[-74.5524,-73.3874],[-74.4745,-73.402],[-74.4412,-73.4338],[-74.3609,-73.4604],[-74.3819,-73.4802],[-74.4184,-73.5483],[-74.4653,-73.5829],[-74.5194,-73.6061],[-74.5931,-73.6145],[-75.8746,-73.3466],[-76.031,-73.2839],[-76.1261,-73.1588],[-76.1031,-73.1228],[-76.0741,-73.0988],[-76.0392,-73.0842],[-75.8582,-73.0476],[-75.7482,-73.0577],[-75.5245,-73.1134],[-75.4168,-73.1067],[-75.4609,-73.0735],[-75.4332,-73.0548],[-75.3728,-73.0463],[-75.0963,-73.0558],[-75.0364,-73.039],[-75.211,-73.0055],[-75.4067,-73.0025],[-75.5011,-72.9894],[-75.7044,-72.9228],[-75.7757,-72.8936],[-75.6966,-72.8786],[-75.5553,-72.8715],[-75.5411,-72.8614],[-75.4473,-72.8284],[-75.4039,-72.822],[-75.2958,-72.8195],[-74.9464,-72.8654],[-74.8468,-72.8666]]],[[[-90.9016,-72.8198],[-90.9305,-72.8479],[-90.9056,-72.8385],[-90.8611,-72.8356],[-90.7859,-72.841],[-90.7399,-72.8644],[-90.7283,-72.8845],[-90.7245,-72.9128],[-90.7353,-72.9454],[-90.7611,-72.9801],[-90.8195,-73.0363],[-90.9177,-73.1013],[-91.0254,-73.1498],[-91.2058,-73.1944],[-91.3904,-73.2128],[-91.5063,-73.1978],[-91.5246,-73.1926],[-91.4863,-73.1246],[-91.4779,-73.0621],[-91.4654,-73.0341],[-91.4581,-72.9754],[-91.4491,-72.9518],[-91.3867,-72.9291],[-91.3334,-72.8976],[-91.5285,-72.7831],[-91.5562,-72.7573],[-91.6205,-72.6694],[-91.6865,-72.61],[-91.39,-72.5501],[-91.0442,-72.5431],[-90.9152,-72.5622],[-90.8639,-72.579],[-90.8164,-72.6034],[-90.7796,-72.6362],[-90.758,-72.6974],[-90.7877,-72.7446],[-90.9016,-72.8198]]],[[[-94.4914,-72.5224],[-94.4833,-72.5456],[-94.3998,-72.6074],[-94.5047,-72.6327],[-95.2012,-72.6773],[-95.2743,-72.6518],[-95.2693,-72.636],[-95.1978,-72.5886],[-94.8105,-72.5346],[-94.5809,-72.4689],[-94.5221,-72.4694],[-94.5021,-72.4793],[-94.4938,-72.4915],[-94.4914,-72.5224]]],[[[-95.4992,-72.3156],[-95.4289,-72.3342],[-95.4374,-72.3552],[-95.5155,-72.402],[-95.7553,-72.4378],[-96.0226,-72.4365],[-96.0968,-72.4611],[-96.0517,-72.4557],[-95.9906,-72.4703],[-95.9444,-72.5016],[-95.9439,-72.5462],[-95.9879,-72.5743],[-96.0548,-72.5837],[-96.6043,-72.5608],[-96.6547,-72.5453],[-96.7148,-72.517],[-96.74,-72.5198],[-96.7733,-72.5405],[-96.7875,-72.5665],[-96.8559,-72.5778],[-96.9361,-72.5802],[-97.126,-72.5612],[-97.1688,-72.5466],[-97.2313,-72.5099],[-97.259,-72.5071],[-97.5994,-72.5572],[-98.5801,-72.5728],[-98.673,-72.5422],[-98.6244,-72.5297],[-98.5918,-72.511],[-98.5355,-72.4641],[-99.3966,-72.4982],[-99.4681,-72.4614],[-99.4013,-72.4278],[-99.251,-72.4098],[-99.1864,-72.3754],[-99.7646,-72.3735],[-99.892,-72.3327],[-99.9804,-72.3212],[-100.1405,-72.28],[-100.2053,-72.2713],[-100.328,-72.2866],[-100.3772,-72.2848],[-100.4158,-72.2595],[-101.6092,-72.1887],[-101.6883,-72.1666],[-101.7252,-72.163],[-101.8993,-72.1925],[-101.9673,-72.1933],[-102.1826,-72.165],[-102.2922,-72.1267],[-102.3237,-72.0641],[-102.304,-72.0357],[-102.2736,-72.0178],[-102.087,-71.9739],[-100.4374,-71.8793],[-100.2399,-71.8258],[-100.1326,-71.8219],[-100.0288,-71.8427],[-99.9444,-71.8938],[-99.9933,-71.9328],[-100.0531,-71.9433],[-100.3216,-71.9547],[-100.3915,-71.9675],[-100.452,-71.9983],[-100.0236,-71.9728],[-99.9454,-71.9786],[-99.8683,-71.9963],[-99.9027,-72.03],[-99.8954,-72.0461],[-99.8612,-72.0494],[-99.7495,-72.0403],[-99.7176,-72.0323],[-99.6914,-72.0149],[-99.6311,-71.9553],[-99.5968,-71.9387],[-99.499,-71.9304],[-99.4014,-71.9433],[-99.2047,-71.9975],[-99.0414,-72.0715],[-99.0004,-72.0839],[-98.8228,-72.0914],[-98.736,-72.1059],[-98.6855,-72.1074],[-98.634,-72.0981],[-98.7488,-72.0193],[-98.7855,-72.0024],[-98.9597,-71.9698],[-99.1041,-71.9216],[-99.1526,-71.9162],[-99.1267,-71.8883],[-99.0897,-71.8712],[-98.9703,-71.8386],[-98.8805,-71.7742],[-98.8563,-71.7652],[-98.5316,-71.7568],[-97.9824,-71.8596],[-98.0402,-71.9156],[-98.1152,-71.9465],[-98.2909,-71.9742],[-98.2665,-72.0081],[-98.2286,-72.045],[-98.2815,-72.0792],[-98.3087,-72.1287],[-98.3526,-72.1564],[-98.2735,-72.1495],[-98.1625,-72.0932],[-98.1324,-72.0834],[-98.0691,-72.0782],[-97.9936,-72.0851],[-97.8525,-72.117],[-97.952,-72.164],[-97.8256,-72.1618],[-97.7643,-72.1425],[-97.7537,-72.094],[-97.7731,-72.0714],[-97.8287,-72.0617],[-97.8542,-72.0501],[-97.8639,-72.0204],[-97.856,-71.9807],[-97.8288,-71.9334],[-97.8921,-71.9107],[-97.8435,-71.8954],[-97.7397,-71.8834],[-97.6028,-71.8881],[-97.4925,-71.9093],[-97.4723,-71.908],[-97.6227,-71.9505],[-97.4079,-71.9866],[-97.365,-71.9799],[-97.4125,-72.0346],[-97.6183,-72.0961],[-97.5881,-72.1062],[-97.5306,-72.1594],[-97.4733,-72.1912],[-97.3941,-72.2084],[-97.3057,-72.1769],[-97.2231,-72.1203],[-97.1371,-72.0329],[-97.0845,-71.9277],[-97.0482,-71.8764],[-96.9901,-71.8473],[-96.9221,-71.8349],[-96.8565,-71.8336],[-96.7362,-71.8609],[-96.3605,-71.8351],[-96.2823,-71.8425],[-96.2088,-71.8606],[-96.0653,-71.9138],[-96.1151,-71.9958],[-96.1395,-72.0136],[-96.2003,-72.0237],[-96.4228,-72.0046],[-96.5096,-72.0138],[-96.4073,-72.0551],[-96.3822,-72.0569],[-96.4989,-72.092],[-96.6201,-72.1066],[-97,-72.2143],[-96.916,-72.2491],[-96.8207,-72.2654],[-96.7238,-72.2641],[-96.4413,-72.1935],[-95.9533,-72.1438],[-95.7372,-72.0563],[-95.6581,-72.0476],[-95.5932,-72.0768],[-95.7191,-72.1033],[-95.5029,-72.1516],[-95.541,-72.1769],[-95.641,-72.2066],[-96.2316,-72.2341],[-96.3362,-72.2551],[-96.4158,-72.2898],[-96.3492,-72.2957],[-96.0388,-72.2575],[-95.9762,-72.2592],[-95.922,-72.2774],[-95.8633,-72.3178],[-95.8104,-72.3317],[-95.7533,-72.3329],[-95.5557,-72.3127],[-95.4992,-72.3156]]],[[[-74.9127,-71.0234],[-76.1304,-71.1379],[-76.3456,-71.123],[-76.4059,-71.1075],[-76.4327,-71.0961],[-76.4656,-71.0707],[-76.5426,-70.9656],[-76.4691,-70.9192],[-76.3821,-70.8883],[-76.109,-70.8377],[-75.1998,-70.7766],[-75.1316,-70.7556],[-75.0772,-70.7271],[-75.0393,-70.6912],[-75.0324,-70.6703],[-75.0294,-70.6081],[-74.9997,-70.5929],[-74.9545,-70.5846],[-74.9039,-70.5838],[-74.8581,-70.5917],[-74.8209,-70.607],[-74.6743,-70.7024],[-74.5961,-70.7941],[-74.5672,-70.7924],[-74.4699,-70.7514],[-74.4652,-70.6568],[-74.4836,-70.5934],[-74.4634,-70.5768],[-74.39,-70.5755],[-74.3188,-70.5868],[-74.2484,-70.6065],[-74.1563,-70.6498],[-74.1007,-70.6586],[-74.1575,-70.5859],[-74.1308,-70.5651],[-74.1016,-70.5533],[-74.0361,-70.5481],[-73.8839,-70.5706],[-73.6179,-70.6696],[-73.5475,-70.7162],[-73.5592,-70.7497],[-73.6189,-70.775],[-74.4005,-70.9753],[-74.9127,-71.0234]]],[[[-3.4304,-70.5385],[-3.4762,-70.5304],[-3.5099,-70.5144],[-3.4925,-70.4811],[-3.4618,-70.4588],[-3.3925,-70.4238],[-3.2965,-70.3497],[-3.2605,-70.3312],[-3.1442,-70.3007],[-2.9886,-70.2805],[-2.8338,-70.2814],[-2.7194,-70.3139],[-2.696,-70.3432],[-2.6806,-70.3884],[-2.6761,-70.436],[-2.685,-70.4723],[-2.7113,-70.4972],[-2.7471,-70.5118],[-2.8298,-70.5237],[-3.4304,-70.5385]]],[[[-75.4835,-70.1337],[-75.6931,-70.1131],[-75.7857,-70.0797],[-75.8317,-70.0164],[-75.803,-69.9936],[-75.7788,-69.9233],[-75.7262,-69.8909],[-75.6043,-69.8649],[-75.2301,-69.8417],[-75.2847,-69.7931],[-75.3888,-69.7921],[-75.4176,-69.7863],[-75.4355,-69.7688],[-74.9628,-69.7169],[-74.787,-69.736],[-74.7179,-69.763],[-74.7178,-69.8038],[-74.5355,-69.861],[-74.4929,-69.8996],[-74.4144,-69.9312],[-74.3971,-69.9618],[-74.4445,-69.9739],[-74.5734,-69.986],[-74.6277,-69.9846],[-74.6424,-69.9919],[-74.65,-70.0055],[-74.6408,-70.0339],[-74.6198,-70.0548],[-74.5793,-70.0733],[-74.589,-70.0911],[-74.6182,-70.1144],[-74.7115,-70.1415],[-74.7761,-70.171],[-74.8732,-70.1835],[-75.4835,-70.1337]]],[[[-72.8455,-69.5856],[-72.9568,-69.5403],[-72.9819,-69.5139],[-72.968,-69.4854],[-72.9294,-69.4601],[-72.8334,-69.4256],[-72.7476,-69.4135],[-72.6619,-69.4161],[-72.3985,-69.4653],[-72.3087,-69.5021],[-72.2712,-69.5388],[-72.2352,-69.5606],[-72.1811,-69.5802],[-72.1671,-69.6067],[-72.1516,-69.6197],[-72.008,-69.65],[-71.9573,-69.6699],[-71.9497,-69.6828],[-72.0185,-69.711],[-71.9704,-69.7517],[-72.0026,-69.7517],[-72.1091,-69.7013],[-72.1676,-69.684],[-72.1977,-69.6909],[-72.2031,-69.7005],[-72.1847,-69.7192],[-72.1852,-69.7293],[-72.2053,-69.7345],[-72.7718,-69.6498],[-72.7989,-69.6398],[-72.8272,-69.6198],[-72.843,-69.6021],[-72.8455,-69.5856]]],[[[-61.7555,-69.4543],[-61.7385,-69.4754],[-61.7354,-69.4933],[-61.7486,-69.5012],[-61.8023,-69.5066],[-61.7962,-69.5274],[-61.8251,-69.5307],[-61.8866,-69.5242],[-61.9197,-69.5378],[-61.8878,-69.5881],[-61.8762,-69.5934],[-61.9451,-69.6375],[-61.9189,-69.6609],[-61.9584,-69.6713],[-61.9663,-69.685],[-61.9599,-69.7084],[-62.0133,-69.7288],[-62.0951,-69.7297],[-62.1287,-69.7179],[-62.1321,-69.7083],[-62.1208,-69.6889],[-62.1992,-69.6061],[-62.2002,-69.5973],[-62.1813,-69.5827],[-62.1788,-69.5735],[-62.1915,-69.5564],[-62.1857,-69.5271],[-62.1988,-69.5081],[-62.268,-69.4599],[-62.3117,-69.4157],[-62.4687,-69.3225],[-62.5104,-69.2746],[-62.5393,-69.2292],[-62.5792,-69.1891],[-62.5335,-69.1588],[-62.463,-69.1464],[-62.3795,-69.1486],[-62.192,-69.1862],[-62.0933,-69.2257],[-62.0497,-69.2522],[-62.018,-69.282],[-61.8597,-69.3598],[-61.8194,-69.3703],[-61.8309,-69.384],[-61.8304,-69.3971],[-61.8213,-69.4093],[-61.7555,-69.4543]]],[[[-71.4601,-72.6292],[-72.4083,-72.6745],[-72.5148,-72.6393],[-72.505,-72.6124],[-72.4868,-72.5903],[-72.4321,-72.5535],[-72.5462,-72.5618],[-72.6471,-72.5993],[-72.6813,-72.6061],[-72.7178,-72.6075],[-72.7997,-72.5942],[-73.1092,-72.4734],[-73.1467,-72.4527],[-73.1642,-72.4312],[-73.0916,-72.3834],[-72.8196,-72.2922],[-72.6767,-72.2713],[-72.4539,-72.277],[-72.3206,-72.296],[-72.2721,-72.3156],[-72.2399,-72.3456],[-72.1797,-72.3625],[-72.1187,-72.36],[-72.1351,-72.3469],[-72.1334,-72.3303],[-72.112,-72.3209],[-72.0649,-72.3181],[-71.8711,-72.3488],[-70.7097,-72.3964],[-70.628,-72.3832],[-70.6219,-72.3757],[-70.6232,-72.3614],[-70.6147,-72.3533],[-70.1833,-72.2739],[-70.1506,-72.2482],[-70.1163,-72.2385],[-70.183,-72.2223],[-70.3022,-72.2102],[-70.3192,-72.199],[-70.328,-72.1751],[-70.3635,-72.1564],[-70.4577,-72.1402],[-70.7362,-72.1785],[-71.0438,-72.2576],[-71.3672,-72.2879],[-71.5526,-72.2784],[-71.6952,-72.2345],[-71.664,-72.2187],[-72.0552,-72.1581],[-72.043,-72.1345],[-72.0116,-72.1197],[-71.087,-72.0496],[-70.7698,-71.9897],[-70.7419,-71.9811],[-70.7344,-71.9679],[-70.7589,-71.9494],[-70.7627,-71.9323],[-70.7529,-71.9202],[-70.7197,-71.9057],[-70.8565,-71.8456],[-71.0658,-71.882],[-71.1164,-71.8845],[-71.1666,-71.8798],[-71.3054,-71.8409],[-71.3942,-71.8334],[-71.4843,-71.8406],[-71.7884,-71.8986],[-71.8297,-71.8986],[-71.8559,-71.8871],[-71.8581,-71.8723],[-71.8509,-71.8632],[-71.8279,-71.8552],[-71.8236,-71.845],[-71.8322,-71.7991],[-71.8776,-71.7979],[-71.9169,-71.7722],[-72.0013,-71.7542],[-72.0186,-71.7335],[-72.1372,-71.7018],[-72.1661,-71.6999],[-72.1888,-71.7078],[-72.1696,-71.675],[-72.2631,-71.642],[-72.2477,-71.6241],[-72.3389,-71.6135],[-72.3636,-71.6393],[-72.4103,-71.651],[-72.4411,-71.6664],[-72.4473,-71.6789],[-72.441,-71.6965],[-72.5406,-71.7315],[-72.5493,-71.7482],[-72.6382,-71.7326],[-72.6713,-71.7333],[-72.6831,-71.7398],[-72.6891,-71.7825],[-72.675,-71.7906],[-72.6993,-71.8268],[-72.7115,-71.8609],[-72.7415,-71.8854],[-72.7799,-71.9024],[-72.8594,-71.921],[-72.947,-71.929],[-73.0351,-71.9264],[-73.2237,-71.8976],[-73.4084,-71.8493],[-73.5046,-71.8355],[-73.7891,-71.8386],[-73.8789,-71.8642],[-73.5013,-72.0125],[-73.7852,-72.0949],[-73.8063,-72.1314],[-73.8926,-72.1568],[-74.0047,-72.1735],[-74.1213,-72.1725],[-74.2208,-72.1445],[-74.3121,-72.0657],[-74.3578,-72.0444],[-74.3968,-72.0403],[-74.6583,-72.075],[-74.816,-72.0649],[-75.356,-71.9236],[-75.3998,-71.9025],[-75.4287,-71.8749],[-75.4383,-71.8368],[-75.4024,-71.801],[-75.3471,-71.7895],[-75.2372,-71.7787],[-75.25,-71.7605],[-75.1772,-71.7526],[-75.1885,-71.7421],[-75.2447,-71.7244],[-75.2242,-71.7105],[-75.2435,-71.6983],[-75.3189,-71.6913],[-75.4037,-71.6708],[-75.4141,-71.6609],[-75.382,-71.636],[-75.332,-71.6225],[-75.1995,-71.6049],[-75.1912,-71.589],[-75.1702,-71.5711],[-75.1247,-71.5453],[-75.0164,-71.5265],[-74.8859,-71.5284],[-74.7934,-71.5536],[-74.644,-71.6266],[-74.3902,-71.6681],[-74.2895,-71.6579],[-74.2786,-71.6508],[-74.2788,-71.636],[-74.397,-71.5837],[-74.3846,-71.5611],[-74.3887,-71.5383],[-74.4066,-71.5158],[-74.4355,-71.4939],[-74.4115,-71.4749],[-74.4366,-71.4509],[-74.4228,-71.4283],[-74.3682,-71.4085],[-74.2225,-71.3819],[-74.1222,-71.383],[-73.8522,-71.4557],[-73.7885,-71.4867],[-73.7569,-71.5103],[-73.5807,-71.568],[-73.5252,-71.6062],[-73.4588,-71.5953],[-73.3364,-71.5368],[-73.4044,-71.4985],[-73.5831,-71.4563],[-73.6601,-71.4106],[-73.6725,-71.3888],[-73.6693,-71.3679],[-73.654,-71.3495],[-73.6305,-71.3352],[-73.5853,-71.3229],[-73.4079,-71.3154],[-72.7574,-71.4046],[-72.6272,-71.3997],[-72.61,-71.3748],[-72.5675,-71.3642],[-72.189,-71.3731],[-72.2169,-71.3515],[-72.2187,-71.3421],[-72.1974,-71.3318],[-72.1738,-71.3303],[-72.3153,-71.2888],[-72.8959,-71.2304],[-73.0535,-71.1817],[-73.1246,-71.144],[-73.1008,-71.1157],[-73.0649,-71.1028],[-72.9165,-71.1017],[-72.86,-71.095],[-72.8267,-71.0727],[-72.7861,-71.0628],[-72.5321,-71.0758],[-72.3954,-71.0651],[-71.6901,-71.1589],[-71.5463,-71.1367],[-71.3597,-71.0691],[-71.3099,-71.0232],[-71.3507,-71.006],[-71.3636,-70.99],[-71.357,-70.9714],[-71.3436,-70.9661],[-71.1517,-70.9975],[-71.0255,-70.9622],[-70.8045,-70.9978],[-70.7179,-70.9985],[-70.4112,-70.9454],[-70.2992,-70.9524],[-70.2085,-70.988],[-70.1334,-71.0401],[-70.012,-71.1448],[-69.9968,-71.1518],[-69.9332,-71.1603],[-69.8874,-71.1594],[-69.879,-71.1568],[-69.8789,-71.1484],[-69.838,-71.152],[-69.8363,-71.0823],[-69.8122,-71.0501],[-69.7967,-71.0436],[-69.8239,-71.0058],[-69.8365,-70.9618],[-69.8201,-70.9257],[-69.7892,-70.8993],[-69.8097,-70.8844],[-69.7801,-70.8676],[-69.7763,-70.8581],[-69.7867,-70.8534],[-69.8537,-70.8355],[-69.9303,-70.8815],[-69.9525,-70.8788],[-70.0199,-70.8498],[-70.1539,-70.858],[-70.2126,-70.8401],[-70.4027,-70.8191],[-70.7013,-70.8318],[-70.7869,-70.8201],[-71.0022,-70.7656],[-71.1661,-70.756],[-71.2098,-70.7385],[-71.234,-70.6935],[-71.2665,-70.6801],[-71.2523,-70.6489],[-71.2213,-70.6261],[-71.0763,-70.5606],[-71.0577,-70.5401],[-71.0031,-70.5138],[-71.0221,-70.4845],[-70.9986,-70.4658],[-70.1175,-70.3298],[-70.0782,-70.3325],[-69.6946,-70.4206],[-69.5961,-70.4234],[-69.5765,-70.4171],[-69.5885,-70.3935],[-69.614,-70.3756],[-69.6695,-70.3539],[-70.1112,-70.2428],[-70.2318,-70.2351],[-70.2421,-70.2297],[-70.2365,-70.2233],[-70.244,-70.1921],[-70.2178,-70.1791],[-70.1693,-70.1686],[-70.1783,-70.1506],[-70.1957,-70.1401],[-70.2307,-70.1363],[-70.4736,-70.1679],[-70.5409,-70.1662],[-70.5714,-70.1586],[-70.6522,-70.1203],[-70.6981,-70.1148],[-70.7798,-70.1257],[-70.7965,-70.1344],[-70.801,-70.1491],[-70.7917,-70.1593],[-70.8211,-70.1648],[-70.9393,-70.2164],[-70.9637,-70.2203],[-70.9999,-70.2118],[-71.0592,-70.2241],[-71.0767,-70.2223],[-71.1182,-70.1985],[-71.1518,-70.1882],[-71.3169,-70.1773],[-71.3349,-70.1708],[-71.3819,-70.1335],[-71.3996,-70.1279],[-71.5482,-70.1106],[-71.6975,-70.0755],[-71.7845,-70.0422],[-71.8111,-70.0276],[-71.8418,-69.9944],[-71.9122,-69.9659],[-71.9276,-69.9542],[-71.9321,-69.9405],[-71.9259,-69.9327],[-71.8923,-69.9103],[-71.9107,-69.8943],[-71.8464,-69.8484],[-71.8346,-69.7996],[-71.8724,-69.7783],[-71.8795,-69.7599],[-71.8614,-69.7516],[-71.9116,-69.7083],[-71.8905,-69.6829],[-71.8615,-69.6716],[-71.7231,-69.6407],[-71.743,-69.631],[-71.7547,-69.6132],[-71.741,-69.5904],[-71.7413,-69.5666],[-71.6756,-69.5108],[-71.6932,-69.4991],[-71.6742,-69.4737],[-71.6159,-69.4548],[-71.6898,-69.4113],[-71.6519,-69.3943],[-71.6774,-69.3863],[-71.8033,-69.3749],[-71.8526,-69.3518],[-71.9266,-69.3405],[-71.953,-69.3307],[-71.962,-69.3189],[-72.08,-69.3178],[-72.098,-69.3127],[-72.0538,-69.3046],[-72.0419,-69.296],[-72.0574,-69.2792],[-72.1588,-69.2267],[-72.1225,-69.1745],[-72.1044,-69.1617],[-72.1989,-69.0978],[-72.197,-69.0825],[-72.1855,-69.068],[-72.0461,-68.9919],[-72.0127,-68.9555],[-71.4038,-68.86],[-71.0109,-68.8591],[-70.9218,-68.8425],[-70.9037,-68.8233],[-70.8725,-68.8141],[-70.5968,-68.804],[-70.4696,-68.7812],[-70.435,-68.78],[-70.4021,-68.7868],[-70.3131,-68.8376],[-70.1604,-68.8635],[-70.1056,-68.8907],[-70.0967,-68.9025],[-70.0917,-68.9523],[-70.0662,-68.9864],[-70.1065,-69.0009],[-70.0775,-69.0492],[-69.9943,-69.0937],[-70.0594,-69.1059],[-70.0943,-69.1362],[-70.0528,-69.1462],[-70.0349,-69.1568],[-70.0233,-69.1746],[-70.0218,-69.1916],[-70.0567,-69.197],[-70.0546,-69.2193],[-70.0759,-69.237],[-70.109,-69.2453],[-70.142,-69.237],[-70.0917,-69.2774],[-70.1083,-69.301],[-70.0772,-69.2911],[-70.0441,-69.2892],[-69.8697,-69.3041],[-69.7672,-69.2873],[-69.739,-69.2937],[-69.7028,-69.3161],[-69.5634,-69.4367],[-69.538,-69.4514],[-69.5373,-69.4631],[-69.5522,-69.4748],[-69.4752,-69.529],[-69.4784,-69.5558],[-69.4727,-69.5652],[-69.3171,-69.6259],[-69.3297,-69.6547],[-69.3138,-69.7018],[-69.3179,-69.713],[-69.3344,-69.7252],[-69.3182,-69.7629],[-69.3213,-69.7781],[-69.3321,-69.7905],[-69.3312,-69.8056],[-69.2655,-69.8805],[-69.2633,-69.8938],[-69.2848,-69.9231],[-69.2432,-69.9423],[-69.2328,-69.9535],[-69.2215,-69.988],[-69.1412,-70.0486],[-69.0275,-70.1598],[-68.7204,-70.3691],[-68.6598,-70.4304],[-68.6359,-70.4645],[-68.6047,-70.5287],[-68.5848,-70.5528],[-68.504,-70.5895],[-68.4663,-70.6145],[-68.4663,-70.6253],[-68.4766,-70.6394],[-68.44,-70.6518],[-68.4265,-70.6686],[-68.4274,-70.7073],[-68.4101,-70.7229],[-68.3847,-70.7332],[-68.3939,-70.7571],[-68.3571,-70.775],[-68.3302,-70.7997],[-68.4812,-70.8095],[-68.4541,-70.8232],[-68.3457,-70.8355],[-68.3087,-70.8542],[-68.2992,-70.8691],[-68.308,-70.903],[-68.2939,-70.9903],[-68.31,-71.0165],[-68.2726,-71.0744],[-68.2792,-71.0871],[-68.2957,-71.0978],[-68.2381,-71.1689],[-68.2434,-71.2356],[-68.2373,-71.3176],[-68.2268,-71.3412],[-68.2581,-71.3508],[-68.2673,-71.3679],[-68.2556,-71.4089],[-68.265,-71.4153],[-68.2739,-71.4366],[-68.237,-71.4811],[-68.1974,-71.5696],[-68.1612,-71.6064],[-68.1922,-71.6334],[-68.2073,-71.6637],[-68.2117,-71.6993],[-68.2086,-71.8211],[-68.2205,-71.8583],[-68.2497,-71.8831],[-68.3074,-71.8953],[-68.4255,-71.8908],[-68.4831,-71.8969],[-68.4288,-71.9484],[-68.4161,-71.9889],[-68.3586,-72.0212],[-68.3419,-72.0571],[-68.351,-72.0834],[-68.3903,-72.1203],[-68.4088,-72.154],[-68.4141,-72.2197],[-68.4361,-72.2408],[-68.4967,-72.2516],[-68.5554,-72.2439],[-68.6687,-72.2167],[-68.7164,-72.214],[-68.7628,-72.2234],[-68.7741,-72.2346],[-68.7727,-72.2468],[-68.7506,-72.2648],[-68.7702,-72.2743],[-68.8542,-72.2936],[-68.9128,-72.2931],[-68.9029,-72.3154],[-68.9095,-72.3321],[-68.9001,-72.3489],[-68.9154,-72.3611],[-68.9497,-72.3705],[-69.0061,-72.3661],[-69.1388,-72.3754],[-69.1574,-72.3914],[-69.1575,-72.4145],[-69.1703,-72.4218],[-69.2274,-72.4267],[-69.2134,-72.4695],[-69.1403,-72.5021],[-69.2182,-72.5429],[-70.0698,-72.6347],[-70.2565,-72.6305],[-70.5238,-72.6676],[-70.6461,-72.6671],[-70.6709,-72.6598],[-70.6901,-72.6428],[-70.6982,-72.5949],[-70.7093,-72.5722],[-70.7433,-72.5588],[-70.8135,-72.5787],[-70.8479,-72.581],[-70.8617,-72.5916],[-70.8738,-72.6337],[-70.8947,-72.6461],[-70.9231,-72.651],[-71.4601,-72.6292]]],[[[-69.1093,-67.6262],[-69.1648,-67.5793],[-69.1789,-67.5517],[-69.1783,-67.5252],[-69.1692,-67.4994],[-69.1164,-67.4304],[-69.0661,-67.3876],[-68.8375,-67.2668],[-68.7953,-67.2304],[-68.7842,-67.2013],[-68.707,-67.1096],[-68.3778,-66.8207],[-68.321,-66.7892],[-67.8605,-66.6257],[-67.7697,-66.6192],[-67.6594,-66.6486],[-67.6602,-66.6705],[-67.642,-66.6832],[-67.6663,-66.6969],[-67.6867,-66.7182],[-67.7442,-66.7337],[-67.7522,-66.7397],[-67.7394,-66.7526],[-67.8342,-66.7824],[-67.8192,-66.8014],[-67.9287,-66.815],[-67.9385,-66.8234],[-67.9376,-66.8479],[-67.9777,-66.8689],[-67.9822,-66.8827],[-68.0133,-66.9001],[-68.0262,-66.9406],[-67.9416,-66.9826],[-67.9232,-66.9972],[-67.9255,-67.0064],[-67.9403,-67.0177],[-67.9387,-67.028],[-67.9942,-67.04],[-67.9854,-67.0627],[-67.8832,-67.0666],[-67.8446,-67.0748],[-67.792,-67.0949],[-67.7853,-67.1031],[-67.7868,-67.1131],[-67.797,-67.1251],[-67.6768,-67.148],[-67.7685,-67.1902],[-67.8207,-67.1915],[-67.8457,-67.1982],[-67.8544,-67.2088],[-67.8546,-67.2306],[-67.8649,-67.2382],[-67.9125,-67.2507],[-67.974,-67.2547],[-67.9816,-67.2625],[-67.9738,-67.2874],[-67.9848,-67.2989],[-68.1066,-67.3178],[-68.251,-67.3693],[-68.1877,-67.3842],[-68.1228,-67.3888],[-68.0188,-67.3839],[-67.9652,-67.3946],[-67.9477,-67.4288],[-67.9738,-67.4684],[-68.067,-67.5284],[-68.0997,-67.5403],[-68.1307,-67.5724],[-68.2145,-67.546],[-68.249,-67.5237],[-68.2641,-67.5212],[-68.4137,-67.5592],[-68.4324,-67.5739],[-68.3998,-67.5935],[-68.3907,-67.6078],[-68.3958,-67.6252],[-68.4127,-67.641],[-68.4764,-67.6775],[-68.5416,-67.732],[-68.5752,-67.7439],[-68.663,-67.7102],[-68.6786,-67.7172],[-68.6561,-67.7236],[-68.666,-67.7299],[-68.7415,-67.7494],[-68.8993,-67.7605],[-68.9214,-67.7478],[-68.9372,-67.7253],[-68.9366,-67.7145],[-68.9274,-67.706],[-68.9319,-67.6975],[-68.994,-67.6716],[-69.0663,-67.6593],[-69.0839,-67.6401],[-69.1093,-67.6262]]],[[[-62.9064,-64.5212],[-62.8298,-64.5698],[-62.8566,-64.5822],[-63.0565,-64.6208],[-63.0919,-64.6428],[-63.176,-64.6492],[-63.1916,-64.6594],[-63.2015,-64.6861],[-63.284,-64.7204],[-63.3185,-64.7504],[-63.3517,-64.7636],[-63.3961,-64.7677],[-63.4101,-64.7608],[-63.41,-64.7326],[-63.444,-64.7226],[-63.5583,-64.7322],[-63.573,-64.7413],[-63.524,-64.7507],[-63.5085,-64.7599],[-63.5705,-64.7745],[-63.6507,-64.8165],[-63.6603,-64.8263],[-63.6656,-64.8478],[-63.6821,-64.8532],[-63.7481,-64.8351],[-63.7623,-64.8046],[-63.8048,-64.7869],[-63.9838,-64.7721],[-64.0292,-64.7745],[-64.1297,-64.7164],[-64.2821,-64.7099],[-64.3011,-64.6999],[-64.295,-64.6884],[-64.2501,-64.6858],[-64.2263,-64.6578],[-64.1963,-64.649],[-64.1872,-64.6293],[-64.1927,-64.5974],[-64.1995,-64.5921],[-64.0859,-64.5556],[-63.9029,-64.5348],[-63.8553,-64.5029],[-63.9361,-64.4658],[-63.9308,-64.4594],[-63.8565,-64.4356],[-63.7209,-64.4362],[-63.6575,-64.4177],[-63.6813,-64.3998],[-63.6632,-64.3845],[-63.6381,-64.3756],[-63.639,-64.3627],[-63.691,-64.3493],[-63.6598,-64.3273],[-63.5763,-64.3166],[-63.5544,-64.3072],[-63.5492,-64.2937],[-63.5749,-64.2652],[-63.3607,-64.2576],[-63.361,-64.2429],[-63.3429,-64.24],[-63.2757,-64.2649],[-63.2635,-64.2758],[-63.1793,-64.2785],[-63.1534,-64.2916],[-63.1577,-64.2975],[-63.151,-64.3083],[-63.1926,-64.3111],[-63.1553,-64.3263],[-63.1731,-64.3351],[-63.3022,-64.364],[-63.3192,-64.3766],[-63.2662,-64.3805],[-63.2933,-64.3928],[-63.3196,-64.4231],[-63.3599,-64.4362],[-63.3317,-64.4451],[-63.3035,-64.4449],[-63.189,-64.3984],[-63.1112,-64.398],[-63.1424,-64.4085],[-63.2235,-64.4575],[-63.2423,-64.4782],[-63.1984,-64.476],[-63.1221,-64.456],[-63.0896,-64.4586],[-63.1051,-64.4768],[-63.2352,-64.5412],[-63.285,-64.5539],[-63.2987,-64.5636],[-63.2704,-64.5812],[-63.1158,-64.5807],[-63.1299,-64.5607],[-63.076,-64.5456],[-63.0297,-64.5212],[-62.9955,-64.5159],[-63.0155,-64.5318],[-62.9758,-64.5364],[-62.9298,-64.5203],[-62.9064,-64.5212]]],[[[-62.6566,-64.503],[-62.7611,-64.4998],[-62.7885,-64.4838],[-62.762,-64.4688],[-62.6664,-64.4723],[-62.6034,-64.4523],[-62.5856,-64.4537],[-62.6608,-64.4317],[-62.6737,-64.4101],[-62.671,-64.3964],[-62.5898,-64.3577],[-62.5655,-64.3186],[-62.51,-64.2892],[-62.4874,-64.2698],[-62.4638,-64.2367],[-62.4713,-64.2128],[-62.5229,-64.2024],[-62.5625,-64.1755],[-62.5739,-64.1523],[-62.6095,-64.141],[-62.6234,-64.1305],[-62.6167,-64.1174],[-62.5644,-64.116],[-62.4881,-64.089],[-62.5284,-64.0634],[-62.5721,-64.0524],[-62.4964,-64.0323],[-62.4782,-64.0146],[-62.3713,-64.0099],[-62.3147,-64.016],[-62.2654,-64.0325],[-62.2731,-64.0385],[-62.2828,-64.0792],[-62.2794,-64.0937],[-62.2669,-64.0993],[-62.0089,-64.1417],[-62.026,-64.1552],[-62.1317,-64.1623],[-62.2115,-64.1784],[-62.1948,-64.1896],[-62.1719,-64.1935],[-62.0961,-64.1921],[-62.0803,-64.2101],[-62.049,-64.2145],[-62.0604,-64.2273],[-62.1678,-64.2866],[-62.2075,-64.3006],[-62.191,-64.3282],[-62.2053,-64.3491],[-62.2043,-64.3565],[-62.1675,-64.3621],[-62.2406,-64.3932],[-62.2943,-64.3837],[-62.3358,-64.3941],[-62.3162,-64.4145],[-62.3209,-64.4264],[-62.3548,-64.4435],[-62.3778,-64.4635],[-62.442,-64.4664],[-62.4542,-64.4723],[-62.4553,-64.4887],[-62.4767,-64.4952],[-62.4943,-64.4828],[-62.4999,-64.4656],[-62.4854,-64.4576],[-62.5311,-64.4548],[-62.5519,-64.4695],[-62.5485,-64.4947],[-62.5875,-64.5196],[-62.6136,-64.5227],[-62.6566,-64.503]]],[[[-57.5133,-64.341],[-57.4871,-64.3668],[-57.4924,-64.3738],[-57.5163,-64.3753],[-57.5352,-64.3512],[-57.5558,-64.3415],[-57.6005,-64.3393],[-57.5722,-64.3569],[-57.5876,-64.3565],[-57.639,-64.3352],[-57.6641,-64.3312],[-57.6775,-64.336],[-57.6523,-64.3694],[-57.6575,-64.3831],[-57.6728,-64.3932],[-57.727,-64.3936],[-57.718,-64.3417],[-57.6865,-64.316],[-57.6542,-64.3015],[-57.6853,-64.2893],[-57.786,-64.3156],[-57.8376,-64.2991],[-57.8552,-64.2995],[-57.8246,-64.3277],[-57.8253,-64.3547],[-57.8031,-64.3813],[-57.8266,-64.405],[-57.8531,-64.4033],[-57.86,-64.4086],[-57.8525,-64.4167],[-57.9015,-64.4172],[-57.9675,-64.3985],[-57.948,-64.3762],[-57.947,-64.3466],[-57.9068,-64.3377],[-57.9331,-64.3228],[-57.9624,-64.316],[-58.0608,-64.3214],[-58.0691,-64.329],[-58.0736,-64.3698],[-58.1069,-64.3899],[-58.1446,-64.3938],[-58.0897,-64.352],[-58.1339,-64.3495],[-58.1935,-64.381],[-58.215,-64.3845],[-58.2303,-64.3801],[-58.2285,-64.3581],[-58.3133,-64.3214],[-58.2782,-64.2984],[-58.2364,-64.2887],[-58.1601,-64.2826],[-58.1529,-64.2698],[-58.1378,-64.2628],[-58.042,-64.2551],[-58.0127,-64.239],[-58.0519,-64.2287],[-58.1832,-64.2131],[-58.1311,-64.1022],[-58.1952,-64.0866],[-58.2567,-64.1004],[-58.3619,-64.1391],[-58.4202,-64.1371],[-58.4608,-64.1295],[-58.444,-64.1135],[-58.4149,-64.1061],[-58.4604,-64.0857],[-58.4512,-64.0695],[-58.3959,-64.044],[-58.3622,-64.0006],[-58.3418,-63.9918],[-58.2996,-63.9877],[-58.297,-63.9775],[-58.3326,-63.9543],[-58.3039,-63.925],[-58.2577,-63.9068],[-58.1663,-63.8928],[-58.1186,-63.898],[-58.1039,-63.8873],[-58.109,-63.8683],[-58.0912,-63.853],[-58.0233,-63.8368],[-57.9526,-63.86],[-57.9432,-63.8469],[-57.9445,-63.8317],[-57.9735,-63.8146],[-57.9518,-63.8051],[-57.7947,-63.7914],[-57.828,-63.8097],[-57.8072,-63.8181],[-57.7554,-63.8961],[-57.8158,-63.9099],[-57.8233,-63.9235],[-57.8054,-63.9362],[-57.813,-63.9431],[-57.8879,-63.9757],[-57.8182,-64.0042],[-57.8344,-64.0173],[-57.8179,-64.0292],[-57.8173,-64.0488],[-57.8644,-64.0666],[-57.7914,-64.0793],[-57.7177,-64.0754],[-57.7444,-64.03],[-57.6252,-63.9824],[-57.5424,-63.9392],[-57.4935,-63.9262],[-57.5157,-63.9449],[-57.4735,-63.9685],[-57.5111,-63.9882],[-57.5096,-64.0095],[-57.5326,-64.0214],[-57.1554,-64.0851],[-57.1955,-64.0964],[-57.1835,-64.1086],[-57.1647,-64.1125],[-57.196,-64.1251],[-57.331,-64.1257],[-57.3638,-64.1295],[-57.4004,-64.1456],[-57.3434,-64.1467],[-57.32,-64.1581],[-57.2828,-64.1617],[-57.3256,-64.1818],[-57.2561,-64.1773],[-57.2131,-64.1677],[-57.1496,-64.164],[-57.1374,-64.1694],[-57.1214,-64.1596],[-57.092,-64.154],[-57.0702,-64.1596],[-57.0773,-64.1838],[-57.113,-64.207],[-57.204,-64.2223],[-57.252,-64.216],[-57.2427,-64.2253],[-57.2645,-64.2403],[-57.3082,-64.2408],[-57.4233,-64.2136],[-57.4536,-64.2175],[-57.4845,-64.2327],[-57.3467,-64.2514],[-57.3066,-64.2698],[-57.3704,-64.278],[-57.5123,-64.2555],[-57.5646,-64.2872],[-57.3684,-64.3106],[-57.2995,-64.3468],[-57.2843,-64.3619],[-57.2955,-64.3712],[-57.3841,-64.3888],[-57.4305,-64.3859],[-57.4476,-64.3723],[-57.4546,-64.3455],[-57.4834,-64.3376],[-57.5133,-64.341]]],[[[-55.1594,-63.2039],[-55.0858,-63.2216],[-55.0525,-63.2454],[-55.0428,-63.283],[-55.064,-63.3193],[-55.1091,-63.3437],[-55.1727,-63.3576],[-55.2487,-63.3621],[-55.3119,-63.3569],[-55.4242,-63.3328],[-55.4859,-63.3269],[-55.5832,-63.3378],[-55.6252,-63.3342],[-55.7919,-63.2856],[-55.7755,-63.3098],[-55.7917,-63.325],[-55.8249,-63.3233],[-55.8721,-63.298],[-55.9014,-63.2966],[-55.9131,-63.3166],[-55.9464,-63.3412],[-55.9964,-63.3339],[-56.0224,-63.3466],[-56.0475,-63.3684],[-56.0949,-63.3888],[-56.242,-63.4067],[-56.3551,-63.4397],[-56.4503,-63.4293],[-56.4679,-63.4201],[-56.4932,-63.3904],[-56.5402,-63.377],[-56.5538,-63.3673],[-56.5475,-63.3464],[-56.5045,-63.3303],[-56.4256,-63.3146],[-56.4774,-63.294],[-56.4318,-63.2563],[-56.3695,-63.2281],[-56.2453,-63.1921],[-55.9745,-63.1469],[-55.7231,-63.1476],[-55.6316,-63.1303],[-55.5757,-63.1291],[-55.4779,-63.1525],[-55.5089,-63.1607],[-55.535,-63.1791],[-55.4434,-63.2078],[-55.4298,-63.2075],[-55.3842,-63.1873],[-55.1594,-63.2039]]],[[[-61.1604,-62.6633],[-61.1374,-62.6389],[-61.1418,-62.6191],[-61.1639,-62.6037],[-61.1945,-62.5937],[-61.1509,-62.5846],[-61.0171,-62.608],[-60.9623,-62.6116],[-60.9018,-62.6008],[-60.8238,-62.5758],[-60.8101,-62.5615],[-60.8153,-62.5517],[-60.8467,-62.5331],[-60.8021,-62.4864],[-60.8018,-62.4689],[-60.7103,-62.4998],[-60.7035,-62.506],[-60.7051,-62.5232],[-60.6748,-62.5486],[-60.6418,-62.5642],[-60.6048,-62.5725],[-60.4911,-62.5771],[-60.4518,-62.5691],[-60.4321,-62.5492],[-60.3297,-62.55],[-60.23,-62.5265],[-60.1741,-62.4985],[-60.1389,-62.4615],[-60.1295,-62.4601],[-60.0807,-62.4937],[-60.0109,-62.5256],[-60.0796,-62.5637],[-60.0458,-62.6153],[-60.0245,-62.627],[-59.9894,-62.6301],[-59.803,-62.6113],[-60.1276,-62.7165],[-60.1461,-62.7272],[-60.246,-62.7529],[-60.2906,-62.7576],[-60.3143,-62.7414],[-60.3375,-62.7361],[-60.2982,-62.6913],[-60.2982,-62.6819],[-60.3324,-62.6782],[-60.4337,-62.7162],[-60.4007,-62.6672],[-60.3678,-62.6575],[-60.3236,-62.6285],[-60.3792,-62.6101],[-60.5996,-62.6404],[-60.6798,-62.6165],[-60.7103,-62.614],[-60.7447,-62.6218],[-60.7716,-62.6574],[-60.8118,-62.672],[-61.0562,-62.6829],[-61.1104,-62.6783],[-61.1604,-62.6633]]],[[[-58.4669,-62.1604],[-58.4461,-62.1887],[-58.4474,-62.2048],[-58.4675,-62.2155],[-58.5846,-62.249],[-58.6225,-62.248],[-58.6334,-62.2271],[-58.6761,-62.2237],[-58.7457,-62.2369],[-58.7831,-62.225],[-58.7409,-62.2101],[-58.798,-62.1978],[-58.7941,-62.1789],[-58.8074,-62.1702],[-58.942,-62.1931],[-58.9557,-62.2003],[-58.9599,-62.2106],[-58.9491,-62.2257],[-59.0107,-62.2197],[-58.9828,-62.1845],[-58.946,-62.1588],[-58.7128,-62.0527],[-58.7013,-62.0405],[-58.7068,-62.0256],[-58.6991,-62.0124],[-58.6782,-62.004],[-58.4653,-61.9665],[-58.4345,-61.9373],[-58.4141,-61.9333],[-58.3399,-61.9479],[-58.2244,-61.9602],[-58.0079,-61.9045],[-57.8902,-61.9384],[-57.8358,-61.942],[-57.6699,-61.9135],[-57.6563,-61.9171],[-57.6457,-61.9376],[-57.6577,-61.9582],[-57.685,-61.9714],[-57.6786,-61.9809],[-57.6372,-62.0094],[-57.5898,-62.0255],[-57.7884,-62.0087],[-57.8484,-62.0286],[-57.918,-62.0666],[-57.954,-62.0781],[-57.9891,-62.0798],[-58.14,-62.0562],[-58.1553,-62.0585],[-58.168,-62.0639],[-58.1726,-62.0912],[-58.1859,-62.1119],[-58.17,-62.1284],[-58.1232,-62.1401],[-58.1383,-62.1569],[-58.1631,-62.1676],[-58.2428,-62.1816],[-58.2919,-62.1754],[-58.3679,-62.124],[-58.379,-62.1061],[-58.3133,-62.1004],[-58.2792,-62.0826],[-58.3065,-62.0746],[-58.4044,-62.0844],[-58.4419,-62.0722],[-58.4762,-62.0704],[-58.5089,-62.081],[-58.4678,-62.0984],[-58.4681,-62.1142],[-58.4818,-62.1274],[-58.6339,-62.1779],[-58.5924,-62.1845],[-58.5502,-62.1817],[-58.4669,-62.1604]]],[[[-55.078,-61.0932],[-54.9735,-61.1071],[-54.6515,-61.1065],[-54.6677,-61.1114],[-54.7106,-61.148],[-54.7296,-61.1523],[-55.0537,-61.1598],[-55.0676,-61.1676],[-55.0731,-61.1886],[-55.0859,-61.2022],[-55.1397,-61.2111],[-55.1789,-61.2555],[-55.2114,-61.2673],[-55.2467,-61.267],[-55.2815,-61.2569],[-55.3437,-61.2275],[-55.3699,-61.2072],[-55.3912,-61.1785],[-55.3448,-61.1537],[-55.449,-61.115],[-55.4141,-61.0836],[-55.378,-61.0705],[-55.078,-61.0932]]],[[[-44.5185,-60.7184],[-44.5352,-60.7365],[-44.5663,-60.745],[-44.6976,-60.7444],[-44.7197,-60.7504],[-44.7178,-60.7727],[-44.8199,-60.74],[-44.8473,-60.7155],[-44.783,-60.7338],[-44.6946,-60.7228],[-44.6808,-60.7086],[-44.6903,-60.6762],[-44.6093,-60.7089],[-44.5248,-60.6747],[-44.5052,-60.6756],[-44.4516,-60.7033],[-44.5185,-60.7184]]],[[[-46.007,-60.6127],[-46.0041,-60.5876],[-45.9881,-60.5685],[-45.9718,-60.5629],[-45.9483,-60.5663],[-45.9571,-60.5341],[-45.9551,-60.5278],[-45.9351,-60.5247],[-45.8428,-60.5484],[-45.8081,-60.5358],[-45.747,-60.5323],[-45.7373,-60.519],[-45.7206,-60.5162],[-45.6658,-60.5241],[-45.5675,-60.5536],[-45.4772,-60.5456],[-45.391,-60.5793],[-45.3724,-60.5973],[-45.3895,-60.6122],[-45.3494,-60.6286],[-45.1907,-60.6329],[-45.2178,-60.6546],[-45.1781,-60.6667],[-45.1468,-60.6858],[-45.1829,-60.6839],[-45.1873,-60.6989],[-45.1747,-60.7143],[-45.141,-60.7361],[-45.1846,-60.7333],[-45.2838,-60.6834],[-45.3553,-60.6757],[-45.3631,-60.6604],[-45.4085,-60.648],[-45.4658,-60.6513],[-45.5906,-60.6393],[-45.6805,-60.6491],[-45.7189,-60.6456],[-45.7591,-60.6111],[-45.7526,-60.5964],[-45.7893,-60.5841],[-45.8247,-60.5861],[-45.9523,-60.6256],[-45.9936,-60.6218],[-46.007,-60.6127]]],[[[-162.3398,-82.9238],[-162.2674,-82.9465],[-161.5758,-83.0243],[-161.8133,-83.0387],[-161.8442,-83.0455],[-161.97,-83.1163],[-162.0127,-83.1261],[-162.4024,-83.1484],[-163.2613,-83.081],[-163.2839,-83.0631],[-163.2686,-83.0457],[-163.2956,-83.0266],[-163.5071,-83.0109],[-163.6016,-82.9902],[-163.6296,-82.9706],[-163.6251,-82.9528],[-163.5623,-82.9241],[-163.6024,-82.9079],[-163.7304,-82.8898],[-163.7528,-82.88],[-163.6888,-82.8715],[-163.71,-82.8614],[-163.8114,-82.8469],[-163.7497,-82.8336],[-162.4815,-82.8766],[-162.409,-82.8964],[-162.3398,-82.9238]]],[[[-160.5711,-81.5989],[-163.7285,-81.4816],[-163.7532,-81.4705],[-163.6582,-81.4616],[-163.6702,-81.4544],[-163.9488,-81.4189],[-163.9901,-81.4035],[-163.9492,-81.3784],[-163.9227,-81.3434],[-163.8512,-81.3189],[-162.9839,-81.2703],[-160.6757,-81.4628],[-160.6285,-81.4968],[-160.6851,-81.5147],[-160.4422,-81.5602],[-160.4139,-81.5737],[-160.4454,-81.5905],[-160.5711,-81.5989]]],[[[-29.6183,-79.9112],[-29.7012,-79.9313],[-29.7796,-79.9296],[-29.8617,-79.919],[-29.8778,-79.9124],[-29.9093,-79.8777],[-29.9237,-79.8698],[-30.0089,-79.8536],[-30.0954,-79.8562],[-30.1634,-79.8769],[-30.2523,-79.8862],[-30.1459,-79.9311],[-30.022,-79.9435],[-29.9891,-79.9656],[-30.1847,-80.005],[-30.3664,-80.0178],[-30.4255,-80.0109],[-30.4717,-79.9887],[-30.3242,-79.9848],[-30.278,-79.9758],[-30.4827,-79.945],[-30.496,-79.9376],[-30.5137,-79.9089],[-30.5292,-79.9026],[-30.6312,-79.9064],[-30.6525,-79.9169],[-30.636,-79.9274],[-30.6324,-79.9389],[-30.6457,-79.9514],[-30.6789,-79.9563],[-30.8877,-79.9256],[-31.5417,-79.8985],[-31.7519,-79.8591],[-31.8724,-79.8471],[-31.8358,-79.8325],[-31.7189,-79.8095],[-31.8097,-79.801],[-31.9982,-79.8202],[-32.0448,-79.819],[-32.0895,-79.8093],[-31.9163,-79.7721],[-31.8788,-79.7545],[-31.9393,-79.7437],[-31.998,-79.714],[-32.1618,-79.7096],[-31.9678,-79.6901],[-32.0372,-79.6813],[-32.0773,-79.6666],[-32.0244,-79.6497],[-31.7877,-79.6308],[-31.6448,-79.6369],[-31.5917,-79.6487],[-31.444,-79.7086],[-31.1893,-79.7657],[-31.1345,-79.7975],[-31.0954,-79.8107],[-30.6541,-79.8461],[-30.4923,-79.8419],[-30.3579,-79.8554],[-30.2905,-79.8532],[-30.2256,-79.8375],[-30.8202,-79.7483],[-30.8707,-79.7272],[-30.8982,-79.696],[-30.9289,-79.6843],[-30.8886,-79.6648],[-30.8434,-79.6525],[-30.7974,-79.6501],[-30.7549,-79.6603],[-30.707,-79.7116],[-30.6471,-79.7397],[-29.9062,-79.815],[-29.7651,-79.852],[-29.6129,-79.9103],[-29.6183,-79.9112]]],[[[-159.8422,-79.3486],[-159.5664,-79.4326],[-159.5021,-79.4865],[-159.4661,-79.4909],[-159.3349,-79.5283],[-159.3216,-79.5368],[-159.3238,-79.5471],[-159.3772,-79.5506],[-159.2352,-79.589],[-159.215,-79.6018],[-159.2048,-79.6179],[-159.2165,-79.6345],[-159.1892,-79.6528],[-158.9748,-79.7223],[-158.9584,-79.7399],[-158.9785,-79.762],[-158.9531,-79.7697],[-158.9904,-79.7902],[-159.0281,-79.7995],[-159.0698,-79.8188],[-160.7129,-79.8546],[-163.4815,-79.4897],[-163.5709,-79.4547],[-163.9366,-79.4117],[-164.161,-79.3334],[-164.3009,-79.3019],[-164.3265,-79.2874],[-164.2764,-79.281],[-164.2226,-79.2857],[-164.3054,-79.2201],[-164.3008,-79.2096],[-164.2765,-79.1938],[-164.2893,-79.1357],[-164.2716,-79.1208],[-164.2755,-79.0995],[-164.2153,-79.0951],[-164.2026,-79.0841],[-164.2047,-79.0711],[-164.2169,-79.0587],[-164.2457,-79.0432],[-164.2148,-79.0314],[-164.1778,-79.0035],[-164.1481,-78.9921],[-163.9924,-78.968],[-163.9404,-78.9435],[-163.7787,-78.9304],[-163.7752,-78.9211],[-163.8336,-78.9069],[-163.7367,-78.872],[-163.484,-78.8112],[-163.4707,-78.8025],[-163.3003,-78.7734],[-163.265,-78.7573],[-163.311,-78.721],[-163.243,-78.7063],[-162.3532,-78.7526],[-162.3339,-78.7599],[-162.3143,-78.7791],[-162.2965,-78.7839],[-162.1441,-78.7924],[-161.3819,-78.9592],[-161.3533,-78.9777],[-161.3725,-78.9858],[-161.3641,-78.9968],[-160.5219,-79.1867],[-160.2949,-79.2658],[-160.1141,-79.2929],[-159.9934,-79.3273],[-159.8422,-79.3486]]],[[[169.2734,-77.4545],[169.3396,-77.4797],[169.3594,-77.4982],[169.3644,-77.5221],[169.3182,-77.5372],[169.0503,-77.5699],[168.9123,-77.6303],[168.8726,-77.6404],[168.4009,-77.6962],[168.0874,-77.6456],[167.4081,-77.644],[167.345,-77.6669],[167.2837,-77.7067],[167.2577,-77.7159],[167.0689,-77.7454],[166.8936,-77.7937],[166.7787,-77.8448],[166.6773,-77.86],[166.6145,-77.8364],[166.6517,-77.809],[166.7893,-77.77],[166.8654,-77.7187],[166.8906,-77.7125],[166.5111,-77.7218],[166.4534,-77.7101],[166.5105,-77.7042],[166.6278,-77.7067],[166.6831,-77.6965],[166.8142,-77.6916],[166.8957,-77.6757],[166.3887,-77.6134],[166.3654,-77.607],[166.2998,-77.5695],[166.2137,-77.5637],[166.1766,-77.5368],[166.1655,-77.5348],[166.2165,-77.5209],[166.3706,-77.4982],[166.4016,-77.4854],[166.4768,-77.4312],[166.6545,-77.3626],[166.6761,-77.36],[166.5759,-77.3321],[166.5479,-77.3134],[166.4001,-77.2665],[166.4519,-77.2123],[166.5244,-77.183],[166.6795,-77.1633],[166.8272,-77.1609],[166.9733,-77.1822],[167.0291,-77.2038],[167.0881,-77.2407],[167.1131,-77.2819],[167.0658,-77.3163],[167.139,-77.3419],[167.5681,-77.4133],[168.2196,-77.3723],[169.1441,-77.4317],[169.2734,-77.4545]]],[[[-127.1285,-74.4694],[-127.1414,-74.4882],[-127.2267,-74.5227],[-127.234,-74.5309],[-127.1738,-74.5543],[-127.2043,-74.5735],[-127.2008,-74.5773],[-127.2159,-74.5881],[-127.4159,-74.6355],[-127.5063,-74.6462],[-127.5517,-74.6436],[-127.9056,-74.553],[-127.8958,-74.5419],[-127.8985,-74.5276],[-127.9433,-74.5143],[-127.9952,-74.4877],[-128.0187,-74.4822],[-128.0882,-74.4885],[-128.1091,-74.4778],[-128.0659,-74.4623],[-128.0692,-74.4505],[-128.1107,-74.4256],[-128.0987,-74.412],[-128.109,-74.4045],[-128.1393,-74.402],[-128.1329,-74.3884],[-128.1595,-74.3444],[-128.1892,-74.3161],[-128.1754,-74.3051],[-128.1378,-74.3035],[-127.758,-74.3427],[-127.504,-74.4047],[-127.4342,-74.4111],[-127.338,-74.4046],[-127.236,-74.4234],[-127.2006,-74.4505],[-127.1518,-74.4526],[-127.1372,-74.4582],[-127.1285,-74.4694]]],[[[-119.821,-74.1208],[-119.8891,-74.1119],[-119.9229,-74.1013],[-119.9296,-74.0846],[-119.9115,-74.071],[-119.837,-74.0595],[-119.8272,-74.0383],[-119.8015,-74.0287],[-119.6966,-74.0204],[-119.6642,-74.0146],[-119.6361,-74.0012],[-119.6657,-73.9793],[-119.7767,-73.9392],[-119.7975,-73.8967],[-119.8581,-73.8766],[-119.7891,-73.862],[-119.7677,-73.8512],[-119.8894,-73.8331],[-119.9036,-73.825],[-119.6985,-73.8183],[-119.5809,-73.7863],[-119.4949,-73.7726],[-119.1234,-73.7809],[-118.9744,-73.8049],[-118.9141,-73.8274],[-118.8997,-73.8395],[-118.9008,-73.8732],[-118.8708,-73.8857],[-118.9635,-73.9309],[-118.9633,-73.9371],[-118.9457,-73.9499],[-119.0038,-73.9836],[-119.2231,-74.0441],[-119.4314,-74.0673],[-119.5001,-74.1066],[-119.6957,-74.1256],[-119.821,-74.1208]]],[[[-120.2612,-73.9278],[-120.2959,-73.9523],[-120.2408,-73.9667],[-120.2373,-73.9815],[-120.2755,-74.0032],[-121.0272,-74.1559],[-121.0541,-74.1767],[-121.0519,-74.1944],[-121.0572,-74.2034],[-121.0336,-74.2231],[-121.0495,-74.2331],[-121.0854,-74.2346],[-121.0802,-74.2448],[-121.0494,-74.2656],[-121.0719,-74.2756],[-121.0588,-74.2836],[-120.97,-74.2981],[-120.9442,-74.3087],[-121.099,-74.3481],[-122.2435,-74.4133],[-122.4607,-74.3792],[-122.5721,-74.3865],[-122.6264,-74.3821],[-122.6873,-74.3653],[-122.9038,-74.337],[-122.9888,-74.2978],[-123.0111,-74.2784],[-123.0051,-74.2634],[-123.0282,-74.2483],[-122.9945,-74.2346],[-122.9551,-74.2288],[-122.7622,-74.2263],[-122.7292,-74.2158],[-122.7466,-74.2037],[-122.7969,-74.1933],[-122.8309,-74.1671],[-122.9464,-74.1352],[-122.9453,-74.1103],[-122.9242,-74.0916],[-122.8205,-74.0793],[-122.8153,-74.0754],[-122.8175,-74.0637],[-122.804,-74.0585],[-122.749,-74.0556],[-122.7447,-74.0461],[-122.7528,-74.0261],[-122.7425,-74.0188],[-122.7451,-74.0082],[-122.7366,-74.0002],[-122.6077,-73.9643],[-122.5526,-73.9616],[-122.3498,-73.925],[-122.3274,-73.9157],[-122.4363,-73.8997],[-122.5913,-73.9073],[-122.9341,-73.8793],[-122.9502,-73.8698],[-122.9609,-73.8483],[-122.9722,-73.8398],[-123.017,-73.8308],[-123.3493,-73.8484],[-123.3498,-73.8388],[-123.3373,-73.8312],[-123.2374,-73.8202],[-123.2308,-73.8151],[-123.2342,-73.8049],[-123.2769,-73.7857],[-123.2891,-73.7745],[-123.2868,-73.7639],[-123.193,-73.7068],[-123.1202,-73.6828],[-123.0656,-73.6754],[-122.2724,-73.6822],[-122.0558,-73.7158],[-120.6864,-73.7673],[-120.5402,-73.7534],[-120.4291,-73.7726],[-120.3758,-73.7965],[-120.378,-73.831],[-120.4151,-73.8469],[-120.6957,-73.8681],[-120.7352,-73.8795],[-120.6474,-73.8967],[-120.2857,-73.9174],[-120.2612,-73.9278]]],[[[-127.4732,-73.5496],[-127.4182,-73.5346],[-127.4152,-73.5256],[-127.4252,-73.4859],[-127.4865,-73.4513],[-127.4954,-73.4296],[-127.4261,-73.3985],[-127.3741,-73.3572],[-127.3032,-73.3181],[-127.2264,-73.2922],[-127.149,-73.2773],[-127.107,-73.2776],[-127.0746,-73.2907],[-127.114,-73.3056],[-127.0299,-73.3093],[-126.5272,-73.2683],[-126.1041,-73.2962],[-126.0026,-73.3517],[-125.9425,-73.3759],[-125.5993,-73.4294],[-125.5658,-73.4438],[-125.5714,-73.4612],[-125.6297,-73.4946],[-125.6061,-73.5173],[-125.5218,-73.5608],[-125.47,-73.5789],[-125.2463,-73.6105],[-125.226,-73.6217],[-125.2128,-73.6398],[-125.2102,-73.6606],[-125.2217,-73.6799],[-125.27,-73.6988],[-125.7308,-73.7164],[-125.8258,-73.7037],[-125.878,-73.7048],[-125.9123,-73.7234],[-125.9071,-73.7551],[-125.8653,-73.781],[-125.7764,-73.8103],[-125.6835,-73.8261],[-125.5894,-73.8239],[-125.37,-73.7918],[-125.2606,-73.7919],[-125.1838,-73.8206],[-125.0821,-73.8328],[-125.0601,-73.8429],[-125.0572,-73.8583],[-125.0901,-73.8654],[-125.0701,-73.8761],[-124.9924,-73.8823],[-124.913,-73.8699],[-124.9352,-73.8543],[-124.9396,-73.8451],[-124.9354,-73.8285],[-124.9488,-73.8144],[-124.9027,-73.7955],[-124.7582,-73.7748],[-124.6295,-73.7307],[-124.5796,-73.7244],[-124.5343,-73.7276],[-124.5158,-73.7366],[-124.5085,-73.7532],[-124.1122,-73.8327],[-124.0963,-73.8429],[-124.0275,-73.8552],[-124.0199,-73.8757],[-124.0365,-73.8896],[-124.2088,-73.9343],[-124.1771,-73.9606],[-124.1322,-73.9762],[-123.9311,-74.0027],[-123.9725,-74.0239],[-123.8946,-74.0312],[-123.873,-74.0388],[-123.8395,-74.0649],[-123.7544,-74.0725],[-123.777,-74.0876],[-123.783,-74.1096],[-123.852,-74.1198],[-123.8602,-74.1285],[-123.8592,-74.1373],[-123.8422,-74.1516],[-123.8483,-74.164],[-123.8993,-74.1782],[-123.8063,-74.215],[-123.8651,-74.2446],[-123.9283,-74.2618],[-124.0074,-74.2634],[-124.245,-74.2148],[-124.7842,-74.226],[-125.2034,-74.163],[-125.2402,-74.1501],[-125.1093,-74.1228],[-125.7189,-74.0403],[-125.7491,-74.0247],[-125.7581,-74.0007],[-125.8114,-73.9832],[-125.7889,-73.9729],[-125.8127,-73.9666],[-125.9278,-73.9568],[-126.0113,-73.9213],[-126.4755,-73.8422],[-126.4218,-73.8215],[-126.4012,-73.8025],[-126.4055,-73.7784],[-126.4291,-73.7673],[-126.4962,-73.7575],[-126.5146,-73.7426],[-126.5118,-73.7306],[-126.472,-73.716],[-126.4635,-73.7057],[-126.4682,-73.7003],[-126.5611,-73.6847],[-126.5465,-73.6703],[-126.7252,-73.6652],[-126.8354,-73.6462],[-126.8727,-73.6467],[-126.9521,-73.6677],[-126.9842,-73.6855],[-126.9525,-73.7267],[-127.0052,-73.7404],[-127.2512,-73.7289],[-127.2689,-73.7179],[-127.2543,-73.6441],[-127.166,-73.6026],[-127.3673,-73.5628],[-127.4506,-73.5598],[-127.4732,-73.5496]]],[[[26.7656,-70.2243],[26.8172,-70.2765],[26.867,-70.3048],[26.8799,-70.3189],[26.8767,-70.3464],[26.8504,-70.3964],[26.8399,-70.412],[26.8179,-70.4241],[26.7757,-70.4306],[26.7376,-70.4282],[26.6233,-70.4112],[26.5654,-70.4201],[26.5078,-70.4454],[26.4578,-70.4501],[26.0573,-70.391],[25.988,-70.3683],[25.9754,-70.3466],[25.9324,-70.3167],[25.9123,-70.2849],[25.9396,-70.263],[25.9377,-70.2478],[25.9489,-70.2226],[25.9873,-70.195],[26.1151,-70.1531],[26.2219,-70.0944],[26.3274,-70.0666],[26.4583,-70.06],[26.5897,-70.0748],[26.6502,-70.0927],[26.6916,-70.1144],[26.7061,-70.1297],[26.7375,-70.1872],[26.7656,-70.2243]]],[[[1.411,-70.0402],[1.4354,-70.0644],[1.465,-70.1505],[1.3699,-70.2032],[1.2757,-70.2739],[1.2568,-70.3028],[1.2235,-70.3792],[1.1978,-70.4064],[1.1638,-70.4171],[1.1507,-70.398],[1.1416,-70.3609],[1.1193,-70.3175],[1.0604,-70.2687],[1.0016,-70.2366],[0.9568,-70.1917],[0.9397,-70.1049],[0.9795,-70.0656],[1.0425,-70.046],[1.2996,-70.0234],[1.3608,-70.0251],[1.411,-70.0402]]],[[[100.5659,-65.403],[100.7297,-65.3805],[100.9346,-65.3787],[101.1267,-65.4119],[101.2518,-65.4937],[101.2614,-65.5403],[101.2307,-65.574],[101.0249,-65.6655],[100.9671,-65.6829],[100.5579,-65.704],[100.5139,-65.6972],[100.5384,-65.6861],[100.5037,-65.6731],[100.3682,-65.679],[100.3298,-65.6734],[100.298,-65.6586],[100.2762,-65.6331],[100.2682,-65.5947],[100.3037,-65.5361],[100.3851,-65.4786],[100.4824,-65.4312],[100.5659,-65.403]]],[[[-90.6069,-68.8175],[-90.6386,-68.7851],[-90.6346,-68.7737],[-90.6238,-68.7686],[-90.6233,-68.7521],[-90.6123,-68.728],[-90.5482,-68.7292],[-90.535,-68.7326],[-90.5117,-68.7526],[-90.5012,-68.7854],[-90.5124,-68.8092],[-90.6069,-68.8175]]]]}},{"type":"Feature","properties":{"code":"AQ-X02~","name":null},"geometry":{"type":"MultiPolygon","coordinates":[[[[163.6143,-74.8434],[163.6509,-74.8466],[163.6737,-74.8586],[163.6952,-74.8923],[163.6587,-74.915],[163.6265,-74.9138],[163.6035,-74.8969],[163.5951,-74.8727],[163.6177,-74.8527],[163.6143,-74.8434]]],[[[163.8035,-74.6895],[164.0164,-74.6032],[164.2733,-74.5506],[164.3024,-74.5527],[164.2627,-74.5715],[164.2449,-74.5899],[164.2331,-74.6129],[164.2443,-74.6313],[164.0877,-74.6254],[164.0381,-74.6363],[164.0591,-74.6482],[164.0591,-74.6692],[164.0464,-74.6882],[164.0303,-74.6939],[164.0984,-74.719],[164.1072,-74.7361],[164.0774,-74.7575],[163.926,-74.7722],[164.0378,-74.8063],[163.981,-74.8403],[164.0038,-74.8464],[163.9634,-74.8664],[163.9441,-74.8622],[163.9404,-74.8337],[163.9292,-74.8268],[163.8696,-74.8193],[163.8605,-74.8245],[163.8687,-74.8334],[163.8366,-74.8338],[163.8049,-74.8284],[163.7599,-74.8097],[163.7793,-74.797],[163.7512,-74.7936],[163.7267,-74.7825],[163.714,-74.7507],[163.6878,-74.7255],[163.8132,-74.7009],[163.8035,-74.6895]]],[[[163.3402,-70.374],[163.3957,-70.3454],[163.4553,-70.3391],[163.5163,-70.346],[163.5667,-70.3639],[163.5156,-70.3782],[163.3462,-70.3953],[163.3096,-70.3864],[163.3402,-70.374]]],[[[164.8403,-67.3393],[164.8369,-67.3627],[164.9139,-67.4044],[164.926,-67.4311],[164.9162,-67.4543],[164.849,-67.5009],[164.875,-67.5151],[164.8198,-67.5502],[164.7604,-67.5704],[164.7038,-67.5686],[164.6572,-67.5383],[164.6519,-67.5114],[164.6328,-67.4887],[164.6592,-67.4732],[164.6821,-67.4478],[164.6963,-67.4168],[164.6961,-67.3852],[164.6595,-67.3336],[164.6704,-67.3121],[164.657,-67.2787],[164.6572,-67.2608],[164.6746,-67.2577],[164.7122,-67.2685],[164.8403,-67.3393]]],[[[163.2937,-66.8381],[163.2951,-66.8849],[163.2492,-66.8774],[163.1908,-66.8438],[163.155,-66.8123],[163.0813,-66.7065],[163.1148,-66.6873],[163.1699,-66.6902],[163.2605,-66.7162],[163.2653,-66.7485],[163.257,-66.7633],[163.3132,-66.7815],[163.2861,-66.7978],[163.3125,-66.8287],[163.2937,-66.8381]]],[[[-32.1433,-79.6611],[-32.1687,-79.6691],[-32.4967,-79.6733],[-32.6012,-79.6611],[-32.4855,-79.6451],[-32.5646,-79.6269],[-32.4503,-79.6196],[-32.4455,-79.5944],[-32.4279,-79.5781],[-32.4302,-79.5676],[-32.4547,-79.5507],[-32.2942,-79.5219],[-32.2223,-79.5202],[-31.9333,-79.5631],[-31.9135,-79.5728],[-31.9245,-79.5998],[-31.9644,-79.6109],[-32.1913,-79.6204],[-32.2056,-79.627],[-32.2086,-79.6428],[-32.1988,-79.6572],[-32.181,-79.6625],[-32.1433,-79.6611]]],[[[-67.7122,-79.1368],[-67.6025,-79.1367],[-68.1833,-79.1833],[-68.2259,-79.1681],[-68.0347,-79.134],[-67.7203,-79.1189],[-67.6881,-79.1252],[-67.7122,-79.1368]]],[[[-75.5884,-78.7579],[-75.5058,-78.7351],[-75.4469,-78.7301],[-75.3937,-78.741],[-75.4651,-78.7721],[-75.4738,-78.7851],[-75.5144,-78.7971],[-75.525,-78.8059],[-75.5279,-78.8172],[-75.4875,-78.84],[-75.4812,-78.8523],[-75.4913,-78.8631],[-75.5124,-78.8668],[-75.603,-78.8547],[-75.6499,-78.8332],[-75.6606,-78.8097],[-75.6434,-78.7877],[-75.5884,-78.7579]]],[[[-49.2587,-77.8725],[-49.3912,-77.8805],[-49.4152,-77.878],[-49.4508,-77.8631],[-49.3364,-77.8298],[-48.989,-77.7843],[-48.8469,-77.7442],[-48.7816,-77.7392],[-48.7504,-77.7477],[-49.2587,-77.8725]]],[[[-73.8238,-73.3875],[-73.7794,-73.3591],[-73.7552,-73.3556],[-73.7351,-73.3701],[-73.7593,-73.3873],[-73.7876,-73.3964],[-73.8238,-73.3875]]],[[[-71.7965,-73.2198],[-71.8545,-73.2455],[-71.9203,-73.2586],[-71.9874,-73.2584],[-72.0491,-73.2437],[-72.0962,-73.2145],[-72.0809,-73.1946],[-72.0325,-73.1837],[-71.9808,-73.1811],[-71.8856,-73.1889],[-71.8404,-73.2001],[-71.7965,-73.2198]]],[[[-73.8868,-73.1201],[-73.6981,-73.0988],[-73.6024,-73.1091],[-73.5386,-73.1301],[-73.5225,-73.1301],[-73.6921,-73.217],[-73.7057,-73.2365],[-73.6945,-73.2482],[-73.6877,-73.273],[-73.7084,-73.2916],[-73.7606,-73.3144],[-73.8389,-73.3346],[-73.9104,-73.3731],[-73.9798,-73.3683],[-74.0006,-73.3803],[-73.9996,-73.3979],[-74.0147,-73.4063],[-74.0531,-73.4015],[-74.0668,-73.3792],[-74.0631,-73.3532],[-74.1456,-73.3235],[-74.1592,-73.308],[-74.1509,-73.2792],[-74.0029,-73.2516],[-74.0636,-73.2203],[-73.9901,-73.218],[-73.9112,-73.2053],[-73.8749,-73.1897],[-73.8664,-73.1689],[-73.8983,-73.1492],[-73.8868,-73.1201]]],[[[-89.8924,-72.8846],[-89.8522,-72.8588],[-89.7855,-72.8503],[-89.5715,-72.863],[-89.4056,-72.8957],[-89.3307,-72.928],[-89.3594,-72.946],[-89.4787,-72.9758],[-89.5077,-72.9972],[-89.5552,-73.0507],[-89.5851,-73.0704],[-89.6891,-73.0906],[-89.7964,-73.0924],[-89.9957,-73.0676],[-90.1325,-73.0944],[-90.2191,-73.0842],[-90.296,-73.0495],[-90.3363,-72.9874],[-90.2825,-72.9413],[-90.2157,-72.9445],[-90.0939,-72.9865],[-90.0509,-72.9863],[-90.0055,-72.9767],[-89.9634,-72.9583],[-89.9294,-72.9316],[-89.8924,-72.8846]]],[[[-93.7508,-72.8886],[-93.75,-72.9055],[-93.7735,-72.9182],[-93.862,-72.9282],[-94.0001,-72.919],[-94.0704,-72.9028],[-94.1282,-72.873],[-94.0683,-72.8259],[-93.9829,-72.819],[-93.8182,-72.8564],[-93.7731,-72.8732],[-93.7508,-72.8886]]],[[[-98.1308,-72.6923],[-98.0423,-72.6623],[-97.9403,-72.6574],[-97.7487,-72.6833],[-97.8313,-72.717],[-97.9412,-72.725],[-98.0504,-72.7145],[-98.1308,-72.6923]]],[[[-93.3594,-72.5798],[-93.3268,-72.5602],[-93.2765,-72.5456],[-93.2191,-72.5418],[-93.1615,-72.5473],[-93.1106,-72.5598],[-93.1299,-72.5927],[-93.1608,-72.6142],[-93.2363,-72.6355],[-93.3147,-72.6305],[-93.3888,-72.6025],[-93.3594,-72.5798]]],[[[-60.7751,-72.5624],[-60.827,-72.5844],[-60.9467,-72.5981],[-60.9689,-72.592],[-60.9556,-72.5717],[-60.9093,-72.5411],[-60.8407,-72.5462],[-60.7751,-72.5624]]],[[[-16.1861,-72.5905],[-16.1317,-72.6326],[-16.1099,-72.6584],[-16.1028,-72.6874],[-16.1988,-72.7092],[-16.2963,-72.7076],[-16.3816,-72.69],[-16.4416,-72.6638],[-16.4875,-72.6223],[-16.5172,-72.5702],[-16.5163,-72.5191],[-16.4707,-72.4806],[-16.4096,-72.4566],[-16.391,-72.4535],[-16.338,-72.4606],[-16.2912,-72.4853],[-16.1861,-72.5905]]],[[[-70.5503,-72.2219],[-70.4465,-72.2281],[-70.4176,-72.2384],[-70.5385,-72.2783],[-70.6012,-72.28],[-70.6536,-72.2507],[-70.609,-72.2317],[-70.5503,-72.2219]]],[[[-60.2585,-72.204],[-60.2384,-72.1774],[-60.1881,-72.176],[-60.1349,-72.1935],[-60.1066,-72.2241],[-60.1268,-72.2525],[-60.1814,-72.2558],[-60.2364,-72.2384],[-60.2585,-72.204]]],[[[-12.6594,-72.0595],[-12.5655,-72.1015],[-12.5227,-72.1284],[-12.4897,-72.1671],[-12.5666,-72.1964],[-12.654,-72.1993],[-12.7423,-72.1852],[-12.8776,-72.1438],[-12.9211,-72.1212],[-12.9513,-72.0929],[-12.9674,-72.0563],[-12.8973,-72.0021],[-12.8102,-72.0007],[-12.725,-72.028],[-12.6594,-72.0595]]],[[[-60.5307,-71.051],[-60.6174,-71.0631],[-60.7566,-71.05],[-60.8895,-71.0188],[-60.9573,-70.9773],[-60.9143,-70.9416],[-60.8133,-70.9171],[-60.6918,-70.9094],[-60.587,-70.9251],[-60.5389,-70.9543],[-60.5166,-70.9916],[-60.5155,-71.0274],[-60.5307,-71.051]]],[[[-60.4353,-70.5968],[-60.4469,-70.6218],[-60.4691,-70.6398],[-60.5435,-70.6712],[-60.7165,-70.7106],[-60.8129,-70.7146],[-60.8856,-70.7001],[-60.9822,-70.6209],[-60.9752,-70.5966],[-60.9634,-70.5838],[-60.9737,-70.5588],[-60.9694,-70.5476],[-60.9557,-70.5378],[-60.9005,-70.5208],[-60.8345,-70.5124],[-60.57,-70.5073],[-60.5049,-70.5175],[-60.4534,-70.5413],[-60.4353,-70.5968]]],[[[-71.711,-70.4298],[-71.7111,-70.4197],[-71.7589,-70.3873],[-71.7667,-70.3697],[-71.7613,-70.351],[-71.7648,-70.3365],[-71.8165,-70.2958],[-71.7317,-70.2701],[-71.6829,-70.2648],[-71.6676,-70.2958],[-71.5884,-70.2981],[-71.5004,-70.2768],[-71.4088,-70.2656],[-71.3186,-70.2988],[-71.3393,-70.3244],[-71.4056,-70.378],[-71.5345,-70.4362],[-71.6016,-70.4508],[-71.642,-70.4527],[-71.6809,-70.447],[-71.711,-70.4298]]],[[[-70.7689,-70.3035],[-70.7589,-70.2639],[-70.7462,-70.2498],[-70.7223,-70.2408],[-70.6762,-70.2408],[-70.6324,-70.255],[-70.6536,-70.2768],[-70.6382,-70.3067],[-70.6671,-70.3268],[-70.7034,-70.3342],[-70.7761,-70.3276],[-70.7689,-70.3035]]],[[[-61.1054,-69.9638],[-61.1762,-69.9811],[-61.2885,-69.9843],[-61.3693,-69.9628],[-61.406,-69.9428],[-61.3998,-69.9059],[-61.3734,-69.8733],[-61.3468,-69.8591],[-61.3092,-69.8513],[-61.2682,-69.852],[-61.19,-69.8679],[-61.1383,-69.8886],[-61.1129,-69.9155],[-61.1166,-69.9382],[-61.1054,-69.9638]]],[[[-60.8941,-68.7599],[-60.9964,-68.7231],[-61.0211,-68.7067],[-60.9686,-68.6824],[-60.883,-68.6794],[-60.7905,-68.692],[-60.7172,-68.7153],[-60.6678,-68.7472],[-60.652,-68.7758],[-60.6759,-68.7952],[-60.7461,-68.7989],[-60.7836,-68.7936],[-60.8941,-68.7599]]],[[[-67.135,-68.1381],[-67.163,-68.158],[-67.2008,-68.1726],[-67.2355,-68.1716],[-67.255,-68.1448],[-67.2401,-68.1331],[-67.135,-68.1381]]],[[[-67.04,-67.8614],[-66.9455,-67.8489],[-66.8983,-67.8533],[-66.8554,-67.8722],[-66.8755,-67.884],[-66.9011,-67.8884],[-66.9986,-67.8821],[-67.04,-67.8614]]],[[[-67.0831,-67.8327],[-67.1273,-67.8648],[-67.1775,-67.8849],[-67.2464,-67.894],[-67.2906,-67.8762],[-67.2926,-67.8688],[-67.2538,-67.8495],[-67.2338,-67.8308],[-67.3368,-67.8183],[-67.2373,-67.7983],[-67.1859,-67.7941],[-67.1341,-67.8034],[-67.0831,-67.8327]]],[[[-64.9543,-67.6614],[-64.9386,-67.649],[-64.9276,-67.6292],[-64.9405,-67.5988],[-64.7561,-67.6154],[-64.7766,-67.5921],[-64.7497,-67.5922],[-64.5873,-67.6108],[-64.5637,-67.6204],[-64.6509,-67.6611],[-64.7071,-67.6742],[-64.7362,-67.6734],[-64.7625,-67.6645],[-64.7458,-67.6518],[-64.7999,-67.6378],[-64.8261,-67.6402],[-64.9046,-67.6656],[-64.93,-67.6682],[-64.9543,-67.6614]]],[[[-67.2882,-67.7301],[-67.3346,-67.7629],[-67.3924,-67.7805],[-67.5105,-67.7895],[-67.6471,-67.777],[-67.7421,-67.7465],[-67.751,-67.7324],[-67.6937,-67.7205],[-67.68,-67.7013],[-67.6436,-67.6837],[-67.6601,-67.6821],[-67.7467,-67.7019],[-67.7646,-67.6989],[-67.7748,-67.6858],[-67.7663,-67.6677],[-67.74,-67.6549],[-67.4957,-67.589],[-67.1837,-67.5998],[-67.1511,-67.6108],[-67.1222,-67.6425],[-67.2313,-67.6773],[-67.2532,-67.7101],[-67.3205,-67.711],[-67.2882,-67.7301]]],[[[-66.8105,-67.5235],[-66.9994,-67.5915],[-67.0836,-67.6021],[-67.1603,-67.5881],[-67.0815,-67.5576],[-67.0231,-67.5466],[-66.9712,-67.517],[-66.8931,-67.5124],[-66.8105,-67.5235]]],[[[-67.7445,-67.3608],[-67.728,-67.3396],[-67.6905,-67.3188],[-67.6449,-67.3074],[-67.6042,-67.3146],[-67.6687,-67.3571],[-67.7091,-67.3697],[-67.7445,-67.3608]]],[[[-67.5758,-67.2145],[-67.6261,-67.2514],[-67.6933,-67.2843],[-67.7604,-67.2945],[-67.8102,-67.2634],[-67.6709,-67.205],[-67.6041,-67.2016],[-67.5758,-67.2145]]],[[[-67.6566,-67.0888],[-67.6027,-67.0491],[-67.5727,-67.0468],[-67.548,-67.0663],[-67.5404,-67.0989],[-67.558,-67.1183],[-67.5843,-67.1329],[-67.6334,-67.1415],[-67.6815,-67.1281],[-67.6485,-67.1095],[-67.6566,-67.0888]]],[[[-67.3812,-66.9024],[-67.4352,-66.9081],[-67.4934,-66.9045],[-67.6031,-66.88],[-67.5638,-66.8665],[-67.5276,-66.8211],[-67.4902,-66.7991],[-67.5199,-66.7621],[-67.484,-66.7426],[-67.446,-66.735],[-67.4066,-66.7365],[-67.29,-66.769],[-67.2407,-66.8308],[-67.3061,-66.8753],[-67.3812,-66.9024]]],[[[-67.161,-66.3888],[-67.1272,-66.3705],[-67.1227,-66.3626],[-67.1531,-66.3432],[-67.1541,-66.332],[-67.1475,-66.3253],[-67.0976,-66.3225],[-67.0271,-66.3419],[-67.0238,-66.3613],[-67.0564,-66.3784],[-67.0934,-66.3865],[-67.161,-66.3888]]],[[[-67.1018,-66.2617],[-67.1216,-66.2509],[-67.1102,-66.241],[-67.0716,-66.235],[-67.0564,-66.2363],[-67.0513,-66.2541],[-67.0271,-66.2599],[-66.9237,-66.2529],[-66.8768,-66.2638],[-66.9089,-66.2778],[-66.9774,-66.288],[-67.0818,-66.2736],[-67.1018,-66.2617]]],[[[-66.7725,-66.1378],[-66.7954,-66.1257],[-66.7736,-66.1072],[-66.7398,-66.093],[-66.6403,-66.0685],[-66.5908,-66.0675],[-66.5556,-66.087],[-66.5926,-66.1145],[-66.6348,-66.128],[-66.5873,-66.1559],[-66.576,-66.1804],[-66.6019,-66.2088],[-66.6621,-66.2353],[-66.7515,-66.2892],[-66.8411,-66.322],[-66.8887,-66.3258],[-66.9108,-66.3019],[-66.7929,-66.2407],[-66.7704,-66.2218],[-66.7663,-66.179],[-66.7794,-66.1593],[-66.7725,-66.1378]]],[[[-65.7408,-65.9684],[-65.7277,-65.9894],[-65.802,-65.9926],[-65.7847,-65.9719],[-65.7799,-65.948],[-65.7589,-65.9499],[-65.7408,-65.9684]]],[[[-65.9001,-65.8767],[-65.891,-65.8814],[-65.8888,-65.8909],[-65.9007,-65.9111],[-65.9144,-65.9169],[-65.9984,-65.9293],[-66.0338,-65.9246],[-65.9707,-65.8881],[-65.9344,-65.877],[-65.9001,-65.8767]]],[[[-65.3178,-65.8659],[-65.3443,-65.8395],[-65.2478,-65.8414],[-65.2001,-65.8561],[-65.194,-65.8839],[-65.2213,-65.9003],[-65.254,-65.9002],[-65.2817,-65.8903],[-65.3178,-65.8659]]],[[[-66.1902,-65.8237],[-66.1965,-65.8154],[-66.1924,-65.8027],[-66.1598,-65.7625],[-66.0822,-65.7683],[-66.038,-65.7389],[-66.0709,-65.7228],[-66.0828,-65.7089],[-66.0823,-65.6928],[-66.0692,-65.6775],[-66.074,-65.664],[-66.019,-65.6497],[-65.9933,-65.6286],[-65.97,-65.6186],[-65.963,-65.5991],[-65.9807,-65.5734],[-65.96,-65.5533],[-65.7916,-65.52],[-65.6905,-65.5427],[-65.6248,-65.5349],[-65.6556,-65.572],[-65.6642,-65.6127],[-65.6821,-65.6329],[-65.6655,-65.6601],[-65.8599,-65.6902],[-65.913,-65.7058],[-65.838,-65.7341],[-65.8182,-65.7758],[-65.8357,-65.8117],[-65.8307,-65.8207],[-65.797,-65.8303],[-65.8135,-65.8399],[-65.8766,-65.8439],[-66.0515,-65.881],[-66.1013,-65.8845],[-66.1859,-65.8652],[-66.1778,-65.8405],[-66.1902,-65.8237]]],[[[-65.527,-65.4729],[-65.5774,-65.4972],[-65.66,-65.5115],[-65.7107,-65.5012],[-65.7322,-65.4853],[-65.7222,-65.4709],[-65.6666,-65.4856],[-65.6164,-65.4684],[-65.527,-65.4729]]],[[[-59.4355,-65.2338],[-59.5146,-65.2457],[-59.6488,-65.2199],[-59.7777,-65.1744],[-59.8415,-65.1274],[-59.7714,-65.0861],[-59.6461,-65.1218],[-59.4355,-65.2338]]],[[[-62.9215,-64.8771],[-62.9591,-64.895],[-62.9879,-64.8967],[-63.0765,-64.8899],[-63.1081,-64.8829],[-63.1295,-64.8694],[-63.117,-64.8471],[-63.0699,-64.8414],[-63.0249,-64.8508],[-63.0144,-64.8697],[-62.9713,-64.8596],[-62.9215,-64.8771]]],[[[-62.8467,-64.809],[-62.9005,-64.8239],[-63.0052,-64.8167],[-63.031,-64.8064],[-62.9571,-64.7949],[-62.8467,-64.809]]],[[[-63.2777,-64.8062],[-63.29,-64.8494],[-63.3249,-64.8664],[-63.3817,-64.8777],[-63.4533,-64.9047],[-63.5379,-64.9164],[-63.5714,-64.9164],[-63.5945,-64.9074],[-63.4903,-64.8635],[-63.4437,-64.8338],[-63.5023,-64.8189],[-63.5201,-64.822],[-63.4479,-64.7895],[-63.4221,-64.7849],[-63.358,-64.7971],[-63.3368,-64.7953],[-63.2051,-64.7175],[-63.1772,-64.713],[-63.1571,-64.7245],[-63.1581,-64.7436],[-63.1745,-64.7574],[-63.2554,-64.7907],[-63.2777,-64.8062]]],[[[-62.6375,-64.7262],[-62.6796,-64.7464],[-62.7048,-64.7477],[-62.7226,-64.7382],[-62.7225,-64.7233],[-62.731,-64.7174],[-62.7643,-64.7096],[-62.7331,-64.7009],[-62.6972,-64.6751],[-62.6678,-64.6699],[-62.6418,-64.6837],[-62.6411,-64.705],[-62.6315,-64.7155],[-62.6375,-64.7262]]],[[[-62.0228,-64.6249],[-62.0321,-64.641],[-62.0228,-64.653],[-62.0367,-64.6612],[-62.077,-64.6511],[-62.0791,-64.6388],[-62.0689,-64.6325],[-62.0228,-64.6249]]],[[[-62.149,-64.5803],[-62.1009,-64.5719],[-62.0913,-64.5515],[-62.0538,-64.538],[-62.0146,-64.5529],[-62.0417,-64.5808],[-62.0572,-64.6105],[-62.093,-64.6209],[-62.1063,-64.6208],[-62.1365,-64.6026],[-62.1217,-64.589],[-62.149,-64.5803]]],[[[-57.6525,-64.4503],[-57.5846,-64.4177],[-57.564,-64.4423],[-57.5875,-64.471],[-57.6525,-64.4503]]],[[[-61.6265,-64.3596],[-61.5463,-64.3503],[-61.4892,-64.3845],[-61.5256,-64.3959],[-61.5658,-64.3956],[-61.5989,-64.3883],[-61.6114,-64.3808],[-61.6036,-64.3718],[-61.6265,-64.3596]]],[[[-57.3146,-64.4365],[-57.2584,-64.427],[-56.944,-64.3288],[-56.8784,-64.3357],[-56.9464,-64.3756],[-56.9535,-64.3853],[-56.9378,-64.4191],[-56.9679,-64.4555],[-57.0605,-64.5094],[-57.2191,-64.5654],[-57.3048,-64.575],[-57.3912,-64.5619],[-57.4476,-64.5344],[-57.4564,-64.5183],[-57.4579,-64.4872],[-57.451,-64.4616],[-57.442,-64.4522],[-57.4169,-64.4433],[-57.3146,-64.4365]]],[[[-56.8495,-64.28],[-56.7143,-64.2351],[-56.6352,-64.2216],[-56.5825,-64.2351],[-56.6332,-64.2752],[-56.7145,-64.3066],[-56.8088,-64.3227],[-56.8985,-64.3173],[-56.8639,-64.302],[-56.8495,-64.28]]],[[[-61.6591,-64.1716],[-61.7004,-64.1725],[-61.7491,-64.1573],[-61.7604,-64.1471],[-61.7539,-64.1386],[-61.7537,-64.1142],[-61.7157,-64.0951],[-61.6896,-64.1027],[-61.6761,-64.1227],[-61.6591,-64.1716]]],[[[-61.9363,-63.9913],[-61.8335,-63.9782],[-61.8423,-63.9645],[-61.8292,-63.9597],[-61.7843,-63.9695],[-61.8343,-64.002],[-61.8876,-64.0178],[-61.92,-64.05],[-61.9067,-64.0549],[-61.9245,-64.0578],[-61.9618,-64.0851],[-62.0087,-64.0906],[-62.0349,-64.086],[-62.064,-64.071],[-62.0607,-64.0539],[-62.0271,-64.0431],[-62.0137,-64.0289],[-62.0235,-64.0167],[-61.9573,-64.0022],[-61.9363,-63.9913]]],[[[-57.6431,-63.8494],[-57.6952,-63.8167],[-57.6477,-63.8048],[-57.37,-63.7883],[-57.362,-63.7913],[-57.3548,-63.8151],[-57.3462,-63.8215],[-57.4025,-63.8391],[-57.3673,-63.842],[-57.223,-63.8111],[-57.1849,-63.8092],[-57.0891,-63.8395],[-57.1073,-63.8478],[-57.1544,-63.8531],[-57.1729,-63.8775],[-57.244,-63.9023],[-57.237,-63.8834],[-57.2429,-63.8669],[-57.31,-63.8708],[-57.366,-63.8849],[-57.4871,-63.8546],[-57.5011,-63.8586],[-57.5137,-63.8752],[-57.5743,-63.8517],[-57.6146,-63.8549],[-57.6431,-63.8494]]],[[[-61.7261,-63.7509],[-61.8083,-63.7289],[-61.7848,-63.7228],[-61.6364,-63.7262],[-61.6214,-63.7324],[-61.6138,-63.7636],[-61.6272,-63.7879],[-61.6534,-63.8034],[-61.6842,-63.8079],[-61.6932,-63.7804],[-61.7261,-63.7509]]],[[[-60.8866,-63.8586],[-60.9681,-63.8595],[-60.9845,-63.8559],[-60.9845,-63.8425],[-60.8473,-63.8469],[-60.7875,-63.8347],[-60.7667,-63.8145],[-60.7754,-63.797],[-60.803,-63.7817],[-60.8075,-63.7695],[-60.7997,-63.7545],[-60.7133,-63.7511],[-60.6652,-63.7223],[-60.6913,-63.715],[-60.7688,-63.7219],[-60.7782,-63.7175],[-60.7714,-63.7097],[-60.7729,-63.7001],[-60.7873,-63.6818],[-60.8026,-63.6746],[-60.8022,-63.6658],[-60.7245,-63.6877],[-60.5911,-63.69],[-60.5528,-63.6993],[-60.6134,-63.7275],[-60.6143,-63.736],[-60.6455,-63.7454],[-60.6796,-63.7949],[-60.6988,-63.8097],[-60.6933,-63.8251],[-60.6717,-63.8417],[-60.6279,-63.8586],[-60.6801,-63.8728],[-60.74,-63.9039],[-60.7797,-63.8906],[-60.8212,-63.9135],[-60.899,-63.8969],[-60.8646,-63.879],[-60.8704,-63.8648],[-60.8866,-63.8586]]],[[[-57.5389,-63.6831],[-57.5523,-63.6559],[-57.5721,-63.6428],[-57.4404,-63.6192],[-57.4021,-63.628],[-57.4127,-63.6325],[-57.4464,-63.6782],[-57.4639,-63.6887],[-57.5115,-63.6983],[-57.5309,-63.6931],[-57.5389,-63.6831]]],[[[-56.6892,-63.5929],[-56.6628,-63.5675],[-56.6027,-63.5573],[-56.4679,-63.5657],[-56.5779,-63.611],[-56.648,-63.6233],[-56.6892,-63.5929]]],[[[-59.8375,-63.5546],[-59.8424,-63.5442],[-59.7974,-63.5534],[-59.7943,-63.5696],[-59.776,-63.5899],[-59.7779,-63.5948],[-59.8347,-63.6004],[-59.8716,-63.5838],[-59.8744,-63.5727],[-59.8375,-63.5546]]],[[[-55.7196,-63.4754],[-55.7191,-63.4991],[-55.9237,-63.5492],[-55.9324,-63.5794],[-55.9649,-63.5815],[-56.1578,-63.5263],[-56.2405,-63.4787],[-56.2197,-63.4435],[-56.2067,-63.4362],[-56.0128,-63.4113],[-55.8064,-63.4074],[-55.747,-63.4284],[-55.7196,-63.4754]]],[[[-61.9517,-63.3118],[-61.9757,-63.3336],[-62.0118,-63.3451],[-62.0831,-63.3526],[-62.2775,-63.3523],[-62.2562,-63.3403],[-62.2416,-63.3193],[-62.2447,-63.2922],[-62.2643,-63.2731],[-62.2111,-63.2555],[-62.2138,-63.2389],[-62.2027,-63.2371],[-62.1541,-63.2501],[-62.0195,-63.2617],[-62.0065,-63.2698],[-61.9939,-63.2985],[-61.9517,-63.3118]]],[[[-56.6986,-63.2062],[-56.7029,-63.1892],[-56.6917,-63.1755],[-56.6549,-63.1583],[-56.6099,-63.1506],[-56.566,-63.1629],[-56.5919,-63.2086],[-56.6467,-63.2195],[-56.6772,-63.2175],[-56.6986,-63.2062]]],[[[-56.546,-63.0993],[-56.6036,-63.0702],[-56.618,-63.0514],[-56.6027,-63.0305],[-56.5243,-63.0032],[-56.4768,-62.9767],[-56.3139,-63.0043],[-56.1042,-63.0042],[-56.0477,-63.017],[-56.035,-63.0575],[-56.0683,-63.0868],[-56.2158,-63.1611],[-56.2735,-63.1785],[-56.336,-63.1746],[-56.4084,-63.1555],[-56.546,-63.0993]]],[[[-60.4979,-62.9643],[-60.526,-62.9811],[-60.5643,-62.9777],[-60.5954,-62.9599],[-60.602,-62.9337],[-60.6447,-62.9226],[-60.6853,-62.9262],[-60.7003,-62.9527],[-60.6935,-62.9669],[-60.5575,-63.0076],[-60.5825,-63.0172],[-60.6188,-63.0165],[-60.706,-62.9948],[-60.7416,-62.964],[-60.747,-62.9406],[-60.6922,-62.8952],[-60.6193,-62.8967],[-60.5478,-62.926],[-60.4979,-62.9643]]],[[[-62.6013,-63.0656],[-62.6568,-63.0846],[-62.7123,-63.0893],[-62.6804,-63.0727],[-62.6717,-63.051],[-62.6342,-63.0396],[-62.5928,-62.9871],[-62.5433,-62.9563],[-62.537,-62.9269],[-62.5193,-62.9125],[-62.4894,-62.9033],[-62.3901,-62.8913],[-62.3511,-62.8754],[-62.3063,-62.8752],[-62.3568,-62.9334],[-62.4298,-62.9858],[-62.6013,-63.0656]]],[[[-61.5073,-62.8136],[-61.5219,-62.8002],[-61.5202,-62.7745],[-61.5077,-62.7592],[-61.4607,-62.7372],[-61.4088,-62.7294],[-61.1989,-62.7277],[-61.2471,-62.7424],[-61.2555,-62.7538],[-61.2528,-62.7687],[-61.4092,-62.8233],[-61.4651,-62.824],[-61.5073,-62.8136]]],[[[-59.7457,-62.545],[-59.7647,-62.5401],[-59.7837,-62.5163],[-59.7991,-62.5095],[-59.9322,-62.4894],[-59.9961,-62.4526],[-59.9323,-62.4401],[-59.7225,-62.4519],[-59.777,-62.4809],[-59.7266,-62.5037],[-59.7009,-62.5032],[-59.6423,-62.4826],[-59.6106,-62.4801],[-59.5798,-62.4856],[-59.5537,-62.5012],[-59.602,-62.5139],[-59.5992,-62.5344],[-59.6182,-62.5447],[-59.6702,-62.5496],[-59.7457,-62.545]]],[[[-59.6942,-62.3785],[-59.6966,-62.3693],[-59.6892,-62.3611],[-59.6039,-62.3473],[-59.4368,-62.3551],[-59.3823,-62.3727],[-59.3474,-62.4065],[-59.3869,-62.4469],[-59.5088,-62.457],[-59.5753,-62.4435],[-59.6257,-62.4081],[-59.6022,-62.3815],[-59.6639,-62.3888],[-59.6942,-62.3785]]],[[[-58.9831,-62.2654],[-58.9736,-62.2692],[-58.8992,-62.2631],[-58.8719,-62.2709],[-58.849,-62.2861],[-58.8343,-62.3093],[-59.0299,-62.3481],[-59.0694,-62.3491],[-59.1043,-62.3414],[-59.2178,-62.2921],[-59.1888,-62.2724],[-59.1566,-62.2602],[-59.0329,-62.2335],[-59.0045,-62.2332],[-58.9786,-62.2411],[-58.9831,-62.2654]]],[[[-54.036,-61.2457],[-54.057,-61.2888],[-54.0753,-61.304],[-54.098,-61.3121],[-54.2029,-61.2841],[-54.2274,-61.2701],[-54.0869,-61.1804],[-54.0694,-61.1594],[-54.0574,-61.127],[-54.0089,-61.1376],[-54.0065,-61.1521],[-54.0169,-61.1638],[-54.0482,-61.1757],[-54.0575,-61.1926],[-54.0572,-61.2024],[-54.0342,-61.2237],[-54.036,-61.2457]]],[[[-169.0303,-83.1542],[-168.8986,-83.1889],[-168.8102,-83.2018],[-168.7873,-83.2138],[-168.8472,-83.2268],[-169.8022,-83.184],[-169.8631,-83.1474],[-171.831,-82.8635],[-171.9014,-82.8421],[-171.8205,-82.8246],[-169.0303,-83.1542]]],[[[-158.3468,-81.9015],[-158.3041,-81.9299],[-158.2465,-81.9545],[-157.9149,-82.0182],[-157.8275,-82.0247],[-157.8086,-82.0392],[-157.9208,-82.0847],[-157.9909,-82.0978],[-158.0672,-82.1022],[-158.0985,-82.0958],[-158.0693,-82.0815],[-158.037,-82.0756],[-158.067,-82.0486],[-158.1097,-82.0353],[-158.3937,-81.9937],[-159.0006,-81.8185],[-159.0192,-81.7877],[-158.9786,-81.778],[-158.8922,-81.7818],[-158.3857,-81.8806],[-158.3468,-81.9015]]],[[[-154.1142,-80.037],[-154.3619,-80.0305],[-154.3098,-80.0167],[-154.3677,-80.007],[-154.4097,-80.0092],[-154.4526,-79.9812],[-154.5139,-79.9643],[-154.9879,-79.9294],[-155.0286,-79.9157],[-155.0183,-79.8962],[-155.4787,-79.8576],[-155.6653,-79.8168],[-155.6135,-79.8028],[-155.577,-79.8004],[-153.9182,-80.006],[-153.8946,-80.0209],[-153.9426,-80.0388],[-154.1142,-80.037]]],[[[-155.7193,-79.7691],[-155.5817,-79.7829],[-155.6541,-79.8039],[-155.7931,-79.8201],[-155.8279,-79.8155],[-155.8554,-79.7975],[-155.8236,-79.7783],[-155.7905,-79.7701],[-155.7193,-79.7691]]],[[[-163.0997,-79.7453],[-162.7342,-79.7939],[-162.6874,-79.8149],[-162.732,-79.8351],[-162.7827,-79.8417],[-163.349,-79.7978],[-163.4001,-79.7829],[-163.3092,-79.779],[-163.248,-79.7683],[-163.1516,-79.7678],[-163.0657,-79.782],[-163.0381,-79.7771],[-163.0488,-79.7683],[-163.1468,-79.7482],[-163.1629,-79.7399],[-163.0997,-79.7453]]],[[[-149.0187,-77.4801],[-149.2077,-77.4567],[-149.1747,-77.4483],[-149.2089,-77.4399],[-149.0559,-77.4216],[-148.832,-77.4483],[-148.97,-77.4789],[-149.0187,-77.4801]]],[[[-148.9189,-77.3849],[-148.9589,-77.3974],[-149.3917,-77.3823],[-149.5799,-77.3399],[-149.6698,-77.3044],[-149.6401,-77.2949],[-149.528,-77.3071],[-149.5972,-77.2829],[-149.4926,-77.2734],[-149.3364,-77.2835],[-149.2362,-77.3051],[-149.2252,-77.3155],[-149.228,-77.3307],[-149.2148,-77.3395],[-148.9299,-77.3751],[-148.9189,-77.3849]]],[[[-150.4838,-77.3432],[-150.4514,-77.3479],[-150.35,-77.3455],[-150.3898,-77.3694],[-150.4985,-77.3756],[-151.4952,-77.2937],[-151.5123,-77.2853],[-151.5115,-77.2708],[-151.4799,-77.2581],[-151.1308,-77.2174],[-150.9852,-77.2223],[-150.5451,-77.3149],[-150.4838,-77.3432]]],[[[-153.0472,-77.24],[-153.0584,-77.2534],[-153.1088,-77.2649],[-153.4163,-77.2316],[-153.4676,-77.2111],[-153.4366,-77.2028],[-153.1163,-77.2061],[-153.0751,-77.2166],[-153.0549,-77.2268],[-153.0472,-77.24]]],[[[-147.2496,-77.1886],[-147.1877,-77.2102],[-147.3273,-77.2324],[-147.3077,-77.2447],[-147.3441,-77.256],[-147.3834,-77.259],[-147.4608,-77.2498],[-147.4464,-77.2414],[-147.4848,-77.2319],[-147.4975,-77.2154],[-147.4935,-77.2136],[-147.5911,-77.1931],[-147.6016,-77.1843],[-147.5665,-77.1656],[-147.5152,-77.1613],[-147.2496,-77.1886]]],[[[-154.5619,-77.1135],[-154.553,-77.1005],[-154.5246,-77.0896],[-154.4335,-77.0725],[-154.284,-77.0641],[-154.1282,-77.0782],[-154.0551,-77.0973],[-154.0402,-77.1121],[-154.0358,-77.1301],[-154.0482,-77.1375],[-154.1871,-77.1544],[-154.5124,-77.1355],[-154.5499,-77.1235],[-154.5619,-77.1135]]],[[[166.9151,-76.9313],[166.9566,-76.9384],[166.9773,-76.9506],[166.9773,-76.9627],[166.8722,-76.9729],[166.8665,-76.9479],[166.8533,-76.9362],[166.8547,-76.9291],[166.874,-76.9264],[166.9151,-76.9313]]],[[[-148.5336,-76.9496],[-148.4352,-76.9737],[-148.4538,-76.9916],[-148.4812,-77.0012],[-148.9399,-77.028],[-149.239,-76.9964],[-149.2626,-76.9872],[-149.275,-76.9701],[-149.2676,-76.9508],[-149.2958,-76.9309],[-149.3048,-76.912],[-149.2159,-76.8976],[-148.5336,-76.9496]]],[[[-149.7287,-77.1295],[-149.8374,-77.1231],[-149.7954,-77.1044],[-149.872,-77.0984],[-150.4216,-77.0898],[-150.5826,-77.0374],[-150.7827,-77.0069],[-150.8011,-76.99],[-150.7963,-76.9787],[-150.7825,-76.9708],[-150.6462,-76.9425],[-150.419,-76.9221],[-150.444,-76.9001],[-150.4748,-76.8908],[-150.3948,-76.8775],[-150.3929,-76.9072],[-149.9626,-76.8707],[-149.84,-76.878],[-149.7733,-76.8943],[-149.7587,-76.9254],[-149.6947,-76.9362],[-149.4429,-77.025],[-149.4569,-77.0424],[-149.4249,-77.0623],[-149.4448,-77.0782],[-149.3315,-77.0851],[-149.274,-77.0973],[-149.2244,-77.1181],[-149.25,-77.132],[-149.3081,-77.1396],[-149.7287,-77.1295]]],[[[-146.1648,-76.9313],[-146.119,-76.9496],[-146.1582,-76.9587],[-146.2724,-76.9406],[-146.3329,-76.9133],[-146.3167,-76.905],[-146.3462,-76.8948],[-146.3862,-76.8909],[-146.4133,-76.9],[-146.4037,-76.9148],[-146.4173,-76.9245],[-146.4111,-76.9317],[-146.4792,-76.9499],[-146.9648,-77.0071],[-147.0315,-77.0053],[-147.0948,-76.9899],[-147.0514,-76.9793],[-147.0093,-76.9566],[-147.0438,-76.9215],[-147.1302,-76.8818],[-147.0901,-76.8552],[-147.1261,-76.8395],[-147.104,-76.8285],[-147.0721,-76.8239],[-146.2497,-76.881],[-146.2367,-76.8932],[-146.2025,-76.9015],[-146.1648,-76.9313]]],[[[-148.5295,-76.7966],[-148.7163,-76.8054],[-148.7772,-76.839],[-148.9271,-76.8498],[-149.1545,-76.8362],[-149.4907,-76.7669],[-149.4038,-76.7319],[-149.3098,-76.714],[-148.8006,-76.7367],[-148.7471,-76.716],[-148.4094,-76.7387],[-148.3089,-76.7656],[-148.3568,-76.7941],[-148.4138,-76.8019],[-148.5295,-76.7966]]],[[[-150.2326,-76.7775],[-150.6018,-76.7966],[-150.8155,-76.7698],[-150.8755,-76.7405],[-150.8512,-76.7189],[-150.8276,-76.7104],[-150.206,-76.6868],[-150.0918,-76.7088],[-150.1051,-76.7293],[-150.0781,-76.7385],[-150.113,-76.7566],[-150.1525,-76.767],[-150.2326,-76.7775]]],[[[-148.7175,-76.7072],[-148.9438,-76.6852],[-149.1485,-76.637],[-148.9969,-76.6075],[-148.8115,-76.6119],[-148.4679,-76.6772],[-148.5181,-76.696],[-148.5777,-76.7055],[-148.7175,-76.7072]]],[[[-147.7298,-76.6545],[-147.9923,-76.5991],[-147.9861,-76.5919],[-148.0062,-76.5737],[-147.9468,-76.5598],[-147.884,-76.5587],[-147.7316,-76.5844],[-147.6217,-76.621],[-147.5598,-76.6629],[-147.6363,-76.6666],[-147.7298,-76.6545]]],[[[-146.8103,-76.596],[-146.8198,-76.6022],[-146.7403,-76.6399],[-146.8011,-76.6501],[-147.0638,-76.6281],[-146.9349,-76.6554],[-147.0052,-76.6599],[-146.8397,-76.7011],[-146.8933,-76.7145],[-146.9513,-76.717],[-147.0647,-76.7052],[-147.2737,-76.6609],[-147.3126,-76.6321],[-147.3655,-76.6174],[-147.3198,-76.6003],[-147.3521,-76.5832],[-147.2601,-76.5724],[-147.2794,-76.5558],[-147.2613,-76.5412],[-147.3196,-76.5319],[-147.298,-76.5172],[-147.2406,-76.5055],[-147.16,-76.5047],[-147.0933,-76.5141],[-147.0799,-76.5186],[-147.0981,-76.5304],[-147.1192,-76.5322],[-147.066,-76.5522],[-146.9396,-76.5417],[-146.9198,-76.5458],[-146.9704,-76.5671],[-146.8158,-76.5807],[-146.7984,-76.5883],[-146.8103,-76.596]]],[[[-147.4605,-76.0978],[-147.4388,-76.0787],[-147.4076,-76.0685],[-147.3451,-76.0623],[-147.0714,-76.0759],[-146.9083,-76.107],[-146.8577,-76.1511],[-146.703,-76.2047],[-146.7011,-76.2195],[-146.6613,-76.2756],[-146.7093,-76.2927],[-146.7602,-76.298],[-146.8118,-76.2949],[-147.062,-76.2468],[-147.086,-76.2356],[-147.0321,-76.2268],[-147.0736,-76.2096],[-147.3819,-76.1606],[-147.4041,-76.1501],[-147.327,-76.1413],[-147.4381,-76.0978],[-147.4605,-76.0978]]],[[[162.9172,-75.5583],[162.9723,-75.5549],[162.9776,-75.565],[162.8986,-75.6198],[162.8872,-75.6301],[162.8782,-75.6544],[162.8472,-75.6672],[162.8135,-75.6933],[162.7422,-75.7018],[162.6351,-75.69],[162.6027,-75.6796],[162.5765,-75.6628],[162.7178,-75.6034],[162.7355,-75.5866],[162.7678,-75.5761],[162.9172,-75.5583]]],[[[-145.4404,-75.58],[-145.3486,-75.6163],[-145.2638,-75.6681],[-145.2008,-75.6858],[-145.219,-75.7045],[-145.2445,-75.7148],[-145.383,-75.718],[-146.0157,-75.6209],[-146.124,-75.589],[-146.1598,-75.5698],[-146.1112,-75.5427],[-145.9697,-75.5095],[-145.8708,-75.5046],[-145.7242,-75.5183],[-145.4404,-75.58]]],[[[162.488,-75.4572],[162.5315,-75.4265],[162.5708,-75.4229],[162.6012,-75.4368],[162.6178,-75.4592],[162.5723,-75.4811],[162.5337,-75.4841],[162.5046,-75.4741],[162.488,-75.4572]]],[[[-132.5712,-74.3884],[-132.4966,-74.385],[-132.4217,-74.3985],[-132.3423,-74.4045],[-132.3773,-74.4218],[-132.3637,-74.4283],[-132.3758,-74.4382],[-132.4378,-74.4575],[-132.4772,-74.4865],[-132.5318,-74.499],[-132.5898,-74.5011],[-132.8575,-74.471],[-132.8835,-74.4599],[-132.8478,-74.4469],[-132.8985,-74.4264],[-132.837,-74.4264],[-132.8052,-74.4127],[-132.746,-74.4155],[-132.5712,-74.3884]]],[[[-130.9205,-74.4443],[-130.9523,-74.4589],[-130.9567,-74.5138],[-130.978,-74.5237],[-130.9727,-74.5325],[-131.0386,-74.5691],[-131.0809,-74.5822],[-131.0882,-74.5991],[-131.2059,-74.6071],[-131.7287,-74.5373],[-131.8461,-74.5543],[-131.9081,-74.5175],[-132.0283,-74.5047],[-132.0828,-74.4911],[-132.0121,-74.4654],[-132.0287,-74.4679],[-132.107,-74.4363],[-132.1813,-74.4238],[-132.0168,-74.3815],[-131.9817,-74.3596],[-131.8063,-74.322],[-131.6837,-74.3205],[-131.6323,-74.3338],[-131.5641,-74.3312],[-131.6124,-74.3489],[-131.5884,-74.365],[-131.5532,-74.3751],[-131.1276,-74.4279],[-130.9838,-74.4108],[-130.9595,-74.4166],[-130.9452,-74.4387],[-130.9205,-74.4443]]],[[[-117.1685,-74.3564],[-117.2821,-74.3774],[-117.3387,-74.3775],[-117.3956,-74.3661],[-117.3612,-74.3288],[-117.3115,-74.3093],[-117.0251,-74.2809],[-116.9681,-74.2919],[-117.0661,-74.3303],[-117.1685,-74.3564]]],[[[-132.1219,-74.1496],[-132.144,-74.1676],[-132.1747,-74.1731],[-132.2744,-74.1576],[-132.2952,-74.1479],[-132.3005,-74.1349],[-132.2287,-74.1259],[-132.1849,-74.1293],[-132.1219,-74.1496]]],[[[-116.1407,-73.9025],[-116.1981,-73.9384],[-116.3349,-73.9736],[-116.4903,-74.0338],[-116.6496,-74.0656],[-116.4857,-74.0815],[-116.5221,-74.1054],[-116.5994,-74.1418],[-116.7851,-74.1742],[-117.1964,-74.2003],[-117.3322,-74.1744],[-117.3734,-74.1579],[-117.4003,-74.1325],[-117.3927,-74.0963],[-117.3711,-74.0798],[-116.4034,-73.8673],[-116.3152,-73.8648],[-116.1407,-73.9025]]],[[[169.9617,-73.5144],[169.9435,-73.5319],[169.8584,-73.5631],[169.8665,-73.5654],[169.8693,-73.5893],[169.854,-73.6069],[169.6662,-73.631],[169.6494,-73.6291],[169.6465,-73.5969],[169.6228,-73.5828],[169.5068,-73.5675],[169.4588,-73.5549],[169.542,-73.497],[169.6775,-73.4218],[169.6371,-73.3954],[169.637,-73.3855],[169.6706,-73.3644],[169.6722,-73.3414],[169.7053,-73.3258],[169.7516,-73.3201],[169.7937,-73.3272],[169.8137,-73.3486],[169.8192,-73.4008],[169.8503,-73.4161],[169.8615,-73.4416],[169.9617,-73.5144]]],[[[68.7787,-72.1165],[68.84,-72.1554],[68.8542,-72.1702],[68.8626,-72.1935],[68.8523,-72.2126],[68.8091,-72.2398],[68.742,-72.2646],[68.4519,-72.3141],[68.4177,-72.3124],[68.3947,-72.2971],[68.45,-72.2497],[68.605,-72.1716],[68.6262,-72.1497],[68.6318,-72.122],[68.6475,-72.1093],[68.7258,-72.0886],[68.7518,-72.0904],[68.761,-72.1088],[68.7787,-72.1165]]],[[[69.9245,-71.9089],[69.8999,-71.9483],[69.8062,-72.0243],[69.7962,-72.0422],[69.8049,-72.0471],[69.7874,-72.0554],[69.7684,-72.0603],[69.7269,-72.0564],[69.7492,-72.0414],[69.703,-71.9881],[69.6828,-71.975],[69.722,-71.9521],[69.7279,-71.9439],[69.7248,-71.9319],[69.7538,-71.9161],[69.7741,-71.8966],[69.8172,-71.8893],[69.8621,-71.8902],[69.9245,-71.9089]]],[[[-3.2281,-71.0528],[-3.1791,-71.1101],[-2.9864,-71.1843],[-2.9446,-71.225],[-3.0366,-71.2374],[-3.1327,-71.2385],[-3.2245,-71.2289],[-3.3042,-71.2086],[-3.3377,-71.193],[-3.3983,-71.15],[-3.415,-71.13],[-3.3704,-71.0938],[-3.4093,-71.0665],[-3.368,-71.0529],[-3.2281,-71.0528]]],[[[-2.7177,-70.8201],[-2.6116,-70.8409],[-2.2985,-70.7927],[-2.1269,-70.8107],[-2.0807,-70.8256],[-2.1318,-70.8668],[-2.2159,-70.8963],[-2.2509,-70.9197],[-2.2906,-70.9684],[-2.298,-70.9885],[-2.2931,-71.0051],[-2.3039,-71.0164],[-2.5643,-71.1326],[-2.7345,-71.171],[-2.8,-71.1677],[-2.8177,-71.1562],[-2.8223,-71.1266],[-2.8436,-71.1121],[-2.8409,-71.08],[-2.8622,-71.0535],[-2.8436,-71.0556],[-2.7528,-71.0113],[-2.6673,-70.9937],[-2.985,-70.9358],[-2.9633,-70.9333],[-2.9484,-70.9194],[-2.9428,-70.8995],[-2.9486,-70.8791],[-2.9873,-70.8561],[-3.1877,-70.8246],[-3.4403,-70.7519],[-3.5856,-70.7384],[-3.571,-70.6928],[-3.5257,-70.6816],[-3.4107,-70.6925],[-3.1808,-70.6681],[-2.6181,-70.6977],[-2.5596,-70.7106],[-2.5046,-70.7315],[-2.5683,-70.7576],[-2.7344,-70.7924],[-2.7177,-70.8201]]],[[[1.9513,-70.6043],[1.9994,-70.5974],[2.0653,-70.601],[2.1228,-70.6176],[2.1452,-70.6501],[2.1156,-70.6756],[2.054,-70.6735],[1.9894,-70.6545],[1.9505,-70.629],[1.9513,-70.6043]]],[[[-5.9398,-70.4226],[-5.9784,-70.4651],[-5.966,-70.4985],[-5.8849,-70.5494],[-5.9217,-70.565],[-6.1193,-70.6129],[-6.1501,-70.6148],[-6.1744,-70.6061],[-6.1931,-70.5834],[-6.1791,-70.5715],[-6.4162,-70.4716],[-6.4538,-70.4444],[-6.3508,-70.4596],[-6.2959,-70.4602],[-6.0869,-70.4063],[-6.0123,-70.4036],[-5.9398,-70.4226]]],[[[3.2199,-70.3923],[3.2624,-70.4376],[3.2526,-70.4867],[3.2109,-70.5313],[3.1579,-70.5628],[3.0632,-70.5934],[2.9579,-70.6135],[2.7437,-70.6293],[2.6824,-70.623],[2.6316,-70.6027],[2.596,-70.5695],[2.5808,-70.5243],[2.6484,-70.4937],[3.0498,-70.3854],[3.1392,-70.374],[3.2199,-70.3923]]],[[[72.2004,-70.607],[72.2202,-70.6305],[72.1936,-70.6438],[72.1646,-70.6511],[72.0845,-70.654],[71.8269,-70.6249],[71.787,-70.6078],[71.6605,-70.5031],[71.6369,-70.4531],[71.6309,-70.3788],[71.6233,-70.3547],[71.6761,-70.3044],[71.7147,-70.2791],[71.7612,-70.2636],[71.8084,-70.2659],[71.8191,-70.2768],[71.8298,-70.3144],[71.8479,-70.329],[71.8475,-70.3617],[71.8621,-70.3894],[71.886,-70.4123],[71.9465,-70.4461],[72.0354,-70.4661],[72.0493,-70.4767],[72.073,-70.5227],[72.0881,-70.5331],[72.2009,-70.5412],[72.2112,-70.5495],[72.214,-70.5632],[72.197,-70.5979],[72.2004,-70.607]]],[[[4.0488,-70.303],[4.1327,-70.256],[4.2972,-70.2372],[4.4688,-70.2446],[4.5744,-70.2761],[4.6218,-70.3527],[4.6047,-70.4206],[4.5456,-70.4726],[4.4668,-70.5012],[4.3314,-70.5045],[4.2048,-70.4695],[4.1047,-70.4008],[4.0488,-70.303]]],[[[5.4656,-70.2553],[5.5601,-70.2293],[5.6546,-70.2257],[5.7448,-70.2488],[5.8259,-70.304],[5.7473,-70.3409],[5.6429,-70.3295],[5.5399,-70.2931],[5.4656,-70.2553]]],[[[161.8119,-70.2415],[161.8345,-70.2221],[161.8677,-70.2175],[161.9001,-70.2245],[161.9204,-70.2407],[161.888,-70.2573],[161.8557,-70.2612],[161.8288,-70.2551],[161.8119,-70.2415]]],[[[6.2727,-70.1227],[6.3433,-70.123],[6.4517,-70.137],[6.5365,-70.165],[6.5365,-70.2072],[6.5037,-70.2226],[6.4681,-70.2233],[6.4325,-70.2145],[6.3291,-70.1692],[6.2946,-70.1476],[6.2727,-70.1227]]],[[[10.988,-70.046],[11.0008,-70.0764],[10.9219,-70.0829],[10.812,-70.0759],[10.5762,-70.0315],[10.5398,-70.0115],[10.6346,-70.0046],[10.8942,-70.0178],[10.988,-70.046]]],[[[72.6399,-69.9957],[72.6613,-70.0065],[72.7181,-70.0007],[72.7302,-70.0048],[72.7311,-70.0226],[72.5607,-70.0903],[72.4593,-70.1087],[72.412,-70.0748],[72.4561,-70.0519],[72.4719,-70.0509],[72.4817,-70.0589],[72.5266,-70.0436],[72.598,-69.988],[72.6371,-69.9698],[72.6399,-69.9957]]],[[[16.2468,-69.706],[16.5521,-69.718],[16.6372,-69.7429],[16.5902,-69.7766],[16.3304,-69.8289],[16.2887,-69.8499],[16.2588,-69.8757],[16.2472,-69.8979],[16.2541,-69.9347],[16.2522,-69.9636],[16.1716,-70.0729],[16.1222,-70.0735],[15.8972,-69.9894],[15.6882,-69.964],[15.5891,-69.9321],[15.5549,-69.8727],[15.5857,-69.8371],[15.6307,-69.8051],[15.7219,-69.7639],[15.9722,-69.7179],[16.2468,-69.706]]],[[[47.8757,-67.5645],[47.9234,-67.5866],[47.7917,-67.6197],[47.5325,-67.6417],[47.4694,-67.6374],[47.4113,-67.6218],[47.4601,-67.559],[47.4849,-67.5407],[47.5174,-67.5271],[47.5588,-67.5209],[47.6097,-67.5242],[47.5931,-67.5408],[47.5576,-67.5564],[47.4929,-67.5727],[47.6975,-67.5934],[47.771,-67.5821],[47.8342,-67.5582],[47.8606,-67.5577],[47.8757,-67.5645]]],[[[120.6651,-66.8966],[120.6841,-66.9072],[120.7118,-66.9106],[120.8664,-66.8868],[120.532,-66.969],[120.4924,-66.9623],[120.48,-66.9501],[120.4785,-66.9352],[120.4914,-66.92],[120.5237,-66.8878],[120.5401,-66.8813],[120.6074,-66.8796],[120.6511,-66.8871],[120.6651,-66.8966]]],[[[121.1278,-66.7795],[121.1929,-66.7789],[121.1952,-66.7864],[121.1683,-66.8059],[121.1097,-66.8288],[121.0232,-66.8483],[120.9378,-66.857],[120.8831,-66.8464],[120.9451,-66.8307],[121.0481,-66.7888],[121.1278,-66.7795]]],[[[85.6593,-66.7437],[85.7699,-66.7597],[85.7961,-66.7696],[85.8369,-66.7937],[85.9412,-66.8899],[85.9274,-66.9107],[85.8762,-66.9365],[85.7874,-66.9689],[85.613,-66.9866],[85.5899,-66.9817],[85.6413,-66.9394],[85.6189,-66.9404],[85.3748,-66.8772],[85.3069,-66.8322],[85.2586,-66.7662],[85.2754,-66.7377],[85.3076,-66.7237],[85.3454,-66.7192],[85.4837,-66.721],[85.5659,-66.7364],[85.6593,-66.7437]]],[[[48.7737,-66.7205],[48.8089,-66.7673],[48.7634,-66.7833],[48.5947,-66.7775],[48.3999,-66.808],[48.3122,-66.8095],[48.2816,-66.7672],[48.2879,-66.7363],[48.305,-66.7216],[48.3753,-66.6992],[48.7254,-66.7031],[48.7737,-66.7205]]],[[[86.5486,-66.7031],[86.5808,-66.7179],[86.6758,-66.7197],[86.617,-66.746],[86.4972,-66.7848],[86.4032,-66.796],[86.3148,-66.7863],[86.2376,-66.7447],[86.2305,-66.7304],[86.2595,-66.7043],[86.3323,-66.6782],[86.5364,-66.6691],[86.5329,-66.6867],[86.5486,-66.7031]]],[[[85.2024,-66.568],[85.2337,-66.5811],[85.3425,-66.6047],[85.2865,-66.6376],[85.2012,-66.6467],[85.1144,-66.6353],[85.0549,-66.6062],[85.0791,-66.5773],[85.0921,-66.5449],[85.1107,-66.5207],[85.1521,-66.5164],[85.169,-66.5246],[85.2024,-66.568]]],[[[98.5886,-66.388],[98.5972,-66.3785],[98.6203,-66.3708],[98.66,-66.3635],[98.7117,-66.364],[98.8594,-66.3893],[98.9533,-66.4181],[98.9396,-66.4314],[98.8376,-66.4771],[98.7912,-66.4874],[98.7307,-66.4824],[98.6681,-66.4625],[98.6162,-66.4301],[98.5886,-66.388]]],[[[97.4055,-66.4035],[97.4243,-66.4231],[97.3937,-66.4303],[97.0676,-66.4047],[97.0105,-66.381],[97.0481,-66.3442],[97.1053,-66.3283],[97.1677,-66.3259],[97.2847,-66.3408],[97.3469,-66.3605],[97.4055,-66.4035]]],[[[162.6262,-66.4625],[162.568,-66.5261],[162.5464,-66.5346],[162.471,-66.5066],[162.3405,-66.4103],[162.2902,-66.3976],[162.3429,-66.3725],[162.3495,-66.3604],[162.3245,-66.3468],[162.3289,-66.3128],[162.3102,-66.2997],[162.2876,-66.294],[162.2979,-66.2548],[162.3147,-66.2514],[162.5563,-66.4366],[162.6262,-66.4625]]],[[[100.3065,-66.1301],[100.3171,-66.1572],[100.3106,-66.173],[100.2512,-66.1843],[100.2749,-66.1979],[100.3073,-66.199],[100.2537,-66.2228],[100.1829,-66.2327],[100.1165,-66.2299],[100.0807,-66.2211],[100.0648,-66.2043],[100.0801,-66.184],[100.2058,-66.1147],[100.2645,-66.1052],[100.2893,-66.1115],[100.3065,-66.1301]]],[[[96.9172,-66.0544],[96.9749,-66.0745],[97.0159,-66.1056],[97.0309,-66.1406],[97.0105,-66.1731],[96.9085,-66.2114],[96.4074,-66.2276],[96.356,-66.2216],[96.3386,-66.1972],[96.2966,-66.1835],[96.3465,-66.1188],[96.3758,-66.0914],[96.418,-66.0671],[96.4676,-66.0507],[96.5964,-66.0358],[96.6615,-66.0401],[96.7493,-66.0691],[96.7914,-66.0681],[96.8784,-66.0535],[96.9172,-66.0544]]],[[[100.7977,-65.7773],[100.9733,-65.7874],[101.0067,-65.7962],[101.0256,-65.8126],[101.0112,-65.8388],[100.9632,-65.8649],[100.9046,-65.8781],[100.7588,-65.8818],[100.6353,-65.8591],[100.5254,-65.8744],[100.4602,-65.8757],[100.4279,-65.8693],[100.3997,-65.8547],[100.5586,-65.7844],[100.6072,-65.7785],[100.7121,-65.7859],[100.7977,-65.7773]]],[[[92.4963,-65.7031],[92.6211,-65.726],[92.6716,-65.7492],[92.669,-65.7848],[92.5789,-65.8176],[92.4344,-65.8244],[92.2992,-65.8029],[92.2359,-65.7507],[92.2853,-65.7122],[92.3503,-65.6948],[92.4234,-65.6933],[92.4963,-65.7031]]],[[[103.2913,-65.392],[103.4085,-65.4236],[103.4191,-65.4347],[103.416,-65.4487],[103.3814,-65.4636],[103.3225,-65.4716],[103.2127,-65.4688],[103.1722,-65.4606],[103.1397,-65.4448],[103.1301,-65.4309],[103.1455,-65.3631],[103.1393,-65.3383],[103.104,-65.3046],[103.0379,-65.2804],[102.827,-65.2506],[102.7761,-65.2325],[102.7522,-65.1783],[102.7816,-65.1407],[102.8394,-65.1277],[102.9107,-65.1318],[103.0931,-65.1736],[103.1514,-65.1977],[103.1888,-65.2297],[103.1966,-65.2634],[103.1677,-65.3024],[103.1774,-65.3347],[103.1983,-65.3561],[103.2258,-65.3718],[103.2913,-65.392]]]]}}]}