{"type":"FeatureCollection","features":[{"type":"Feature","properties":{"code":"PH-SLU","name":"Sulu","name_ko":"술루","name_en":"Sulu","name_ja":"スールー","name_zh":"苏禄省","name_es":"Sulú","name_fr":"Sulu","name_de":"Sulu","name_ru":"Сулу","name_pt":"Sulu","name_vi":"Sulu"},"geometry":{"type":"MultiPolygon","coordinates":[[[[120.8607,5.5744],[120.8731,5.5724],[120.9046,5.538],[120.9092,5.5197],[120.8978,5.4985],[120.8799,5.4958],[120.8508,5.5054],[120.8237,5.5336],[120.8198,5.5433],[120.8244,5.5532],[120.8607,5.5744]]],[[[121.9024,6.0336],[121.9404,6.0461],[121.9432,6.0336],[121.8684,5.9997],[121.8577,6.0023],[121.8049,6.0372],[121.7766,6.0774],[121.7937,6.0746],[121.8709,6.0331],[121.9024,6.0336]]],[[[120.5881,6.3808],[120.6035,6.3578],[120.6043,6.3297],[120.5773,6.2515],[120.5598,6.2391],[120.5456,6.2385],[120.4946,6.2493],[120.4886,6.2602],[120.492,6.2674],[120.5221,6.2772],[120.5627,6.362],[120.5786,6.3791],[120.5881,6.3808]]],[[[121.2175,5.8207],[121.2346,5.8107],[121.2311,5.8009],[121.197,5.8009],[121.1621,5.7876],[121.1465,5.7895],[121.135,5.8071],[121.1423,5.8339],[121.1629,5.848],[121.1952,5.8405],[121.2175,5.8207]]],[[[121.3816,6.0057],[121.4212,5.9871],[121.4287,5.9698],[121.4194,5.948],[121.3918,5.9399],[121.3895,5.9099],[121.3406,5.9033],[121.2925,5.8588],[121.2814,5.859],[121.2617,5.872],[121.2534,5.8853],[121.2525,5.9163],[121.2278,5.9421],[121.1895,5.9403],[121.0811,5.8882],[121.0671,5.8942],[121.0498,5.9163],[121.0083,5.9238],[120.9639,5.8964],[120.9341,5.8857],[120.9177,5.894],[120.9154,5.9101],[120.8919,5.9201],[120.8763,5.9426],[120.8718,5.961],[120.8888,5.9989],[120.9055,6.015],[120.971,6.0501],[121.0017,6.0576],[121.0242,6.0886],[121.0422,6.0971],[121.1148,6.0951],[121.179,6.0636],[121.2023,6.0132],[121.2178,5.9989],[121.236,6.0036],[121.2713,6.0262],[121.3166,6.0061],[121.3816,6.0057]]],[[[120.8601,5.7038],[120.8792,5.6941],[120.8827,5.6853],[120.8389,5.6686],[120.7993,5.6676],[120.7966,5.6786],[120.8074,5.6957],[120.833,5.7068],[120.8601,5.7038]]],[[[120.9043,5.7591],[120.9162,5.7532],[120.9294,5.7332],[120.9243,5.7117],[120.9099,5.7],[120.8909,5.7098],[120.8923,5.7414],[120.9043,5.7591]]]]}},{"type":"Feature","properties":{"code":"PH-DAV","name":"Davao del Norte","name_ko":"북다바오","name_en":"Davao del Norte","name_ja":"北ダバオ","name_zh":"北达沃省","name_es":"Davao del Norte","name_fr":"Davao du Nord","name_de":"Davao del Norte","name_ru":"Северный Давао","name_pt":"Davao do Norte","name_vi":"Davao del Norte"},"geometry":{"type":"MultiPolygon","coordinates":[[[[125.7913,6.9482],[125.7937,6.9395],[125.7769,6.894],[125.7537,6.9175],[125.7454,6.937],[125.7383,6.9792],[125.7219,7.0156],[125.7176,7.0522],[125.6741,7.0702],[125.6727,7.0928],[125.6965,7.1269],[125.7022,7.1772],[125.7066,7.1918],[125.7158,7.196],[125.7819,7.1352],[125.7879,7.113],[125.7813,6.9848],[125.7913,6.9482]]],[[[125.8307,7.3543],[125.8069,7.3511],[125.6768,7.2646],[125.6636,7.2744],[125.622,7.2394],[125.5221,7.2361],[125.5009,7.2419],[125.5016,7.5916],[125.2889,7.5958],[125.3051,7.6551],[125.3037,7.6784],[125.348,7.6775],[125.4003,7.6666],[125.4217,7.6807],[125.4348,7.7081],[125.4441,7.7786],[125.4405,7.8053],[125.4233,7.8522],[125.4113,7.9151],[125.3743,7.9978],[125.6754,7.9967],[125.7027,7.7937],[125.7386,7.7465],[125.7594,7.7309],[125.7789,7.6981],[125.7779,7.6568],[125.8178,7.6823],[125.8458,7.7337],[125.9199,7.8262],[125.9439,7.7564],[125.9048,7.6875],[125.9256,7.6614],[125.9344,7.6269],[125.9238,7.5625],[125.9169,7.542],[125.8525,7.528],[125.8838,7.4853],[125.8339,7.4556],[125.8267,7.4322],[125.8411,7.4224],[125.8309,7.3884],[125.8307,7.3543]]]]}},{"type":"Feature","properties":{"code":"PH-ZSI","name":"Zamboanga Sibugay","name_ko":"삼보앙가시부가이","name_en":"Zamboanga Sibugay","name_ja":"サンボアンガ・シブガイ","name_zh":"三宝颜锡布格省","name_es":"Zamboanga Sibugay","name_fr":"Zamboanga Sibugay","name_de":"Zamboanga Sibugay","name_ru":"Замбоанга-Сибугей","name_pt":"Zamboanga Sibugay","name_vi":"Zamboanga Sibugay"},"geometry":{"type":"MultiPolygon","coordinates":[[[[122.9717,7.3836],[122.9445,7.3898],[122.9507,7.3557],[122.9435,7.3493],[122.9246,7.3489],[122.883,7.321],[122.855,7.3148],[122.8421,7.2943],[122.8167,7.2949],[122.8005,7.321],[122.7942,7.3839],[122.8037,7.4175],[122.8284,7.4308],[122.8672,7.396],[122.883,7.3973],[122.8943,7.4316],[122.905,7.4377],[122.9441,7.4162],[122.9717,7.3836]]],[[[123.0964,7.7143],[123.0503,7.6551],[123.0537,7.6225],[123.0332,7.6059],[123.0401,7.5816],[123.0122,7.5277],[123.0122,7.4826],[122.9956,7.4673],[122.9507,7.486],[122.9273,7.5382],[122.9172,7.5475],[122.9053,7.5434],[122.8817,7.5174],[122.8762,7.5071],[122.8765,7.476],[122.8626,7.4656],[122.822,7.4594],[122.8074,7.4656],[122.8135,7.4778],[122.8103,7.4861],[122.804,7.4902],[122.7869,7.486],[122.7971,7.5356],[122.8089,7.5375],[122.8284,7.5277],[122.8307,7.5498],[122.8074,7.5925],[122.7937,7.671],[122.8084,7.7043],[122.8147,7.7434],[122.8044,7.7586],[122.739,7.7541],[122.7043,7.7883],[122.6598,7.7883],[122.6187,7.7741],[122.5115,7.6957],[122.4338,7.5906],[122.4336,7.5786],[122.4517,7.5744],[122.4856,7.5785],[122.4788,7.5399],[122.4436,7.4997],[122.451,7.5407],[122.44,7.5419],[122.4059,7.4999],[122.3599,7.4728],[122.2607,7.471],[122.2931,7.5776],[122.3051,7.6],[122.3503,7.6461],[122.3716,7.715],[122.4377,7.7522],[122.5402,7.8585],[122.5728,7.8811],[122.7139,7.935],[122.792,7.9454],[122.9158,7.9184],[122.9139,7.8698],[122.9226,7.8314],[123.0547,7.8206],[123.0856,7.8076],[123.0964,7.7143]]]]}},{"type":"Feature","properties":{"code":"PH-PLW","name":"Palawan","name_ko":"팔라완","name_en":"Palawan","name_ja":"パラワン","name_zh":"巴拉望省","name_es":"Palawan","name_fr":"Palawan","name_de":"Palawan","name_ru":"Палаван","name_pt":"Palauã","name_vi":"Palawan"},"geometry":{"type":"MultiPolygon","coordinates":[[[[121.2525,9.6312],[121.2572,9.6245],[121.2346,9.5943],[121.2109,9.5759],[121.2236,9.6057],[121.2391,9.6143],[121.2586,9.6448],[121.2525,9.6312]]],[[[119.6321,11.0699],[119.6455,11.0441],[119.648,11.0153],[119.6291,11.0189],[119.6131,11.0085],[119.6086,11.0246],[119.5798,11.046],[119.5798,11.0978],[119.6204,11.0812],[119.6321,11.0699]]],[[[119.6131,11.2003],[119.6284,11.1902],[119.6323,11.1816],[119.6277,11.173],[119.5895,11.1418],[119.5701,11.1444],[119.5729,11.1791],[119.6131,11.2003]]],[[[118.5376,7.0063],[118.5205,7.0134],[118.5308,6.9789],[118.5187,6.9709],[118.5031,6.9714],[118.4452,6.9823],[118.4356,6.9892],[118.4273,7.0182],[118.4314,7.0271],[118.4563,7.041],[118.4748,7.037],[118.5103,7.0472],[118.5325,7.0351],[118.5444,7.0131],[118.5376,7.0063]]],[[[117.085,8.0578],[117.0803,8.0295],[117.0916,8.0115],[117.0715,7.9932],[117.0858,7.9211],[117.0776,7.8845],[117.0868,7.8721],[117.0557,7.8356],[117.0237,7.8218],[117.0342,7.8046],[117.0262,7.7984],[117.0099,7.8003],[116.9959,7.8076],[117.0016,7.8237],[116.9963,7.8393],[116.9759,7.8703],[116.9558,7.9211],[116.9617,8.062],[116.9727,8.0548],[116.9822,8.0273],[116.9968,8.0273],[117.0051,8.0548],[117.0132,8.062],[117.0759,8.0696],[117.085,8.0578]]],[[[117.0305,8.0683],[117.009,8.0972],[116.9959,8.103],[117.0271,8.1287],[117.0454,8.1358],[117.0579,8.1235],[117.0681,8.0862],[117.0398,8.0772],[117.0305,8.0683]]],[[[117.1677,8.1781],[117.1897,8.1767],[117.2048,8.1668],[117.2057,8.1555],[117.1848,8.1501],[117.1618,8.1567],[117.1524,8.1701],[117.1548,8.1804],[117.1677,8.1781]]],[[[117.3255,8.3227],[117.3553,8.3027],[117.3489,8.2447],[117.3595,8.2191],[117.3425,8.1972],[117.3319,8.1932],[117.3186,8.1992],[117.2897,8.1843],[117.2788,8.2071],[117.27,8.2675],[117.2796,8.3111],[117.2844,8.3227],[117.3015,8.318],[117.3186,8.3289],[117.3255,8.3227]]],[[[117.2428,8.3153],[117.2608,8.3211],[117.2639,8.301],[117.2146,8.2651],[117.1901,8.262],[117.1814,8.288],[117.2428,8.3432],[117.236,8.3227],[117.2428,8.3153]]],[[[119.9502,10.6037],[120,10.5805],[120.0112,10.5653],[119.9906,10.556],[119.9932,10.54],[119.9841,10.5313],[119.9683,10.5281],[119.9502,10.5355],[119.9427,10.515],[119.9087,10.556],[119.9203,10.4973],[119.9149,10.4809],[119.8853,10.48],[119.8771,10.4647],[119.8216,10.4486],[119.8065,10.4461],[119.7886,10.457],[119.7781,10.4936],[119.7783,10.5355],[119.7661,10.5307],[119.7526,10.5398],[119.7954,10.5734],[119.8379,10.6375],[119.8596,10.6433],[119.8909,10.6252],[119.9502,10.6037]]],[[[118.6388,9.5211],[118.5921,9.4462],[118.5573,9.4117],[118.5365,9.3643],[118.4979,9.3137],[118.4308,9.2732],[118.3538,9.1832],[118.2949,9.1793],[118.2502,9.1581],[118.1891,9.156],[118.1321,9.1267],[118.1267,9.0961],[118.113,9.0694],[118.113,9.049],[118.0955,9.046],[118.0804,8.9963],[118.0584,8.9521],[118.0137,8.8876],[117.9104,8.8297],[117.8401,8.7745],[117.7554,8.6902],[117.7113,8.6829],[117.6673,8.6647],[117.5889,8.671],[117.5656,8.6611],[117.5574,8.6384],[117.5581,8.5964],[117.5501,8.5756],[117.5231,8.5397],[117.5129,8.5068],[117.4935,8.4997],[117.4841,8.513],[117.4722,8.5138],[117.345,8.4713],[117.3186,8.4519],[117.3044,8.4245],[117.27,8.4143],[117.2638,8.3976],[117.2493,8.3835],[117.2223,8.3637],[117.198,8.3348],[117.1908,8.3383],[117.1904,8.3782],[117.2048,8.4186],[117.2223,8.4382],[117.2223,8.5002],[117.2341,8.5113],[117.2396,8.5358],[117.27,8.589],[117.2639,8.6101],[117.28,8.605],[117.2915,8.6408],[117.3272,8.6686],[117.3527,8.6989],[117.339,8.6989],[117.3596,8.7313],[117.376,8.7468],[117.4177,8.7591],[117.4356,8.7731],[117.5198,8.8997],[117.6227,8.9918],[117.6555,9.0579],[117.7123,9.0816],[117.7197,9.0658],[117.7295,9.0642],[117.7619,9.0779],[117.7913,9.1348],[117.784,9.1514],[117.8665,9.2036],[117.89,9.2506],[117.9045,9.2612],[117.9663,9.2573],[117.9895,9.2674],[117.9896,9.2462],[118.0032,9.2333],[118.0544,9.2914],[118.1336,9.3432],[118.1336,9.3847],[118.1929,9.4218],[118.2163,9.478],[118.2772,9.5197],[118.2977,9.5549],[118.3328,9.5864],[118.3442,9.6032],[118.3455,9.6362],[118.3601,9.6584],[118.3823,9.6578],[118.6388,9.5211]]],[[[118.9934,10.3003],[119.0248,10.3096],[119.0217,10.3252],[119.0339,10.3494],[119.0179,10.3574],[118.9844,10.3441],[118.9764,10.3574],[118.9797,10.3681],[119.002,10.3975],[119.0275,10.4072],[119.072,10.3915],[119.0843,10.4228],[119.1067,10.4256],[119.0845,10.4528],[119.0857,10.4666],[119.1204,10.4877],[119.1135,10.4666],[119.1272,10.3949],[119.1353,10.3881],[119.1528,10.3985],[119.1818,10.4256],[119.1956,10.4536],[119.22,10.4634],[119.23,10.4854],[119.2639,10.4941],[119.2781,10.5082],[119.2472,10.543],[119.2507,10.556],[119.2695,10.5485],[119.2908,10.5577],[119.3191,10.5901],[119.345,10.7236],[119.3421,10.7362],[119.3169,10.7727],[119.302,10.7729],[119.2917,10.7621],[119.2739,10.7717],[119.2661,10.8266],[119.2234,10.8508],[119.2576,10.8911],[119.2288,10.9162],[119.2371,10.9327],[119.2225,10.9417],[119.2319,10.9512],[119.2472,10.9498],[119.2507,10.9259],[119.2576,10.9259],[119.2644,10.9396],[119.2731,10.9275],[119.2917,10.9327],[119.2781,10.9128],[119.2917,10.885],[119.2713,10.885],[119.2781,10.8749],[119.2886,10.8715],[119.3128,10.8781],[119.3058,10.8571],[119.3333,10.8235],[119.3469,10.831],[119.3516,10.8107],[119.3864,10.7937],[119.405,10.7624],[119.4121,10.7614],[119.4187,10.7699],[119.4451,10.7275],[119.4675,10.7327],[119.4657,10.7502],[119.4397,10.796],[119.4568,10.831],[119.4182,10.8609],[119.3701,10.8677],[119.3552,10.8778],[119.3469,10.8986],[119.3606,10.9327],[119.3247,10.9335],[119.3191,10.943],[119.32,11.0009],[119.3259,11.0228],[119.3333,11.0228],[119.3406,11.0041],[119.3606,11.001],[119.3274,11.0644],[119.3259,11.0904],[119.335,11.1029],[119.3773,11.0562],[119.4061,11.0495],[119.4153,11.0562],[119.4187,11.0956],[119.4321,11.1222],[119.3988,11.1592],[119.388,11.1866],[119.4007,11.1854],[119.4133,11.1967],[119.429,11.2275],[119.4206,11.2976],[119.4255,11.3135],[119.4387,11.338],[119.4494,11.3306],[119.4738,11.3579],[119.4844,11.4105],[119.4911,11.4209],[119.502,11.4233],[119.513,11.3978],[119.523,11.3399],[119.5388,11.3237],[119.5524,11.3374],[119.5671,11.3014],[119.569,11.2617],[119.561,11.2203],[119.5457,11.1791],[119.5205,11.1384],[119.5164,11.1175],[119.5286,11.0941],[119.5618,11.059],[119.5724,11.0153],[119.5593,11.001],[119.5242,11.0173],[119.5176,11.0119],[119.5046,10.9709],[119.5114,10.9259],[119.5046,10.885],[119.5193,10.8377],[119.5316,10.8198],[119.5549,10.8187],[119.5934,10.8371],[119.6027,10.8244],[119.5934,10.7856],[119.6001,10.7174],[119.5908,10.6724],[119.6063,10.6658],[119.6536,10.6751],[119.6685,10.6522],[119.6506,10.6562],[119.6345,10.6522],[119.6426,10.6379],[119.6413,10.6249],[119.6551,10.6123],[119.6628,10.571],[119.6719,10.5526],[119.7141,10.5327],[119.7254,10.5186],[119.71,10.4945],[119.6685,10.4809],[119.648,10.4499],[119.5632,10.3735],[119.5008,10.371],[119.4631,10.3785],[119.4187,10.3546],[119.3783,10.3441],[119.356,10.3288],[119.286,10.2614],[119.2573,10.222],[119.2372,10.1793],[119.2207,10.0842],[119.1963,10.0563],[119.0834,10.1644],[119.0899,10.2037],[118.9934,10.3003]]],[[[119.8672,11.5156],[119.8762,11.4796],[119.8698,11.4406],[119.8535,11.4047],[119.8329,11.3784],[119.822,11.3874],[119.8206,11.3996],[119.8329,11.4262],[119.7954,11.433],[119.7821,11.4113],[119.7708,11.4063],[119.7551,11.4289],[119.7361,11.4374],[119.7302,11.4564],[119.7162,11.4604],[119.7287,11.478],[119.7708,11.4404],[119.781,11.4477],[119.7852,11.4945],[119.8125,11.4604],[119.8236,11.4726],[119.8329,11.4604],[119.8445,11.4907],[119.8415,11.5026],[119.826,11.5087],[119.8484,11.5207],[119.8672,11.5156]]],[[[120.0248,11.893],[120.0526,11.8712],[120.0833,11.8604],[120.0501,11.8543],[120.0518,11.831],[120.0391,11.8166],[120.0391,11.8104],[120.0526,11.8036],[120.0526,11.8104],[120.0622,11.8063],[120.0799,11.7893],[120.0526,11.7619],[120.0671,11.7418],[120.047,11.7089],[120.0142,11.6821],[119.9844,11.6801],[119.967,11.6644],[119.9546,11.6801],[119.9502,11.7094],[119.9564,11.7347],[119.9771,11.7142],[119.9844,11.7142],[119.9771,11.7414],[120.0012,11.7686],[120.0049,11.7825],[119.9981,11.7961],[119.9851,11.7897],[119.9771,11.7961],[119.9717,11.7748],[119.9592,11.7659],[119.9292,11.7756],[119.9119,11.8164],[119.9019,11.824],[119.9224,11.8377],[119.8745,11.893],[119.854,11.9544],[119.8916,11.9401],[119.8928,11.9626],[119.9048,11.9769],[119.9197,11.9815],[119.9292,11.9612],[119.9639,11.9401],[119.9593,11.93],[120.0314,11.9245],[120.0259,11.9155],[120.0031,11.9101],[120.0248,11.893]]],[[[120.3475,12.0295],[120.3529,12.0162],[120.3491,12.007],[120.3264,11.9953],[120.3128,11.992],[120.2922,12.0028],[120.2749,12.0034],[120.2376,11.9879],[120.2024,12.008],[120.1892,12.0028],[120.187,12.0183],[120.1421,12.0295],[120.1346,12.022],[120.1414,12.0097],[120.1346,11.9748],[120.1213,11.9794],[120.1141,11.9674],[120.1079,11.9674],[120.0935,11.9944],[120.0823,12.0015],[120.0391,11.9953],[120.0012,12.0112],[119.9841,12.0257],[119.9706,12.0548],[119.9424,12.0871],[119.9341,12.1348],[119.9124,12.1669],[119.9065,12.1949],[119.895,12.2077],[119.8731,12.1874],[119.8604,12.1592],[119.8477,12.1667],[119.8672,12.194],[119.8723,12.2517],[119.9224,12.2765],[119.8976,12.277],[119.8807,12.269],[119.8779,12.3081],[119.885,12.3227],[119.9087,12.3237],[119.9269,12.3165],[119.9359,12.2765],[120.0049,12.2629],[120.0799,12.2008],[120.1141,12.194],[120.0969,12.186],[120.0942,12.1667],[120.117,12.1664],[120.1961,12.112],[120.2044,12.1284],[120.224,12.1257],[120.2241,12.2192],[120.2297,12.2187],[120.2507,12.1855],[120.252,12.1425],[120.2583,12.1318],[120.2864,12.1354],[120.2922,12.1182],[120.2991,12.1257],[120.3421,12.0808],[120.3449,12.0533],[120.3196,12.0363],[120.3152,12.0232],[120.3196,12.0179],[120.3338,12.0295],[120.3401,12.022],[120.3475,12.0295]]],[[[121.0945,10.8958],[121.0945,10.8735],[121.0807,10.8417],[121.0872,10.8235],[121.0623,10.8176],[121.0347,10.8198],[121.0176,10.8341],[121.0252,10.8644],[121.0321,10.8705],[121.0858,10.9089],[121.0933,10.9104],[121.0945,10.8958]]],[[[120.2852,11.9302],[120.2634,11.9162],[120.2715,11.8991],[120.2642,11.8616],[120.2783,11.824],[120.2679,11.8162],[120.2033,11.9476],[120.2679,11.9681],[120.282,11.958],[120.2852,11.9302]]]]}},{"type":"Feature","properties":{"code":"PH-SUN","name":"Surigao del Norte","name_ko":"디나가트 제도","name_en":"Dinagat Islands","name_ja":"ディナガット諸島","name_zh":"迪纳加特群岛","name_es":"Islas Dinagat","name_fr":"des Îles Dinagat","name_de":"Dinagat Islands","name_ru":"Острова Динагат","name_pt":"Ilhas de Dinagat","name_vi":"Quần đảo Dinagat"},"geometry":{"type":"MultiPolygon","coordinates":[[[[125.9902,9.6857],[126.0015,9.6767],[125.9802,9.6175],[125.9841,9.5895],[125.9694,9.5691],[125.947,9.5662],[125.9529,9.582],[125.9251,9.5895],[125.9251,9.5964],[125.9387,9.5964],[125.9387,9.6038],[125.9181,9.6175],[125.9181,9.6101],[125.9155,9.619],[125.9387,9.6728],[125.9387,9.6994],[125.9289,9.7151],[125.9273,9.7387],[125.9348,9.7599],[125.9524,9.7683],[125.9597,9.7472],[125.9728,9.7546],[125.9754,9.6946],[125.9902,9.6857]]],[[[125.4653,9.4447],[125.4407,9.5159],[125.3975,9.6994],[125.4071,9.7337],[125.4595,9.8229],[125.5071,9.7799],[125.569,9.7567],[125.5892,9.7546],[125.5846,9.7308],[125.6104,9.6479],[125.6201,9.6298],[125.6436,9.6113],[125.6709,9.6001],[125.6929,9.6038],[125.6853,9.5895],[125.6985,9.59],[125.7127,9.5759],[125.7537,9.5759],[125.781,9.5486],[125.849,9.5372],[125.9011,9.4971],[125.9341,9.4923],[125.7292,9.3133],[125.7446,9.3594],[125.7261,9.3927],[125.6778,9.4371],[125.622,9.4558],[125.5496,9.4642],[125.4653,9.4447]]],[[[126.1659,9.8292],[126.1802,9.8015],[126.1782,9.7878],[126.1201,9.7589],[126.0417,9.7751],[126.0486,9.7546],[125.9939,9.8161],[125.9939,9.8366],[125.9727,9.8415],[125.966,9.8502],[125.9929,9.8502],[126.0144,9.8645],[125.9798,9.888],[125.9834,9.9018],[126.0447,9.9987],[126.0453,10.0351],[126.0715,10.0591],[126.0807,10.0557],[126.1267,9.956],[126.138,9.9019],[126.1331,9.8807],[126.1106,9.8571],[126.1428,9.85],[126.1659,9.8292]]],[[[125.7196,9.9117],[125.7217,9.8944],[125.7145,9.8808],[125.6995,9.8743],[125.6786,9.8776],[125.6636,9.8891],[125.6581,9.939],[125.6206,9.9552],[125.6104,9.9669],[125.6233,9.9669],[125.6113,9.9773],[125.6172,9.9936],[125.593,9.993],[125.5832,10.0097],[125.5852,10.0339],[125.5967,10.0557],[125.6084,10.0436],[125.6172,10.0591],[125.5967,10.0898],[125.5892,10.0898],[125.5845,10.0775],[125.5588,10.0836],[125.5354,10.0609],[125.521,10.0626],[125.5134,10.073],[125.5108,10.0985],[125.4953,10.1087],[125.4937,10.1445],[125.509,10.1513],[125.5176,10.1694],[125.5142,10.2071],[125.529,10.2098],[125.542,10.1997],[125.5303,10.2419],[125.542,10.2543],[125.5278,10.2686],[125.5322,10.2839],[125.5221,10.317],[125.5625,10.3308],[125.5562,10.3708],[125.5625,10.3785],[125.5804,10.3791],[125.5864,10.3674],[125.5944,10.3652],[125.6104,10.371],[125.6242,10.4437],[125.6377,10.4604],[125.6574,10.4564],[125.6848,10.3999],[125.6838,10.3644],[125.6614,10.2706],[125.6581,10.2617],[125.6387,10.2614],[125.6377,10.2481],[125.6681,10.2147],[125.6581,10.1997],[125.6649,10.1929],[125.6538,10.1866],[125.6565,10.1763],[125.6685,10.1693],[125.6853,10.1723],[125.6768,10.1277],[125.7048,10.0818],[125.7066,10.0693],[125.6965,10.0409],[125.682,10.0216],[125.6929,9.9744],[125.6815,9.9581],[125.7196,9.9117]]]]}},{"type":"Feature","properties":{"code":"PH-SUR","name":"Surigao del Sur","name_ko":"남수리가오","name_en":"Surigao del Sur","name_ja":"南スリガオ","name_zh":"南苏里高省","name_es":"Surigao del Sur","name_fr":"Surigao du Sud","name_de":"Surigao del Sur","name_ru":"Южный Суригао","name_pt":"Surigao do Sul","name_vi":"Surigao del Sur"},"geometry":{"type":"Polygon","coordinates":[[[125.9341,9.4923],[125.9524,9.453],[125.966,9.4803],[125.9728,9.4803],[125.9712,9.4541],[125.9597,9.4394],[125.9203,9.4269],[125.9119,9.4182],[125.911,9.4049],[125.9269,9.3889],[125.9558,9.3818],[125.9939,9.3978],[125.9966,9.3247],[126.0117,9.2939],[126.058,9.246],[126.0891,9.2409],[126.1434,9.2614],[126.1794,9.2972],[126.2,9.3084],[126.2199,9.3057],[126.2246,9.291],[126.1934,9.2164],[126.179,9.093],[126.1836,9.0815],[126.2171,9.0725],[126.2402,9.0285],[126.3128,8.9562],[126.3359,8.8845],[126.3324,8.8611],[126.3455,8.8533],[126.3169,8.788],[126.3001,8.7683],[126.2341,8.7336],[126.2341,8.7192],[126.2615,8.6989],[126.2546,8.6852],[126.2316,8.6922],[126.1978,8.6883],[126.1737,8.6691],[126.1384,8.654],[126.1189,8.6306],[126.1105,8.6071],[126.1304,8.5865],[126.1585,8.5276],[126.2288,8.5215],[126.2402,8.5276],[126.2142,8.5482],[126.2205,8.5555],[126.2575,8.5469],[126.2683,8.5555],[126.2915,8.5446],[126.3569,8.5344],[126.3701,8.5418],[126.3806,8.5176],[126.4053,8.4926],[126.398,8.4792],[126.4116,8.4661],[126.385,8.4674],[126.3744,8.4645],[126.3701,8.4556],[126.3669,8.4321],[126.3701,8.4276],[126.3838,8.432],[126.3877,8.4154],[126.3801,8.3956],[126.3569,8.3637],[126.3325,8.3471],[126.3569,8.3119],[126.3884,8.2929],[126.3776,8.2675],[126.3459,8.2314],[126.3386,8.2146],[126.3464,8.1955],[126.3616,8.1872],[126.4234,8.211],[126.4593,8.2402],[126.4631,8.2299],[126.4539,8.1293],[126.4662,8.0955],[126.4429,8.0814],[126.4315,8.0456],[126.4343,8.0059],[126.4531,7.9801],[126.3955,7.9333],[126.3835,7.8996],[126.3352,7.9193],[126.314,7.9402],[126.2994,7.9664],[126.278,8.0532],[126.2175,8.154],[126.205,8.2148],[126.2247,8.3179],[126.2228,8.3488],[126.2042,8.3587],[126.1004,8.3729],[126.069,8.3907],[126.0557,8.4357],[125.9982,8.5318],[125.9913,8.5689],[126.0315,8.6446],[126.0326,8.6676],[126.024,8.6884],[125.9523,8.7551],[125.9461,8.7654],[125.9515,8.8011],[125.9197,8.8235],[125.9056,8.8493],[125.8738,8.8791],[125.8492,8.951],[125.8399,8.9573],[125.8132,8.956],[125.8021,8.9667],[125.8089,9.001],[125.8025,9.111],[125.7893,9.1632],[125.767,9.2128],[125.7366,9.2506],[125.7295,9.2705],[125.7292,9.3133],[125.9341,9.4923]]]}},{"type":"Feature","properties":{"code":"PH-AGN","name":"Agusan del Norte","name_ko":"북아구산","name_en":"Agusan del Norte","name_ja":"北アグサン","name_zh":"北阿古桑省","name_es":"Agusan del Norte","name_fr":"Agusan du Nord","name_de":"Agusan del Norte","name_ru":"Северный Агусан","name_pt":"Agusan do Norte","name_vi":"Agusan del Norte"},"geometry":{"type":"MultiPolygon","coordinates":[[[[125.5166,9.0159],[125.5265,9.0262],[125.5407,9.0841],[125.542,9.1892],[125.5393,9.2067],[125.521,9.2395],[125.521,9.2748],[125.5029,9.3292],[125.4663,9.4084],[125.4653,9.4447],[125.5496,9.4642],[125.622,9.4558],[125.6918,9.4285],[125.731,9.3852],[125.7446,9.3593],[125.7292,9.3133],[125.7295,9.2705],[125.7366,9.2506],[125.767,9.2123],[125.7096,9.0148],[125.5166,9.0159]]],[[[125.2036,9.0819],[125.2185,9.0881],[125.2693,9.0156],[125.2887,9.0004],[125.4412,8.9804],[125.4619,8.8766],[125.5133,8.797],[125.6737,8.8009],[125.6917,8.7714],[125.7067,8.7274],[125.7034,8.7128],[125.6623,8.6873],[125.5347,8.6997],[125.4893,8.6761],[125.4545,8.6198],[125.4318,8.5969],[125.4051,8.5881],[125.3207,8.5898],[125.3169,8.6751],[125.2925,8.738],[125.291,8.7825],[125.3233,8.8856],[125.2336,8.9878],[125.2292,9.0094],[125.2077,9.0323],[125.2036,9.0819]]]]}},{"type":"Feature","properties":{"code":"PH-AGN","name":"Butuan","name_ko":"부투안","name_en":"Butuan","name_ja":"ブトゥアン","name_zh":"武端","name_es":"Butuán","name_fr":"Butuan","name_de":"Butuan","name_ru":"Бутуан","name_pt":"Butuan","name_vi":"Butuan"},"geometry":{"type":"Polygon","coordinates":[[[125.4412,8.9804],[125.4622,8.9852],[125.5166,9.0159],[125.7096,9.0148],[125.6621,8.8766],[125.6737,8.8009],[125.5133,8.797],[125.4619,8.8766],[125.4412,8.9804]]]}},{"type":"Feature","properties":{"code":"PH-MSR","name":"Misamis Oriental","name_ko":"동미사미스","name_en":"Misamis Oriental","name_ja":"東ミサミス","name_zh":"东米萨米斯省","name_es":"Misamis Oriental","name_fr":"Misamis oriental","name_de":"Misamis Oriental","name_ru":"Восточный Мисамис","name_pt":"Misamis Oriental","name_vi":"Misamis Oriental"},"geometry":{"type":"MultiPolygon","coordinates":[[[[124.7532,8.5617],[124.7736,8.5964],[124.7715,8.6159],[124.7463,8.671],[124.7512,8.6928],[124.7879,8.7336],[124.78,8.7529],[124.7879,8.819],[124.7879,8.9043],[124.7808,8.9491],[124.7817,8.9711],[124.7991,9],[124.8208,9.0146],[124.8436,9.0037],[124.8767,9.0074],[124.9153,8.9941],[124.9473,8.9625],[125.0264,8.9185],[125.0574,8.8823],[125.0728,8.8728],[125.093,8.8398],[125.106,8.8298],[125.1157,8.8306],[125.1764,8.8606],[125.1873,8.8759],[125.1953,8.9609],[125.1777,9.0074],[125.1941,9.0724],[125.2036,9.0819],[125.2077,9.0323],[125.2292,9.0094],[125.2336,8.9878],[125.3233,8.8856],[125.291,8.7825],[125.2925,8.738],[125.3169,8.6751],[125.3207,8.5898],[124.9025,8.5927],[124.8618,8.5685],[124.8331,8.5343],[124.8256,8.5156],[124.7532,8.5617]]],[[[124.2617,8.3242],[124.2739,8.35],[124.2739,8.3693],[124.2962,8.4047],[124.3059,8.4737],[124.3218,8.5146],[124.3711,8.5814],[124.4058,8.6079],[124.4446,8.6238],[124.47,8.6248],[124.4802,8.5828],[124.5259,8.5711],[124.5715,8.5281],[124.5101,8.4774],[124.5405,8.4691],[124.5378,8.4386],[124.5018,8.4165],[124.4366,8.3495],[124.4075,8.3699],[124.3771,8.3756],[124.3523,8.3705],[124.2745,8.325],[124.2617,8.3242]]]]}},{"type":"Feature","properties":{"code":"PH-MSR","name":"Cagayan de Oro","name_ko":"카가얀 데 오로","name_en":"Cagayan de Oro","name_ja":"カガヤン・デ・オロ","name_zh":"卡加延德奥罗","name_es":"Cagayán de Oro","name_fr":"Cagayán de Oro","name_de":"Cagayan de Oro","name_ru":"Кагаян-де-Оро","name_pt":"Cagayan de Oro","name_vi":"Cagayan de Oro"},"geometry":{"type":"Polygon","coordinates":[[[124.5715,8.5281],[124.5999,8.5162],[124.6575,8.5146],[124.6365,8.4543],[124.6365,8.432],[124.6433,8.432],[124.6506,8.4582],[124.6631,8.4758],[124.683,8.4818],[124.7122,8.473],[124.7327,8.4934],[124.7532,8.5002],[124.7463,8.5207],[124.7532,8.5617],[124.8256,8.5156],[124.8287,8.4324],[124.8213,8.4123],[124.7852,8.403],[124.6198,8.4136],[124.5904,8.2809],[124.5725,8.2372],[124.5473,8.2443],[124.5216,8.2901],[124.4366,8.3495],[124.5018,8.4165],[124.5378,8.4386],[124.5405,8.4691],[124.5101,8.4774],[124.5715,8.5281]]]}},{"type":"Feature","properties":{"code":"PH-LAN","name":"Iligan","name_ko":"일리간","name_en":"Iligan","name_ja":"イリガン","name_zh":"伊利甘","name_es":"Iligan","name_fr":"Iligan","name_de":"Iligan City","name_ru":"Илиган","name_pt":"Iligan","name_vi":"Iligan"},"geometry":{"type":"Polygon","coordinates":[[[124.2323,8.2129],[124.2747,8.2811],[124.2604,8.3119],[124.2617,8.3242],[124.2745,8.325],[124.3523,8.3705],[124.3771,8.3756],[124.4075,8.3699],[124.5216,8.2901],[124.5473,8.2443],[124.5725,8.2372],[124.5676,8.2222],[124.5742,8.1855],[124.5598,8.1189],[124.5721,8.0885],[124.6159,8.0368],[124.6297,8.0075],[124.5877,8.0281],[124.4774,8.1282],[124.3965,8.1694],[124.3759,8.1867],[124.3651,8.2205],[124.3581,8.2251],[124.3104,8.2238],[124.2637,8.1978],[124.2323,8.2129]]]}},{"type":"Feature","properties":{"code":"PH-LAN","name":"Lanao del Norte","name_ko":"북라나오","name_en":"Lanao del Norte","name_ja":"北ラナオ","name_zh":"北拉瑙省","name_es":"Lanao del Norte","name_fr":"Lanao du Nord","name_de":"Lanao del Norte","name_ru":"Северный Ланао","name_pt":"Lanao do Norte","name_vi":"Lanao del Norte"},"geometry":{"type":"Polygon","coordinates":[[[123.689,7.9683],[123.741,8.0004],[123.8737,8.1052],[123.9075,8.1132],[123.9689,8.1678],[124.0003,8.1813],[124.0363,8.1898],[124.1558,8.1903],[124.1985,8.1965],[124.2323,8.2129],[124.2637,8.1978],[124.2991,8.2156],[124.2907,8.184],[124.2978,8.1112],[124.2889,8.0833],[124.2581,8.0481],[124.2545,8.0342],[124.1998,8.0316],[124.1626,8.0168],[124.128,7.9325],[124.1079,7.9092],[124.0588,7.904],[124.0584,7.8448],[124.0488,7.8183],[124.006,7.7673],[123.9934,7.7019],[123.9553,7.7046],[123.8693,7.7397],[123.8618,7.7035],[123.7942,7.7105],[123.7778,7.7239],[123.7238,7.7956],[123.7039,7.8094],[123.658,7.8172],[123.6147,7.8335],[123.6276,7.8482],[123.6937,7.8908],[123.7042,7.9097],[123.689,7.9683]]]}},{"type":"Feature","properties":{"code":"PH-ZAS","name":"Zamboanga del Sur","name_ko":"남삼보앙가","name_en":"Zamboanga del Sur","name_ja":"南サンボアンガ","name_zh":"南三宝颜省","name_es":"Zamboanga del Sur","name_fr":"Zamboanga du Sud","name_de":"Zamboanga del Sur","name_ru":"Южная Замбоанга","name_pt":"Zamboanga do Sul","name_vi":"Zamboanga del Sur"},"geometry":{"type":"Polygon","coordinates":[[[123.6776,8.0106],[123.6707,7.9692],[123.6764,7.9634],[123.689,7.9683],[123.7018,7.9277],[123.7042,7.9097],[123.6937,7.8908],[123.6276,7.8482],[123.6147,7.8335],[123.5869,7.8393],[123.523,7.8355],[123.48,7.8227],[123.4447,7.8013],[123.4483,7.7664],[123.4978,7.7088],[123.4857,7.6636],[123.4447,7.6301],[123.4001,7.6195],[123.3923,7.5756],[123.3622,7.5891],[123.3535,7.5721],[123.3963,7.5168],[123.4026,7.4921],[123.4517,7.4525],[123.4587,7.4313],[123.4578,7.4086],[123.4413,7.3727],[123.431,7.3687],[123.3421,7.4205],[123.2864,7.4826],[123.2803,7.5202],[123.2644,7.5264],[123.2438,7.5241],[123.2258,7.5156],[123.2126,7.4893],[123.1836,7.4809],[123.1406,7.5131],[123.1221,7.5506],[123.1276,7.5726],[123.1773,7.5891],[123.1875,7.6059],[123.1868,7.6262],[123.1753,7.6433],[123.1404,7.6614],[123.1294,7.7331],[123.1179,7.7414],[123.0964,7.7143],[123.0856,7.8076],[123.0547,7.8206],[122.9226,7.8314],[122.9139,7.8698],[122.9158,7.9184],[122.9473,7.9162],[122.9847,7.9289],[123.0389,7.9861],[123.0653,8],[123.1257,8.0041],[123.1848,7.9878],[123.1717,8.042],[123.1716,8.2115],[123.1763,8.2261],[123.1889,8.2306],[123.5561,8.232],[123.5511,8.1296],[123.555,8.0706],[123.5719,8.0405],[123.6235,8.0297],[123.6414,8.0094],[123.6776,8.0106]]]}},{"type":"Feature","properties":{"code":"PH-MSC","name":"Misamis Occidental","name_ko":"서미사미스","name_en":"Misamis Occidental","name_ja":"西ミサミス","name_zh":"西米萨米斯省","name_es":"Misamis Occidental","name_fr":"Misamis occidental","name_de":"Misamis Occidental","name_ru":"Западный Мисамис","name_pt":"Misamis Ocidental","name_vi":"Misamis Occidental"},"geometry":{"type":"Polygon","coordinates":[[[123.549,8.6188],[123.5676,8.6101],[123.5813,8.5828],[123.591,8.5928],[123.595,8.6238],[123.6155,8.6511],[123.6033,8.6631],[123.6167,8.6707],[123.6331,8.6684],[123.6291,8.6511],[123.7225,8.6281],[123.7389,8.6027],[123.7588,8.6075],[123.7864,8.5377],[123.8284,8.4866],[123.8576,8.4094],[123.8661,8.3643],[123.8693,8.2433],[123.8848,8.1855],[123.883,8.1645],[123.7678,8.059],[123.7458,8.0484],[123.7024,8.0458],[123.6847,8.0368],[123.6776,8.0106],[123.6414,8.0094],[123.6235,8.0297],[123.5719,8.0405],[123.555,8.0706],[123.549,8.6188]]]}},{"type":"Feature","properties":{"code":"PH-ZAN","name":"Zamboanga del Norte","name_ko":"북삼보앙가","name_en":"Zamboanga del Norte","name_ja":"北サンボアンガ","name_zh":"北三宝颜省","name_es":"Zamboanga del Norte","name_fr":"Zamboanga du Nord","name_de":"Zamboanga del Norte","name_ru":"Северная Замбоанга","name_pt":"Zamboanga do Norte","name_vi":"Zamboanga del Norte"},"geometry":{"type":"Polygon","coordinates":[[[121.9043,7.1544],[121.9334,7.2179],[122.0054,7.28],[122.0389,7.2956],[122.051,7.3078],[122.0518,7.3249],[122.0326,7.3398],[122.0469,7.4103],[122.0469,7.4525],[122.065,7.4811],[122.0776,7.528],[122.1196,7.5565],[122.146,7.5888],[122.1135,7.6033],[122.1227,7.7004],[122.1175,7.7232],[122.0965,7.7447],[122.1289,7.815],[122.2145,7.9211],[122.2517,7.9801],[122.2922,8.0099],[122.438,8.0666],[122.4626,8.071],[122.4783,8.062],[122.4896,8.0751],[122.5051,8.0683],[122.6384,8.1085],[122.6497,8.116],[122.6792,8.1642],[122.6919,8.1317],[122.7109,8.1198],[122.7352,8.1155],[122.8552,8.1325],[122.8685,8.1418],[122.9139,8.1466],[122.9453,8.1619],[123.0026,8.2091],[123.0137,8.2324],[123.0007,8.2504],[122.9644,8.2744],[122.9582,8.3085],[122.9854,8.3259],[122.9964,8.3427],[122.9922,8.3972],[123.0217,8.4444],[123.031,8.4746],[123.0554,8.5049],[123.082,8.5192],[123.1605,8.5307],[123.1951,8.5422],[123.2113,8.5418],[123.2319,8.5207],[123.301,8.5242],[123.3182,8.5335],[123.3464,8.5698],[123.3716,8.6335],[123.3867,8.6374],[123.4107,8.6306],[123.4364,8.6495],[123.3919,8.7094],[123.3901,8.7194],[123.4248,8.727],[123.4778,8.6953],[123.5003,8.6931],[123.513,8.6989],[123.5142,8.6473],[123.5218,8.6225],[123.549,8.6188],[123.5561,8.232],[123.1889,8.2306],[123.1763,8.2261],[123.1716,8.2115],[123.1717,8.042],[123.1848,7.9878],[123.1257,8.0041],[123.096,8.0056],[123.0653,8],[123.0389,7.9861],[122.9847,7.9289],[122.9473,7.9162],[122.909,7.9189],[122.8334,7.9398],[122.7525,7.9437],[122.7139,7.935],[122.5728,7.8811],[122.5402,7.8585],[122.4377,7.7522],[122.3716,7.715],[122.3503,7.6461],[122.3051,7.6],[122.2931,7.5776],[122.2607,7.471],[122.1917,7.3638],[122.1864,7.3454],[122.1866,7.2843],[122.1758,7.2444],[122.1464,7.1823],[122.1227,7.1521],[122.1024,7.1398],[121.9043,7.1544]]]}},{"type":"Feature","properties":{"code":"PH-ZAN","name":"Zamboanga","name_ko":"삼보앙가반도 지방","name_en":"Zamboanga Peninsula","name_ja":"サンボアンガ半島地方","name_zh":"三宝颜半岛","name_es":"Península de Zamboanga","name_fr":"péninsule de Zamboanga","name_de":"Zamboanga Peninsula","name_ru":"Полуостров Замбоанга","name_pt":"Península de Zamboanga","name_vi":"Bán đảo Zamboanga"},"geometry":{"type":"Polygon","coordinates":[[[122.3599,7.4728],[122.348,7.4525],[122.3543,7.4304],[122.3791,7.3916],[122.3726,7.3727],[122.345,7.3318],[122.3335,7.3239],[122.3001,7.321],[122.2804,7.2945],[122.2659,7.2491],[122.2435,7.0993],[122.2024,7.0426],[122.1545,6.9281],[122.1187,6.8964],[122.0957,6.8974],[122.0379,6.9174],[121.9612,6.9582],[121.937,6.9789],[121.8989,7.0572],[121.8978,7.1403],[121.9043,7.1544],[122.1024,7.1398],[122.1227,7.1521],[122.1464,7.1823],[122.1758,7.2444],[122.1866,7.2843],[122.1864,7.3454],[122.1917,7.3638],[122.2607,7.471],[122.3599,7.4728]]]}},{"type":"Feature","properties":{"code":"PH-LAS","name":"Lanao del Sur","name_ko":"남라나오","name_en":"Lanao del Sur","name_ja":"南ラナオ","name_zh":"南拉瑙省","name_es":"Lanao del Sur","name_fr":"Lanao du Sud","name_de":"Lanao del Sur","name_ru":"Южный Ланао","name_pt":"Lanao do Sul","name_vi":"Lanao del Sur"},"geometry":{"type":"Polygon","coordinates":[[[124.1673,7.4318],[124.1424,7.4612],[124.0952,7.5612],[124.0652,7.6027],[123.9592,7.6739],[123.9109,7.6989],[123.9035,7.6915],[123.8618,7.7035],[123.8693,7.7397],[123.9553,7.7046],[123.9934,7.7019],[124.006,7.7673],[124.0488,7.8183],[124.0584,7.8448],[124.0588,7.904],[124.0971,7.906],[124.1195,7.9189],[124.1626,8.0168],[124.1998,8.0316],[124.2545,8.0342],[124.2581,8.0481],[124.2889,8.0833],[124.2978,8.1112],[124.2907,8.184],[124.2991,8.2156],[124.3104,8.2238],[124.3581,8.2251],[124.3651,8.2205],[124.3759,8.1867],[124.3965,8.1694],[124.4774,8.1282],[124.5877,8.0281],[124.6297,8.0075],[124.6661,7.9731],[124.6712,7.96],[124.6672,7.9377],[124.6539,7.9324],[124.6226,7.9342],[124.6045,7.9219],[124.6045,7.9102],[124.6231,7.8833],[124.6315,7.8461],[124.6609,7.8311],[124.7049,7.7764],[124.7376,7.7214],[124.7433,7.6936],[124.7656,7.6513],[124.8086,7.6111],[124.7267,7.6283],[124.6205,7.6211],[124.5918,7.6248],[124.5582,7.6509],[124.5418,7.6784],[124.5231,7.6908],[124.5066,7.6902],[124.3829,7.6205],[124.1673,7.4318]]]}},{"type":"Feature","properties":{"code":"PH-MAG","name":"Maguindanao","name_ko":"마긴다나오","name_en":"Maguindanao","name_ja":"マギンダナオ","name_zh":"马京达瑙省","name_es":"Maguindanao","name_fr":"Maguindanao","name_de":"Maguindanao","name_ru":"Магинданао","name_pt":"Maguindanao","name_vi":"Maguindanao"},"geometry":{"type":"Polygon","coordinates":[[[124.2192,7.321],[124.2258,7.3658],[124.2468,7.4041],[124.2323,7.4147],[124.1878,7.4103],[124.176,7.4157],[124.1673,7.4318],[124.3829,7.6205],[124.4646,7.6696],[124.4488,7.5395],[124.4561,7.5061],[124.4932,7.4499],[124.4927,7.4332],[124.3331,7.2009],[124.3257,7.175],[124.3482,7.1662],[124.3776,7.1719],[124.4353,7.2353],[124.4527,7.239],[124.4902,7.2279],[124.484,7.1887],[124.4472,7.0981],[124.485,7.0607],[124.534,7.0504],[124.5595,7.0338],[124.5615,6.9991],[124.5824,6.9823],[124.6274,6.9699],[124.667,6.9504],[124.6815,6.9509],[124.7209,6.996],[124.7096,7.0048],[124.7128,7.0198],[124.7076,7.0358],[124.6668,7.0787],[124.7224,7.1194],[124.6988,7.1468],[124.6929,7.164],[124.7223,7.201],[124.7802,7.1139],[124.7979,7.0745],[124.7827,7.0322],[124.7862,6.9808],[124.7945,6.9737],[124.833,6.9753],[124.8372,6.7676],[124.8965,6.7289],[124.8795,6.7035],[124.8765,6.6837],[124.9086,6.6394],[124.868,6.6363],[124.836,6.6418],[124.8077,6.6568],[124.7783,6.6822],[124.7201,6.7719],[124.6937,6.7781],[124.7111,6.8459],[124.6389,6.8436],[124.6428,6.8603],[124.5787,6.8404],[124.5667,6.8298],[124.577,6.793],[124.5582,6.7542],[124.5195,6.7337],[124.4724,6.7259],[124.2668,6.7269],[124.2478,6.7305],[124.2521,6.7484],[124.2457,6.7572],[124.2224,6.7618],[124.0372,6.7586],[124.0366,6.7997],[124.0171,6.8083],[123.9973,6.7861],[123.9749,6.8039],[123.9652,6.8323],[123.9729,6.8591],[123.9749,6.9653],[123.9885,7.0156],[124.0295,7.1151],[124.0511,7.1366],[124.0913,7.1528],[124.1294,7.1776],[124.1838,7.2264],[124.2294,7.1816],[124.281,7.1653],[124.3055,7.2223],[124.2511,7.3147],[124.2192,7.321]]]}},{"type":"Feature","properties":{"code":"PH-NCO","name":"Cotabato","name_ko":"코타바토","name_en":"Cotabato","name_ja":"コタバト","name_zh":"哥打巴托省","name_es":"Cotabato","name_fr":"Cotabato","name_de":"Cotabato","name_ru":"Котабато","name_pt":"Cotabato","name_vi":"Cotabato"},"geometry":{"type":"Polygon","coordinates":[[[124.1838,7.2264],[124.1946,7.2536],[124.2192,7.28],[124.2192,7.321],[124.2511,7.3147],[124.3055,7.2223],[124.281,7.1653],[124.2294,7.1816],[124.1838,7.2264]]]}},{"type":"Feature","properties":{"code":"PH-SUK","name":"Sultan Kudarat","name_ko":"술탄쿠다라트","name_en":"Sultan Kudarat","name_ja":"スルタン・クダラット","name_zh":"苏丹库达拉省","name_es":"Sultán Kudarat","name_fr":"Sultan Kudarat","name_de":"Sultan Kudarat","name_ru":"Султан-Кударат","name_pt":"Sultan Kudarat","name_vi":"Sultan Kudarat"},"geometry":{"type":"Polygon","coordinates":[[[124.3703,6.1327],[124.2288,6.197],[124.2017,6.2217],[124.1648,6.2943],[124.0979,6.3647],[124.072,6.4015],[124.0549,6.4377],[124.033,6.5424],[124.0558,6.5527],[124.0549,6.6466],[124.0339,6.7319],[124.0372,6.7586],[124.2224,6.7618],[124.2457,6.7572],[124.2521,6.7484],[124.2478,6.7305],[124.2668,6.7269],[124.4724,6.7259],[124.5195,6.7337],[124.5582,6.7542],[124.577,6.793],[124.5667,6.8298],[124.5787,6.8404],[124.6428,6.8603],[124.6389,6.8436],[124.7111,6.8459],[124.6937,6.7781],[124.7201,6.7719],[124.7783,6.6822],[124.8077,6.6568],[124.836,6.6418],[124.868,6.6363],[124.9086,6.6394],[124.8765,6.6837],[124.8795,6.7035],[124.8965,6.7289],[125.1497,6.7822],[125.1549,6.7351],[125.1922,6.6785],[125.1767,6.5633],[125.0103,6.5699],[124.9258,6.5618],[124.8557,6.5315],[124.8302,6.5368],[124.7767,6.6144],[124.7517,6.6367],[124.6881,6.5914],[124.673,6.5905],[124.634,6.6394],[124.6331,6.6101],[124.6064,6.5105],[124.6205,6.4847],[124.618,6.466],[124.6364,6.4433],[124.6285,6.3997],[124.6491,6.3312],[124.6417,6.2923],[124.2493,6.2925],[124.3097,6.2209],[124.3829,6.1622],[124.3703,6.1327]]]}},{"type":"Feature","properties":{"code":"PH-SAR","name":"Sarangani","name_ko":"사랑가니","name_en":"Sarangani","name_ja":"サランガニ","name_zh":"萨兰加尼省","name_es":"Sarangani","name_fr":"Sarangani","name_de":"Sarangani","name_ru":"Сарангани","name_pt":"Sarangani","name_vi":"Sarangani"},"geometry":{"type":"MultiPolygon","coordinates":[[[[125.1122,5.9534],[125.0887,5.8847],[125.0691,5.8617],[125.0022,5.872],[124.9636,5.8586],[124.9387,5.864],[124.8374,5.9123],[124.7679,5.9381],[124.7327,5.9374],[124.6433,5.9853],[124.6365,5.9784],[124.6058,5.9923],[124.5962,5.9989],[124.5859,6.0227],[124.5614,6.03],[124.4219,6.1103],[124.3703,6.1327],[124.3964,6.213],[124.4867,6.1769],[124.6319,6.0858],[124.7061,6.0562],[124.7894,6.0117],[124.8287,6.0054],[125.0482,6.0049],[125.0531,5.9581],[125.1122,5.9534]]],[[[125.3065,5.5836],[125.3001,5.6713],[125.2883,5.706],[125.2787,5.7165],[125.2378,5.728],[125.221,5.7664],[125.1914,5.7792],[125.1812,5.7983],[125.209,5.8769],[125.264,5.9499],[125.278,5.9792],[125.2767,6.036],[125.2603,6.0845],[125.2401,6.0942],[125.2342,6.1583],[125.2399,6.1876],[125.2684,6.2356],[125.2719,6.2661],[125.2478,6.282],[125.0754,6.3425],[125.0958,6.3901],[125.1408,6.4349],[125.1674,6.4197],[125.1677,6.3951],[125.2141,6.3668],[125.263,6.3243],[125.3815,6.3162],[125.3967,6.3059],[125.4261,6.3169],[125.4462,6.3137],[125.4646,6.2984],[125.5111,6.2169],[125.5029,6.1793],[125.5047,6.1365],[125.5297,6.0929],[125.5297,6.0782],[125.5226,6.0443],[125.5084,6.0296],[125.5084,6.011],[125.4782,5.9148],[125.4789,5.8355],[125.462,5.8301],[125.3766,5.6337],[125.3467,5.6052],[125.3065,5.5836]]]]}},{"type":"Feature","properties":{"code":"PH-SCO","name":"General Santos","name_ko":"제너럴 산토스","name_en":"General Santos","name_ja":"ヘネラル・サントス","name_zh":"三投斯将军市","name_es":"General Santos","name_fr":"General Santos","name_de":"General Santos","name_ru":"Генерал-Сантос","name_pt":"General Santos","name_vi":"General Santos"},"geometry":{"type":"Polygon","coordinates":[[[125.2401,6.0942],[125.1914,6.0951],[125.169,6.112],[125.1579,6.1088],[125.1577,6.0743],[125.1122,5.9534],[125.0531,5.9581],[125.036,6.0635],[125.036,6.1964],[125.1191,6.1908],[125.1025,6.2517],[125.1374,6.3207],[125.2478,6.282],[125.2719,6.2661],[125.2684,6.2356],[125.2399,6.1876],[125.2342,6.1583],[125.2401,6.0942]]]}},{"type":"Feature","properties":{"code":"PH-DAS","name":"Davao del Sur","name_ko":"남다바오","name_en":"Davao del Sur","name_ja":"南ダバオ","name_zh":"南达沃省","name_es":"Davao del Sur","name_fr":"Davao du Sud","name_de":"Davao del Sur","name_ru":"Южный Давао","name_pt":"Davao do Sul","name_vi":"Davao del Sur"},"geometry":{"type":"MultiPolygon","coordinates":[[[[125.5099,7.0156],[125.4875,6.9789],[125.4806,6.9132],[125.4247,6.8492],[125.4036,6.8118],[125.3804,6.7215],[125.3806,6.6572],[125.3975,6.5985],[125.4055,6.5889],[125.4219,6.5823],[125.4346,6.5882],[125.4321,6.6158],[125.4651,6.5947],[125.5345,6.5128],[125.5532,6.5248],[125.5736,6.5169],[125.5899,6.4992],[125.6014,6.4279],[125.6448,6.3441],[125.6458,6.2996],[125.7066,6.1497],[125.7106,6.111],[125.6924,6.061],[125.6992,6.0405],[125.6673,5.9501],[125.5946,5.8621],[125.499,5.7261],[125.4364,5.6177],[125.403,5.5809],[125.3875,5.5738],[125.3228,5.5755],[125.3065,5.5836],[125.3467,5.6052],[125.3766,5.6337],[125.462,5.8301],[125.4789,5.8355],[125.4782,5.9148],[125.5084,6.011],[125.5084,6.0296],[125.5252,6.0516],[125.5297,6.0929],[125.5047,6.1365],[125.5029,6.1793],[125.5111,6.2169],[125.4646,6.2984],[125.4369,6.3163],[125.4155,6.3151],[125.3967,6.3059],[125.3815,6.3162],[125.263,6.3243],[125.2141,6.3668],[125.1677,6.3951],[125.1674,6.4197],[125.1413,6.4307],[125.1398,6.4431],[125.1587,6.4646],[125.1652,6.4884],[125.1682,6.5408],[125.1936,6.6625],[125.184,6.6948],[125.1549,6.7351],[125.1497,6.7822],[125.1664,6.8446],[125.2685,6.9548],[125.2692,7.0028],[125.2789,7.0091],[125.3028,7.0174],[125.5099,7.0156]]],[[[125.4187,5.4255],[125.4246,5.4074],[125.4187,5.3685],[125.3638,5.3672],[125.3342,5.3877],[125.3582,5.4221],[125.3768,5.4312],[125.4187,5.4255]]]]}},{"type":"Feature","properties":{"code":"PH-DAV","name":"Davao","name_ko":"다바오 지방","name_en":"Davao","name_ja":"ダバオ地方","name_zh":"达沃区","name_es":"Davao","name_fr":"Davao","name_de":"Davao","name_ru":"Давао","name_pt":"de Dávao","name_vi":"Vùng Davao"},"geometry":{"type":"Polygon","coordinates":[[[125.6768,7.2646],[125.6569,7.237],[125.6581,7.1291],[125.639,7.0888],[125.6035,7.0546],[125.5099,7.0156],[125.3028,7.0174],[125.315,7.0282],[125.3062,7.0478],[125.2976,7.1223],[125.2477,7.1564],[125.2225,7.1833],[125.2499,7.2386],[125.2362,7.362],[125.2451,7.4297],[125.2767,7.5339],[125.266,7.5784],[125.2811,7.5828],[125.2889,7.5958],[125.5016,7.5916],[125.5009,7.2419],[125.5221,7.2361],[125.622,7.2394],[125.6636,7.2744],[125.6768,7.2646]]]}},{"type":"Feature","properties":{"code":"PH-COM","name":"Compostela Valley","name_ko":"콤포스텔라밸리","name_en":"Davao de Oro","name_ja":"ダバオ・デ・オロ","name_zh":"康波斯特拉谷省","name_es":"Davao de Oro","name_fr":"Davao de Oro","name_de":"Davao de Oro","name_ru":"Долина Компостела","name_pt":"Davao de Ouro","name_vi":"Davao de Oro"},"geometry":{"type":"Polygon","coordinates":[[[125.9543,7.0474],[125.9026,7.1011],[125.8909,7.1571],[125.8506,7.2539],[125.8532,7.336],[125.8454,7.3502],[125.8307,7.3543],[125.8309,7.3884],[125.8411,7.4224],[125.8267,7.4322],[125.8339,7.4556],[125.8838,7.4853],[125.8525,7.528],[125.9169,7.542],[125.9344,7.6269],[125.9256,7.6614],[125.9048,7.6875],[125.9439,7.7564],[125.9199,7.8262],[125.8458,7.7337],[125.8178,7.6823],[125.7779,7.6568],[125.7789,7.6981],[125.7594,7.7309],[125.7386,7.7465],[125.7027,7.7937],[125.6754,7.9967],[126.183,7.995],[126.1697,7.924],[126.1767,7.8487],[126.2412,7.5949],[126.2443,7.5575],[126.2186,7.4546],[126.2234,7.4274],[126.2859,7.3277],[126.2936,7.2989],[126.2771,7.2688],[126.2418,7.2402],[126.0761,7.1395],[126.0029,7.0768],[125.9543,7.0474]]]}},{"type":"Feature","properties":{"code":"PH-DAO","name":"Davao Oriental","name_ko":"동다바오","name_en":"Davao Oriental","name_ja":"東ダバオ","name_zh":"东达沃省","name_es":"Davao Oriental","name_fr":"Davao oriental","name_de":"Davao Oriental","name_ru":"Восточный Давао","name_pt":"Davao Oriental","name_vi":"Davao Oriental"},"geometry":{"type":"Polygon","coordinates":[[[126.3835,7.8996],[126.3914,7.8583],[126.4061,7.8332],[126.4549,7.7973],[126.4875,7.7467],[126.511,7.7327],[126.5623,7.7275],[126.5829,7.7194],[126.5718,7.675],[126.5692,7.6264],[126.5928,7.5539],[126.6087,7.4653],[126.5973,7.4451],[126.5664,7.426],[126.563,7.4103],[126.5897,7.3898],[126.582,7.3674],[126.5807,7.32],[126.5692,7.3011],[126.6177,7.2768],[126.5798,7.2011],[126.5557,7.1918],[126.5232,7.1188],[126.4911,7.0888],[126.4764,7.0662],[126.4662,7.0031],[126.4515,6.9835],[126.4175,6.98],[126.3495,7.0001],[126.324,6.9781],[126.3096,6.9489],[126.3018,6.8933],[126.3433,6.8492],[126.3493,6.8129],[126.347,6.7945],[126.3396,6.7865],[126.3088,6.798],[126.2913,6.8258],[126.2683,6.8902],[126.2427,6.9193],[126.2129,6.934],[126.1919,6.9251],[126.1926,6.8834],[126.1857,6.8834],[126.1721,6.9039],[126.168,6.8826],[126.2079,6.8059],[126.2546,6.7667],[126.2572,6.7448],[126.2288,6.6162],[126.2269,6.4689],[126.2102,6.3902],[126.2061,6.2993],[126.2002,6.2832],[126.1857,6.2869],[126.1755,6.3626],[126.1413,6.3862],[126.1379,6.4309],[126.1001,6.4937],[126.0951,6.5141],[126.0827,6.6397],[126.096,6.7472],[126.0853,6.7826],[126.0791,6.8425],[126.0221,6.8668],[125.9834,6.9209],[125.9768,6.9396],[125.9865,7.0063],[125.9748,7.0277],[125.9543,7.0474],[126.0029,7.0768],[126.0761,7.1395],[126.2418,7.2402],[126.2771,7.2688],[126.2936,7.2989],[126.2859,7.3277],[126.2234,7.4274],[126.2186,7.4546],[126.2443,7.5575],[126.2412,7.5949],[126.1767,7.8487],[126.1697,7.924],[126.183,7.995],[126.2912,7.9958],[126.314,7.9402],[126.3352,7.9193],[126.3835,7.8996]]]}},{"type":"Feature","properties":{"code":"PH-SLE","name":"Southern Leyte","name_ko":"남레이테","name_en":"Southern Leyte","name_ja":"南レイテ","name_zh":"南莱特省","name_es":"Leyte del Sur","name_fr":"Leyte du Sud","name_de":"Southern Leyte","name_ru":"Южный Лейте","name_pt":"Leyte do Sul","name_vi":"Nam Leyte"},"geometry":{"type":"MultiPolygon","coordinates":[[[[125.2951,9.9706],[125.3049,9.9328],[125.2852,9.9169],[125.2739,9.9191],[125.1987,10.0358],[125.1458,10.0707],[125.1258,10.1298],[125.1245,10.1518],[125.1375,10.1655],[125.1491,10.166],[125.1755,10.1455],[125.2293,10.1212],[125.2393,10.1039],[125.2534,10.0358],[125.2896,9.9917],[125.2951,9.9706]]],[[[125.1678,10.6221],[125.1746,10.6112],[125.1941,10.603],[125.1958,10.5826],[125.1852,10.5324],[125.1987,10.4843],[125.1987,10.4331],[125.2189,10.3984],[125.2322,10.3869],[125.2398,10.3983],[125.2466,10.3983],[125.2666,10.3684],[125.2759,10.3004],[125.2733,10.278],[125.26,10.2611],[125.2293,10.2543],[125.1594,10.2818],[125.1409,10.2788],[125.134,10.258],[125.1367,10.2286],[125.1511,10.1855],[125.117,10.1975],[125.0886,10.229],[125.0689,10.2672],[125.0617,10.2993],[125.0415,10.3286],[125.0418,10.3642],[125.0104,10.383],[124.991,10.3813],[124.9797,10.3642],[124.993,10.3349],[125.0002,10.1997],[125.0243,10.1361],[125.0422,10.049],[125.0418,10.029],[125.0317,10.0203],[125.0153,10.0261],[124.9622,10.0673],[124.9541,10.0861],[124.9177,10.0973],[124.8828,10.135],[124.8152,10.1394],[124.7804,10.1519],[124.766,10.1854],[124.8366,10.2275],[124.8622,10.2621],[124.9037,10.2757],[124.906,10.3016],[124.8839,10.4349],[124.8862,10.4522],[124.9104,10.4924],[124.9425,10.5158],[125.061,10.5319],[125.0805,10.5435],[125.1205,10.5985],[125.1678,10.6221]]]]}},{"type":"Feature","properties":{"code":"PH-LEY","name":"Leyte","name_ko":"레이테","name_en":"Leyte","name_ja":"レイテ","name_zh":"雷伊泰","name_es":"Leyte","name_fr":"Leyte","name_de":"Leyte","name_ru":"Лейте","name_pt":"Leyte","name_vi":"Leyte"},"geometry":{"type":"MultiPolygon","coordinates":[[[[124.3797,10.6913],[124.39,10.6413],[124.3784,10.6283],[124.3006,10.5901],[124.2844,10.6038],[124.3011,10.6312],[124.3137,10.6778],[124.3276,10.704],[124.341,10.7118],[124.3555,10.7106],[124.3797,10.6913]]],[[[124.4658,10.7136],[124.5039,10.6933],[124.5207,10.6658],[124.5088,10.6415],[124.4624,10.631],[124.4092,10.6483],[124.4085,10.6838],[124.4356,10.7136],[124.4658,10.7136]]],[[[124.5496,10.9833],[124.5469,10.9683],[124.5628,10.9315],[124.5392,10.8884],[124.5145,10.8737],[124.4692,10.9055],[124.447,10.9031],[124.4424,10.9312],[124.4369,10.9352],[124.4021,10.9298],[124.396,10.9341],[124.3968,10.9538],[124.418,11.001],[124.4154,11.02],[124.39,11.0495],[124.3884,11.0659],[124.418,11.1286],[124.4043,11.2108],[124.4043,11.3027],[124.3871,11.3007],[124.3547,11.3287],[124.3491,11.3474],[124.3703,11.3749],[124.3347,11.392],[124.3485,11.3991],[124.3114,11.4668],[124.2975,11.5268],[124.3006,11.5429],[124.3291,11.5571],[124.3401,11.551],[124.3659,11.5159],[124.4431,11.4469],[124.4802,11.3852],[124.4896,11.4467],[124.5033,11.4438],[124.5453,11.409],[124.5697,11.3468],[124.5942,11.3195],[124.6299,11.3044],[124.678,11.3027],[124.7134,11.3116],[124.7444,11.3286],[124.7941,11.3715],[124.8328,11.4245],[124.8457,11.433],[124.8869,11.42],[124.8937,11.433],[124.904,11.42],[124.9382,11.42],[124.9841,11.3813],[124.9756,11.3344],[124.9198,11.3243],[124.9327,11.2365],[124.9853,11.1921],[125.0387,11.1979],[125.0276,11.176],[125.0418,11.1354],[125.0398,11.1035],[125.0545,11.0106],[125.0531,10.9682],[125.0129,10.8447],[125.0061,10.7973],[125.0138,10.7546],[125.0272,10.7429],[125.1203,10.7031],[125.1305,10.6658],[125.1678,10.6221],[125.1205,10.5985],[125.0805,10.5435],[125.061,10.5319],[124.9425,10.5158],[124.9104,10.4924],[124.8862,10.4522],[124.8839,10.4349],[124.906,10.3016],[124.9037,10.2757],[124.8622,10.2621],[124.8366,10.2275],[124.766,10.1854],[124.7941,10.3027],[124.7922,10.3257],[124.771,10.3753],[124.7389,10.3955],[124.7368,10.4477],[124.7463,10.5014],[124.7673,10.5324],[124.7723,10.5974],[124.7981,10.6591],[124.8005,10.7245],[124.7736,10.831],[124.7327,10.8682],[124.718,10.9056],[124.6917,10.9396],[124.6502,10.9709],[124.6372,10.9942],[124.6223,11.002],[124.6701,11.0645],[124.6042,11.1568],[124.5588,11.1117],[124.498,11.1094],[124.4877,11.0659],[124.5496,10.9833]]]]}},{"type":"Feature","properties":{"code":"PH-EAS","name":"Eastern Samar","name_ko":"동사마르","name_en":"Eastern Samar","name_ja":"東サマル","name_zh":"东萨马省","name_es":"Sámar Oriental","name_fr":"Samar oriental","name_de":"Ost-Samar","name_ru":"Восточный Самар","name_pt":"Samar Oriental","name_vi":"Đông Samar"},"geometry":{"type":"MultiPolygon","coordinates":[[[[125.822,10.7347],[125.8318,10.7201],[125.8269,10.7089],[125.7984,10.6994],[125.7694,10.7004],[125.74,10.7244],[125.6841,10.7528],[125.679,10.7789],[125.6873,10.8052],[125.7092,10.8177],[125.7315,10.8081],[125.7442,10.7584],[125.7605,10.741],[125.8084,10.7404],[125.822,10.7347]]],[[[125.316,12.3021],[125.3148,12.2964],[125.3565,12.3175],[125.3496,12.2895],[125.3607,12.2851],[125.3906,12.3039],[125.3845,12.285],[125.3942,12.2805],[125.4321,12.2827],[125.486,12.2474],[125.5005,12.2486],[125.5278,12.211],[125.5383,12.1835],[125.5376,12.1724],[125.521,12.1803],[125.4793,12.1667],[125.5073,12.1462],[125.4671,12.1349],[125.4595,12.1257],[125.4574,12.1071],[125.4679,12.102],[125.5005,12.1046],[125.4937,12.091],[125.5252,12.057],[125.5244,12.0462],[125.4823,12.0085],[125.4458,11.9473],[125.4452,11.906],[125.4595,11.8712],[125.4595,11.8303],[125.4937,11.7902],[125.4837,11.7762],[125.4572,11.7857],[125.4473,11.7678],[125.4502,11.7504],[125.4816,11.7573],[125.5005,11.7011],[125.499,11.6758],[125.4768,11.6688],[125.4663,11.6527],[125.479,11.6475],[125.4663,11.6118],[125.4709,11.6026],[125.4905,11.5947],[125.4979,11.5483],[125.5309,11.4916],[125.531,11.4757],[125.521,11.4604],[125.5488,11.4604],[125.5586,11.4248],[125.6069,11.3989],[125.6377,11.3685],[125.635,11.3265],[125.6271,11.3135],[125.5662,11.2681],[125.555,11.248],[125.555,11.2119],[125.5718,11.1926],[125.5991,11.1891],[125.6309,11.2003],[125.6161,11.2189],[125.6157,11.2339],[125.6289,11.2363],[125.6936,11.1926],[125.7074,11.1774],[125.7127,11.1487],[125.729,11.1174],[125.7603,11.0846],[125.7796,11.0524],[125.7605,11.0228],[125.7196,11.0495],[125.7072,11.0886],[125.7061,11.1168],[125.6515,11.1494],[125.6001,11.1183],[125.5881,11.1223],[125.5755,11.1518],[125.5638,11.1568],[125.5383,11.1457],[125.5278,11.0904],[125.4824,11.1276],[125.4697,11.1286],[125.4402,11.0976],[125.4247,11.0904],[125.424,11.1065],[125.4165,11.1166],[125.4063,11.1171],[125.3975,11.1047],[125.3633,11.132],[125.3272,11.1375],[125.3171,11.1496],[125.2757,11.1356],[125.252,11.0947],[125.2414,11.0944],[125.2664,11.2006],[125.2858,11.2571],[125.3348,11.3439],[125.3469,11.3788],[125.3492,11.4145],[125.3385,11.4492],[125.2878,11.5335],[125.28,11.5599],[125.2535,11.9279],[125.2431,11.967],[125.2254,11.9998],[125.2037,12.0154],[125.1226,11.9979],[125.1064,12.0856],[125.1066,12.1296],[125.141,12.1918],[125.1618,12.3157],[125.1883,12.3664],[125.2088,12.3765],[125.2317,12.3641],[125.2561,12.3065],[125.273,12.284],[125.316,12.3021]]]]}},{"type":"Feature","properties":{"code":"PH-BIL","name":"Biliran","name_ko":"빌리란","name_en":"Biliran","name_ja":"ビリラン","name_zh":"比利兰","name_es":"Bilirán","name_fr":"Biliran","name_de":"Biliran","name_ru":"Билиран","name_pt":"Biliran","name_vi":"Biliran"},"geometry":{"type":"Polygon","coordinates":[[[124.5996,11.5634],[124.6214,11.5539],[124.625,11.5327],[124.6091,11.4866],[124.5925,11.4816],[124.4863,11.4882],[124.4797,11.4747],[124.4727,11.4739],[124.4133,11.5465],[124.3765,11.6459],[124.3491,11.6801],[124.3687,11.6789],[124.4309,11.6951],[124.4959,11.6948],[124.5232,11.6863],[124.556,11.6602],[124.5671,11.6252],[124.5996,11.5634]]]}},{"type":"Feature","properties":{"code":"PH-WSA","name":"Samar","name_ko":"사마르","name_en":"Samar","name_ja":"サマル","name_zh":"萨马","name_es":"Sámar","name_fr":"Samar","name_de":"Samar","name_ru":"Самар","name_pt":"Samar","name_vi":"Samar"},"geometry":{"type":"MultiPolygon","coordinates":[[[[124.8152,11.6323],[124.8286,11.6134],[124.8562,11.6049],[124.846,11.5488],[124.8316,11.5363],[124.8079,11.5634],[124.8088,11.5773],[124.802,11.5825],[124.7879,11.5702],[124.7736,11.6049],[124.7879,11.5981],[124.7761,11.6298],[124.7406,11.6506],[124.7224,11.6933],[124.7327,11.7216],[124.7894,11.6849],[124.7991,11.662],[124.8137,11.6553],[124.8152,11.6323]]],[[[125.2414,11.0944],[125.2189,11.1181],[125.1987,11.2275],[125.1724,11.2652],[125.1328,11.2821],[125.0418,11.2822],[125.001,11.2898],[124.9917,11.318],[125.0007,11.4137],[125.007,11.4262],[124.9797,11.4473],[124.938,11.4628],[124.9115,11.5019],[124.8965,11.4701],[124.8875,11.4655],[124.8561,11.473],[124.8283,11.5087],[124.8438,11.5158],[124.8699,11.5429],[124.9001,11.5488],[124.9037,11.5543],[124.8903,11.5702],[124.9487,11.5702],[124.9778,11.5928],[125.0002,11.6248],[124.9912,11.6703],[124.9968,11.6834],[125.0344,11.7279],[125.0554,11.7142],[125.0542,11.7382],[125.0437,11.7578],[125.0264,11.7709],[125.0036,11.7756],[124.9282,11.7414],[124.8924,11.7615],[124.8335,11.8454],[124.7941,11.8581],[124.7941,11.865],[124.8079,11.865],[124.7941,11.8712],[124.8079,11.8991],[124.8283,11.8854],[124.824,11.9058],[124.8098,11.9157],[124.7949,11.9164],[124.7786,11.8992],[124.7611,11.9013],[124.752,11.9103],[124.7673,11.9202],[124.7621,11.929],[124.7482,11.9326],[124.7395,11.9265],[124.7293,11.978],[124.6799,12.0297],[124.6004,12.0546],[124.5693,12.0508],[124.4932,12.0978],[124.4248,12.1728],[124.4309,12.1803],[124.4072,12.1938],[124.3908,12.2219],[124.3705,12.29],[124.428,12.2917],[124.4445,12.3001],[124.4702,12.3309],[124.4871,12.3305],[124.6792,12.2305],[124.6921,12.2296],[124.7546,12.2582],[124.8218,12.2262],[124.8456,12.2269],[124.9001,12.2575],[125.03,12.2552],[125.0479,12.2642],[125.0697,12.2875],[125.1333,12.2983],[125.1618,12.3157],[125.141,12.1918],[125.1066,12.1296],[125.1064,12.0856],[125.1226,11.9979],[125.2037,12.0154],[125.2254,11.9998],[125.2431,11.967],[125.2535,11.9279],[125.28,11.5599],[125.2878,11.5335],[125.3385,11.4492],[125.3492,11.4145],[125.3469,11.3788],[125.3348,11.3439],[125.2858,11.2571],[125.2664,11.2006],[125.2414,11.0944]]],[[[124.2062,12.0812],[124.228,12.0737],[124.2293,12.0636],[124.2093,12.0609],[124.1785,12.0396],[124.1502,12.0439],[124.1463,12.053],[124.1654,12.0754],[124.2062,12.0812]]]]}},{"type":"Feature","properties":{"code":"PH-AUR","name":"Aurora","name_ko":"아우로라","name_en":"Aurora","name_ja":"アウロラ","name_zh":"奥罗拉省","name_es":"Aurora","name_fr":"Aurora","name_de":"Aurora","name_ru":"Аурора","name_pt":"Aurora","name_vi":"Aurora"},"geometry":{"type":"Polygon","coordinates":[[[122.2446,16.5106],[122.2342,16.4951],[122.2319,16.4665],[122.2114,16.4494],[122.2043,16.4348],[122.2176,16.3948],[122.2251,16.4153],[122.2319,16.4153],[122.2249,16.3808],[122.1919,16.3174],[122.1971,16.2917],[122.2319,16.319],[122.2039,16.2638],[122.2039,16.2365],[122.1773,16.2303],[122.1494,16.1955],[122.077,16.1327],[122.0736,16.0999],[122.0593,16.0778],[122.0161,16.0515],[121.9979,16.0311],[121.9917,16.0385],[122.0217,16.0839],[122.0335,16.1171],[122.0811,16.1484],[122.1016,16.2078],[122.1326,16.2255],[122.1409,16.2441],[122.1353,16.2607],[122.1078,16.2638],[122.0874,16.2553],[122.0774,16.2413],[122.0669,16.1901],[122.0505,16.1809],[122.0122,16.1689],[121.9548,16.1391],[121.8682,16.1204],[121.8299,16.0904],[121.7777,16.0732],[121.7611,16.08],[121.7523,16.0769],[121.6844,16.0211],[121.6423,15.9696],[121.5933,15.9449],[121.5674,15.9157],[121.553,15.8529],[121.5549,15.8289],[121.5746,15.7744],[121.5852,15.7654],[121.6318,15.757],[121.6423,15.7369],[121.6366,15.7225],[121.5945,15.6748],[121.6292,15.6611],[121.5737,15.6273],[121.5615,15.5914],[121.4956,15.5325],[121.4876,15.5204],[121.4729,15.4377],[121.4263,15.3738],[121.3977,15.3827],[121.3899,15.3779],[121.3816,15.3527],[121.3792,15.3082],[121.3911,15.2663],[121.4137,15.2316],[121.4462,15.2079],[121.4199,15.2081],[121.4095,15.202],[121.399,15.1715],[121.3846,15.161],[121.3962,15.1607],[121.4032,15.1371],[121.3946,15.1028],[121.3559,15.0554],[121.3568,15.0287],[121.3301,15.0324],[121.2937,15.0741],[121.2933,15.0907],[121.3091,15.1336],[121.3026,15.1815],[121.3322,15.3279],[121.3658,15.4354],[121.3684,15.4707],[121.3611,15.5079],[121.2673,15.7776],[121.8083,16.2187],[121.8724,16.2819],[122.0375,16.5076],[122.2446,16.5106]]]}},{"type":"Feature","properties":{"code":"PH-QUE","name":"Quezon","name_ko":"케손","name_en":"Quezon","name_ja":"ケソン","name_zh":"奎松省","name_es":"Quezon","name_fr":"Quezon","name_de":"Quezon","name_ru":"Кесон","name_pt":"Quezon","name_vi":"Quezon"},"geometry":{"type":"MultiPolygon","coordinates":[[[[121.4462,15.2079],[121.4815,15.1825],[121.5081,15.0628],[121.5601,14.9897],[121.5818,14.9197],[121.615,14.8729],[121.5945,14.8592],[121.6499,14.7922],[121.7249,14.7308],[121.7261,14.7202],[121.6492,14.7105],[121.6139,14.6899],[121.6081,14.6743],[121.6082,14.6302],[121.6624,14.4174],[121.6824,14.3854],[121.7249,14.3459],[121.7347,14.3287],[121.7316,14.2804],[121.759,14.2466],[121.7521,14.2157],[121.7316,14.1951],[121.7316,14.1882],[121.78,14.1262],[121.8477,14.0784],[121.9363,13.9952],[122.0879,13.9378],[122.2319,13.9064],[122.2332,13.9331],[122.222,13.9521],[122.1834,13.989],[122.2024,13.9946],[122.2933,13.9701],[122.3001,13.9856],[122.2964,14.0028],[122.3137,14.0101],[122.3137,14.0163],[122.2908,14.0231],[122.252,14.0677],[122.2087,14.0876],[122.1862,14.1105],[122.1629,14.1678],[122.1732,14.1602],[122.1773,14.1467],[122.1834,14.1467],[122.1841,14.1699],[122.1956,14.1838],[122.2319,14.2019],[122.2444,14.196],[122.2517,14.2503],[122.2637,14.2474],[122.2666,14.2276],[122.2593,14.1882],[122.2669,14.1789],[122.2715,14.1367],[122.2844,14.1259],[122.2933,14.1404],[122.3001,14.092],[122.31,14.0963],[122.3095,14.0801],[122.3299,14.078],[122.3571,14.0877],[122.4357,14.1479],[122.4596,14.1538],[122.4798,14.1508],[122.8159,13.9937],[122.7547,13.9791],[122.6151,13.964],[122.558,13.9333],[122.5369,13.9611],[122.5159,13.9344],[122.4595,13.9379],[122.4349,13.946],[122.4163,13.9617],[122.4131,13.9481],[122.4207,13.9323],[122.4473,13.9139],[122.5096,13.82],[122.5027,13.7932],[122.5125,13.7358],[122.4906,13.7406],[122.4855,13.7216],[122.4976,13.652],[122.55,13.5952],[122.6218,13.5527],[122.636,13.5371],[122.6323,13.5207],[122.5671,13.5639],[122.5989,13.5083],[122.6428,13.4576],[122.6633,13.4205],[122.677,13.3419],[122.677,13.301],[122.6907,13.2696],[122.6922,13.2368],[122.6907,13.2287],[122.6672,13.2181],[122.6532,13.201],[122.5881,13.174],[122.5051,13.2392],[122.5193,13.3106],[122.5012,13.3681],[122.4026,13.4962],[122.3952,13.5229],[122.3695,13.5498],[122.3413,13.5611],[122.319,13.5922],[122.2586,13.592],[122.2593,13.606],[122.2075,13.6143],[122.194,13.6228],[122.1864,13.648],[122.1184,13.7521],[122.0931,13.7806],[122.0599,13.8046],[122.0537,13.7851],[122.0088,13.8109],[121.9894,13.81],[121.937,13.8518],[121.903,13.8605],[121.8709,13.8857],[121.8272,13.8997],[121.7863,13.9487],[121.7249,13.9691],[121.69,13.926],[121.6369,13.9096],[121.5819,13.9964],[121.4984,13.9572],[121.5493,13.8782],[121.5233,13.8619],[121.4944,13.8581],[121.4546,13.8192],[121.4389,13.8322],[121.3955,13.8422],[121.3198,13.8984],[121.2972,13.9331],[121.273,13.9483],[121.2645,13.9615],[121.3439,14.0009],[121.4165,14.051],[121.5037,14.0745],[121.5198,14.0911],[121.55,14.1564],[121.5945,14.2195],[121.6005,14.2498],[121.5903,14.3133],[121.5223,14.4717],[121.374,14.7034],[121.3546,14.7472],[121.3458,14.7928],[121.3369,14.9981],[121.3301,15.0324],[121.3568,15.0287],[121.3559,15.0554],[121.3946,15.1028],[121.4032,15.1371],[121.3962,15.1607],[121.3846,15.161],[121.399,15.1715],[121.4095,15.202],[121.4199,15.2081],[121.4462,15.2079]]],[[[122.1047,14.1026],[122.1727,14.0535],[122.1834,14.0306],[122.177,14.0071],[122.1584,14.0068],[122.1361,14.0192],[121.9652,14.143],[121.9299,14.1911],[121.9235,14.2087],[121.9266,14.2213],[121.9451,14.2326],[121.964,14.2261],[121.9758,14.2104],[122.1047,14.1026]]],[[[122.2354,14.7978],[122.2482,14.7882],[122.257,14.767],[122.2566,14.7459],[122.2422,14.7363],[122.1629,14.7978],[122.1213,14.8069],[122.1057,14.8439],[122.1221,14.8388],[122.1358,14.8524],[122.1384,14.8389],[122.146,14.8336],[122.2039,14.8388],[122.1926,14.8248],[122.1971,14.8039],[122.2063,14.7966],[122.2354,14.7978]]],[[[122.0054,15.0107],[122.0291,15.0092],[122.0482,14.9995],[122.0579,14.9833],[122.0531,14.9622],[122.0315,14.9877],[122.0204,14.9937],[122.0054,14.9902],[121.9927,14.9692],[121.9963,14.9635],[122.0054,14.9691],[122.0129,14.9329],[121.9681,14.9026],[121.978,14.8388],[121.9966,14.8414],[122.0088,14.8246],[122.0259,14.7363],[122.0237,14.7226],[122.0042,14.6737],[121.9849,14.6569],[121.9402,14.6401],[121.9167,14.6491],[121.9087,14.671],[121.916,14.7221],[121.9349,14.7258],[121.9338,14.765],[121.9194,14.8102],[121.8989,14.8319],[121.8836,14.8364],[121.8775,14.8944],[121.8477,14.9355],[121.8218,14.9403],[121.8184,14.946],[121.8264,15.0122],[121.8333,15.0353],[121.8442,15.0454],[121.8743,15.0278],[121.8937,15.0246],[121.9099,15.0502],[121.928,15.0522],[121.9694,15.0472],[121.9849,15.038],[121.9938,15.0429],[122.0051,15.0386],[122.0112,15.0272],[122.0054,15.0107]]],[[[122.4118,14.7258],[122.4185,14.72],[122.4196,14.7051],[122.3978,14.6859],[122.354,14.6795],[122.3193,14.6835],[122.3164,14.6989],[122.3416,14.7126],[122.397,14.7322],[122.4118,14.7258]]]]}},{"type":"Feature","properties":{"code":"PH-CAN","name":"Camarines Norte","name_ko":"북카마리네스","name_en":"Camarines Norte","name_ja":"北カマリネス","name_zh":"北甘马粦","name_es":"Camarines Norte","name_fr":"Camarines Norte","name_de":"Camarines Norte","name_ru":"Северный Камаринес","name_pt":"Camarines Norte","name_vi":"Camarines Norte"},"geometry":{"type":"Polygon","coordinates":[[[122.31,14.0963],[122.335,14.1132],[122.3457,14.1313],[122.348,14.1541],[122.3301,14.1806],[122.3313,14.2003],[122.344,14.2069],[122.348,14.1951],[122.3555,14.1951],[122.3557,14.2122],[122.348,14.2224],[122.367,14.2222],[122.3768,14.2285],[122.3662,14.2615],[122.3889,14.3049],[122.3945,14.2915],[122.4037,14.2954],[122.4163,14.3248],[122.4312,14.3181],[122.471,14.3459],[122.4832,14.3467],[122.5193,14.3248],[122.5051,14.3459],[122.5278,14.3487],[122.6012,14.3248],[122.5989,14.3112],[122.6047,14.3013],[122.6138,14.2997],[122.6223,14.3112],[122.6257,14.2965],[122.6346,14.286],[122.6443,14.2847],[122.6497,14.2975],[122.6907,14.2912],[122.6743,14.3161],[122.6714,14.3394],[122.6799,14.3505],[122.6975,14.3384],[122.7043,14.3459],[122.7217,14.3157],[122.7351,14.3135],[122.7527,14.3322],[122.7627,14.3214],[122.7844,14.317],[122.7869,14.3049],[122.8026,14.2872],[122.8533,14.2786],[122.8733,14.2652],[122.9036,14.2292],[122.9031,14.2112],[122.9308,14.2019],[122.9544,14.1678],[123.0122,14.1057],[123.0217,14.1114],[123.0422,14.098],[123.0469,14.0852],[123.0305,14.0434],[123.0332,14.0231],[123.0537,14.0026],[123.0816,13.989],[123.0877,13.8935],[123.0606,13.873],[123.0488,13.822],[122.9975,13.8953],[122.9237,13.9649],[122.8159,13.9937],[122.4798,14.1508],[122.4596,14.1538],[122.4357,14.1479],[122.3767,14.1003],[122.3299,14.078],[122.3095,14.0801],[122.31,14.0963]]]}},{"type":"Feature","properties":{"code":"PH-CAS","name":"Camarines Sur","name_ko":"남카마리네스","name_en":"Camarines Sur","name_ja":"南カマリネス","name_zh":"南甘马粦省","name_es":"Camarines Sur","name_fr":"Camarines Sur","name_de":"Camarines Sur","name_ru":"Южный Камаринес","name_pt":"Camarines Sul","name_vi":"Camarines Sur"},"geometry":{"type":"MultiPolygon","coordinates":[[[[123.0488,13.822],[123.0498,13.7758],[123.1082,13.7221],[123.1367,13.7328],[123.2147,13.7289],[123.2666,13.7494],[123.3018,13.7895],[123.315,13.8205],[123.2966,13.8698],[123.2809,13.8918],[123.2803,13.9064],[123.3255,13.94],[123.3355,13.9822],[123.3249,13.9715],[123.3125,13.9408],[123.2901,13.9346],[123.2346,13.9638],[123.223,13.9758],[123.2181,13.9927],[123.2542,14.0137],[123.2388,14.0231],[123.259,14.0312],[123.2617,14.0423],[123.2523,14.0681],[123.2615,14.0729],[123.3143,14.0511],[123.3008,14.0715],[123.3355,14.0715],[123.3272,14.096],[123.3318,14.0995],[123.3451,14.0937],[123.3533,14.0794],[123.3622,14.0436],[123.3454,14.0395],[123.3464,14.0163],[123.3523,14.0132],[123.3701,14.0299],[123.3901,14.0373],[123.3758,14.0101],[123.3901,14.0163],[123.3963,14.0101],[123.3923,13.9918],[123.4118,13.9643],[123.4038,13.9487],[123.4152,13.9294],[123.4173,13.9064],[123.4242,13.9064],[123.4437,13.9414],[123.4447,13.9617],[123.4778,13.9505],[123.4925,13.9207],[123.5388,13.925],[123.6128,13.8972],[123.6814,13.8847],[123.7117,13.9344],[123.7341,13.8971],[123.7653,13.8643],[123.804,13.8376],[123.8763,13.8073],[123.883,13.7978],[123.9314,13.7904],[123.9727,13.7293],[123.9655,13.7147],[123.9375,13.7426],[123.9314,13.7426],[123.9246,13.7289],[123.8926,13.7401],[123.8594,13.7426],[123.8184,13.6965],[123.7974,13.688],[123.7429,13.7104],[123.6667,13.7183],[123.648,13.7036],[123.5881,13.7289],[123.5705,13.723],[123.5601,13.7096],[123.5285,13.6268],[123.5266,13.606],[123.5389,13.601],[123.5332,13.5856],[123.5363,13.5633],[123.543,13.5602],[123.5608,13.5712],[123.5936,13.5295],[123.5663,13.5275],[123.5514,13.5198],[123.545,13.5054],[123.5499,13.4927],[123.5842,13.4676],[123.5924,13.4454],[123.5903,13.3982],[123.5787,13.3776],[123.5648,13.3662],[123.5529,13.3654],[123.4987,13.3804],[123.4825,13.3651],[123.447,13.3783],[123.2925,13.2447],[123.2473,13.2792],[123.2319,13.2976],[123.2181,13.331],[123.1909,13.359],[123.197,13.3865],[123.1878,13.4205],[123.1688,13.4492],[123.1179,13.4689],[123.0652,13.5018],[122.972,13.5275],[122.9478,13.55],[122.8591,13.6061],[122.8147,13.6538],[122.8626,13.6948],[122.7893,13.7685],[122.7527,13.7836],[122.7588,13.7904],[122.7715,13.791],[122.7669,13.7995],[122.739,13.8183],[122.6907,13.832],[122.6787,13.8208],[122.6532,13.8261],[122.6428,13.8388],[122.6566,13.8543],[122.653,13.8624],[122.6227,13.892],[122.5845,13.9064],[122.5721,13.935],[122.5603,13.9282],[122.558,13.9333],[122.6151,13.964],[122.7547,13.9791],[122.8159,13.9937],[122.9237,13.9649],[122.9975,13.8953],[123.0488,13.822]],[[123.2342,13.5686],[123.3683,13.6199],[123.2934,13.6633],[123.1396,13.6199],[123.2342,13.5686]]],[[[123.6638,13.9648],[123.6747,13.952],[123.6682,13.9394],[123.6201,13.9089],[123.6032,13.9166],[123.5953,13.9472],[123.6026,13.9598],[123.6192,13.9464],[123.6208,13.9561],[123.6359,13.9626],[123.6527,13.9531],[123.6445,13.9721],[123.6371,13.9751],[123.6423,13.9821],[123.6638,13.9648]]]]}},{"type":"Feature","properties":{"code":"PH-ALB","name":"Albay","name_ko":"알바이","name_en":"Albay","name_ja":"アルバイ","name_zh":"阿尔拜省","name_es":"Albay","name_fr":"Albay","name_de":"Albay","name_ru":"Албай","name_pt":"Albay","name_vi":"Albay"},"geometry":{"type":"MultiPolygon","coordinates":[[[[123.5936,13.5295],[123.6055,13.5167],[123.6672,13.4856],[123.7048,13.4272],[123.7254,13.4099],[123.7315,13.3625],[123.7434,13.3403],[123.7593,13.3239],[123.7946,13.3084],[123.8215,13.2429],[123.8255,13.2602],[123.8362,13.2561],[123.8556,13.2287],[123.7893,13.2324],[123.7676,13.2243],[123.7495,13.1547],[123.7702,13.1108],[123.7681,13.0985],[123.7458,13.0921],[123.75,13.0776],[123.7458,13.0642],[123.7754,13.0508],[123.7977,13.0552],[123.8181,13.071],[123.8709,13.1429],[123.883,13.1461],[123.8945,13.1435],[123.9053,13.1291],[123.9354,13.1185],[123.918,13.072],[123.908,13.0541],[123.7887,13.0308],[123.688,13.0461],[123.6569,13.0447],[123.5523,13.0177],[123.5199,13.0019],[123.4962,12.9744],[123.4681,12.996],[123.4413,13.0369],[123.385,13.0441],[123.3101,13.0124],[123.3008,13.0198],[123.2879,13.0543],[123.2844,13.0715],[123.294,13.0847],[123.279,13.1202],[123.3052,13.1986],[123.3008,13.2355],[123.2925,13.2447],[123.447,13.3783],[123.4825,13.3651],[123.4987,13.3804],[123.5529,13.3654],[123.5648,13.3662],[123.5787,13.3776],[123.5903,13.3982],[123.5924,13.4454],[123.5842,13.4676],[123.5499,13.4927],[123.545,13.5054],[123.5514,13.5198],[123.5663,13.5275],[123.5936,13.5295]]],[[[124.1486,13.1858],[124.0979,13.1925],[124.069,13.2038],[124.0656,13.2108],[124.1388,13.2342],[124.1979,13.213],[124.2096,13.1958],[124.2092,13.1782],[124.1968,13.1733],[124.1486,13.1858]]],[[[124.0863,13.2604],[124.0676,13.2514],[124.0462,13.2264],[124.0254,13.222],[123.9393,13.2445],[123.9139,13.2713],[123.9124,13.2886],[123.9626,13.2873],[123.9868,13.276],[124.0169,13.2803],[124.0326,13.2668],[124.0396,13.2785],[124.0477,13.279],[124.0845,13.2674],[124.0863,13.2604]]],[[[123.8903,13.2741],[123.9036,13.2465],[123.9019,13.2383],[123.8735,13.2296],[123.846,13.2703],[123.8511,13.3176],[123.8368,13.3447],[123.8489,13.3542],[123.9221,13.33],[123.9221,13.32],[123.8953,13.2929],[123.8903,13.2741]]],[[[123.8015,13.366],[123.7752,13.3916],[123.7717,13.4035],[123.8456,13.3678],[123.8231,13.352],[123.8015,13.366]]]]}},{"type":"Feature","properties":{"code":"PH-SOR","name":"Sorsogon","name_ko":"소르소곤","name_en":"Sorsogon","name_ja":"ソルソゴン","name_zh":"索索贡省","name_es":"Sorsogón","name_fr":"Sorsogon","name_de":"Sorsogon","name_ru":"Сорсогон","name_pt":"Sorsogon","name_vi":"Sorsogon"},"geometry":{"type":"Polygon","coordinates":[[[123.9354,13.1185],[123.9375,13.1086],[123.9792,13.0983],[124.0081,13.08],[124.027,13.0543],[124.0816,13.0095],[124.0913,13.0187],[124.1162,13.0744],[124.1267,13.0787],[124.1846,13.0573],[124.1882,13.0395],[124.1858,13.0208],[124.1775,13.01],[124.1648,13.0163],[124.153,13.0013],[124.1162,12.9164],[124.1336,12.8785],[124.1428,12.8144],[124.1294,12.6772],[124.1231,12.6623],[124.0947,12.6435],[124.0884,12.6288],[124.0951,12.5937],[124.0816,12.5837],[124.0952,12.5571],[124.0549,12.5373],[124.0101,12.5373],[123.9832,12.5468],[123.96,12.5689],[123.9314,12.6117],[123.9334,12.6222],[123.9143,12.6191],[123.8992,12.6359],[123.8786,12.6452],[123.8425,12.7162],[123.8488,12.7762],[123.8421,12.8012],[123.7936,12.8314],[123.8387,12.8393],[123.863,12.8724],[123.9067,12.8416],[123.9404,12.8483],[123.9485,12.8755],[123.9588,12.88],[123.986,12.8724],[124.0025,12.8797],[124.0293,12.9118],[124.0339,12.9304],[124.0252,12.9553],[124.0049,12.9613],[123.9587,12.9543],[123.8934,12.9748],[123.8816,12.9665],[123.863,12.9133],[123.8394,12.8882],[123.7839,12.8649],[123.7632,12.8786],[123.7476,12.8575],[123.7254,12.8451],[123.7117,12.8724],[123.7313,12.8833],[123.7327,12.8899],[123.6901,12.8887],[123.698,12.8649],[123.6773,12.8842],[123.7033,12.9272],[123.6983,12.9309],[123.6685,12.9241],[123.6489,12.8863],[123.6157,12.8895],[123.5984,12.8966],[123.5591,12.9379],[123.513,12.9567],[123.4962,12.9744],[123.5199,13.0019],[123.5523,13.0177],[123.6569,13.0447],[123.688,13.0461],[123.7887,13.0308],[123.908,13.0541],[123.9354,13.1185]]]}},{"type":"Feature","properties":{"code":"PH-QUE","name":"Lucena","name_ko":"루세나","name_en":"Lucena","name_ja":"ルセナ","name_zh":"卢塞纳","name_es":"Lucena","name_fr":"Lucena","name_de":"Lucena","name_ru":"Лусена","name_pt":"Lucena","name_vi":"Lucena"},"geometry":{"type":"Polygon","coordinates":[[[121.6369,13.9096],[121.6218,13.8935],[121.5911,13.8968],[121.5493,13.8782],[121.4984,13.9572],[121.5819,13.9964],[121.6369,13.9096]]]}},{"type":"Feature","properties":{"code":"PH-BTG","name":"Batangas","name_ko":"바탕가스","name_en":"Batangas","name_ja":"バタンガス","name_zh":"八打雁省","name_es":"Batangas","name_fr":"Batangas","name_de":"Batangas","name_ru":"Батангас","name_pt":"Batangas","name_vi":"Batangas"},"geometry":{"type":"MultiPolygon","coordinates":[[[[121.4546,13.8192],[121.4334,13.7964],[121.4408,13.7264],[121.4363,13.701],[121.4641,13.6948],[121.43,13.6569],[121.3748,13.6675],[121.2981,13.6149],[121.2788,13.595],[121.2178,13.6232],[121.1867,13.6265],[121.1587,13.6395],[121.1101,13.633],[121.0804,13.6191],[121.0389,13.6328],[121.0339,13.6418],[121.0464,13.6638],[121.0535,13.7221],[121.0398,13.7587],[121.0038,13.7809],[120.981,13.7805],[120.9031,13.6929],[120.895,13.688],[120.8875,13.6935],[120.8807,13.7169],[120.8932,13.7273],[120.9058,13.7556],[120.926,13.7617],[120.929,13.7836],[120.9092,13.8046],[120.9154,13.8487],[120.9124,13.8818],[120.895,13.9064],[120.8767,13.9123],[120.7459,13.9338],[120.7236,13.9344],[120.7048,13.9274],[120.6974,13.9139],[120.7009,13.8961],[120.7229,13.8554],[120.7034,13.8517],[120.6623,13.8593],[120.6526,13.8455],[120.6697,13.7869],[120.6634,13.7754],[120.6281,13.8109],[120.6201,13.8466],[120.6184,13.9316],[120.6013,13.9691],[120.6169,13.9717],[120.6348,13.9916],[120.6199,14.0029],[120.6174,14.0179],[120.6195,14.1042],[120.6078,14.1249],[120.5803,14.133],[120.5803,14.1404],[120.5957,14.1479],[120.5974,14.1569],[120.5735,14.1745],[120.6013,14.1814],[120.6013,14.1882],[120.5873,14.2003],[120.5967,14.2188],[120.6114,14.2096],[120.651,14.216],[120.664,14.2122],[120.6867,14.1924],[120.6868,14.1696],[120.7054,14.1474],[120.7176,14.1396],[120.7535,14.1332],[120.7884,14.1104],[120.8154,14.1099],[120.8689,14.0761],[120.9341,14.0865],[120.9834,14.1049],[121.0239,14.1265],[121.033,14.144],[121.1297,14.1494],[121.181,14.1385],[121.2055,14.1116],[121.2237,14.0059],[121.2343,13.9953],[121.2637,13.9845],[121.2645,13.9615],[121.273,13.9483],[121.2972,13.9331],[121.3198,13.8984],[121.3955,13.8422],[121.4389,13.8322],[121.4546,13.8192]]],[[[121.0886,13.5303],[121.0721,13.5358],[121.0435,13.5612],[121.0435,13.5676],[121.0858,13.5706],[121.0942,13.5371],[121.0886,13.5303]]],[[[120.9098,13.6589],[120.936,13.6516],[120.9351,13.6382],[120.9102,13.6276],[120.8755,13.6348],[120.8408,13.6556],[120.8264,13.6883],[120.8458,13.6721],[120.8825,13.6595],[120.9098,13.6589]]]]}},{"type":"Feature","properties":{"code":"PH-CAV","name":"Cavite","name_ko":"카비테","name_en":"Cavite","name_ja":"カヴィテ","name_zh":"甲米地省","name_es":"Cavite","name_fr":"Cavite","name_de":"Cavite","name_ru":"Кавите","name_pt":"Cavite","name_vi":"Cavite"},"geometry":{"type":"Polygon","coordinates":[[[120.5967,14.2188],[120.6125,14.237],[120.6275,14.2696],[120.6834,14.2838],[120.7131,14.2985],[120.7356,14.3272],[120.7683,14.3422],[120.7896,14.3753],[120.8779,14.4589],[120.9261,14.4647],[120.9608,14.4952],[120.9729,14.4771],[120.9756,14.4489],[120.9884,14.4405],[121.0129,14.4011],[121.0173,14.3873],[121.0148,14.3282],[121.0246,14.323],[121.062,14.3273],[121.0747,14.3159],[121.0471,14.2582],[121.0576,14.2408],[121.0286,14.1724],[121.033,14.144],[121.0239,14.1265],[120.9834,14.1049],[120.8983,14.0788],[120.8606,14.0782],[120.8154,14.1099],[120.7884,14.1104],[120.7535,14.1332],[120.7176,14.1396],[120.6942,14.1583],[120.6868,14.1696],[120.6867,14.1924],[120.664,14.2122],[120.651,14.216],[120.6114,14.2096],[120.5967,14.2188]]]}},{"type":"Feature","properties":{"code":"PH-MNL","name":"Las Pinas","name_ko":"라스 피나스","name_en":"Las Pinas","name_ja":"ラス・ピニャス","name_zh":"拉斯皮纳斯","name_es":"Las Piñas","name_fr":"Las Piñas","name_de":"Las Piñas","name_ru":"Лас-Пи́ньяс","name_pt":"Las Piñas","name_vi":"Las Pinas"},"geometry":{"type":"Polygon","coordinates":[[[120.9608,14.4952],[120.9734,14.506],[120.9976,14.4852],[121.011,14.4584],[121.033,14.4386],[121.0142,14.3971],[120.9884,14.4405],[120.9756,14.4489],[120.9729,14.4771],[120.9608,14.4952]]]}},{"type":"Feature","properties":{"code":"PH-MNL","name":"Paranaque","name_ko":"파라냐케","name_en":"Parañaque","name_ja":"パラニャーケ","name_zh":"帕拉奈克","name_es":"Parañaque","name_fr":"Parañaque","name_de":"Parañaque","name_ru":"Параньяке","name_pt":"Parañaque","name_vi":"Paranaque"},"geometry":{"type":"Polygon","coordinates":[[[120.9734,14.506],[120.9844,14.534],[121.0058,14.5318],[121.0075,14.5098],[121.0571,14.502],[121.0559,14.4494],[121.033,14.4386],[121.0252,14.4429],[120.9976,14.4852],[120.9734,14.506]]]}},{"type":"Feature","properties":{"code":"PH-MNL","name":"Pasay","name_ko":"파사이","name_en":"Pasay","name_ja":"パサイ","name_zh":"帕塞","name_es":"Pásay","name_fr":"Pasay","name_de":"Pasay City","name_ru":"Сити-оф-Пасей","name_pt":"Pasay","name_vi":"Pasay"},"geometry":{"type":"Polygon","coordinates":[[[120.9844,14.534],[120.9802,14.5574],[121.0062,14.5577],[121.0446,14.5072],[121.0075,14.5098],[121.0058,14.5318],[120.9844,14.534]]]}},{"type":"Feature","properties":{"code":"PH-MNL","name":"Manila","name_ko":"마닐라 대도시","name_en":"Metro Manila","name_ja":"マニラ首都圏","name_zh":"马尼拉大都会","name_es":"Gran Manila","name_fr":"Grand Manille","name_de":"Metro Manila","name_ru":"Столичный регион","name_pt":"Grande Manila","name_vi":"Vùng đô thị Manila"},"geometry":{"type":"Polygon","coordinates":[[[120.9802,14.5574],[120.9588,14.5918],[120.9476,14.6279],[121.001,14.6274],[120.9993,14.6181],[121.0373,14.5888],[121.0062,14.5577],[120.9802,14.5574]]]}},{"type":"Feature","properties":{"code":"PH-MNL","name":"Navotas","name_ko":"나보타스","name_en":"Navotas","name_ja":"ナボタス","name_zh":"纳沃塔斯","name_es":"Navotas","name_fr":"Navotas","name_de":"Navotas","name_ru":"Навотас","name_pt":"Navotas","name_vi":"Navotas"},"geometry":{"type":"Polygon","coordinates":[[[120.9476,14.6279],[120.9431,14.6535],[120.9162,14.6944],[120.9216,14.7019],[120.934,14.6934],[120.9289,14.6879],[120.9449,14.6727],[120.9592,14.6434],[120.9769,14.6283],[120.9476,14.6279]]]}},{"type":"Feature","properties":{"code":"PH-BUL","name":"Bulacan","name_ko":"불라칸","name_en":"Bulacan","name_ja":"ブラカン","name_zh":"布拉干省","name_es":"Bulacán","name_fr":"Bulacan","name_de":"Bulacan","name_ru":"Булакан","name_pt":"Bulacan","name_vi":"Bulacan"},"geometry":{"type":"Polygon","coordinates":[[[120.9162,14.6944],[120.9024,14.7189],[120.8472,14.7437],[120.8406,14.7612],[120.7316,14.7667],[120.6638,14.779],[120.6782,14.7949],[120.7265,14.894],[120.756,14.9123],[120.8299,14.9367],[120.8594,14.9692],[120.8839,14.9847],[120.8858,14.9923],[120.8751,15.0027],[120.9051,15.0152],[120.9409,15.1102],[120.9388,15.1432],[120.9198,15.1665],[120.9377,15.2207],[121.0765,15.2567],[121.1177,15.2601],[121.1636,15.245],[121.2523,15.1825],[121.3026,15.1815],[121.3091,15.1336],[121.2933,15.0907],[121.2937,15.0741],[121.3301,15.0324],[121.3421,14.8893],[121.3081,14.8905],[121.2684,14.8486],[121.2428,14.8339],[121.2058,14.8264],[121.1543,14.7584],[121.1293,14.7612],[121.1232,14.7537],[121.1085,14.752],[121.0583,14.7667],[121.0404,14.7638],[121.0313,14.7488],[120.9982,14.7349],[120.9896,14.7157],[120.9672,14.7071],[120.9533,14.721],[120.9319,14.721],[120.9549,14.6792],[120.9216,14.7019],[120.9162,14.6944]]]}},{"type":"Feature","properties":{"code":"PH-PAM","name":"Pampanga","name_ko":"팜팡가","name_en":"Pampanga","name_ja":"パンパンガ","name_zh":"邦板牙","name_es":"Pampanga","name_fr":"La Pampangue","name_de":"Pampanga","name_ru":"Пампанга","name_pt":"Pampanga","name_vi":"Pampanga"},"geometry":{"type":"Polygon","coordinates":[[[120.6638,14.779],[120.6321,14.7955],[120.6213,14.8729],[120.6213,14.8319],[120.6076,14.8183],[120.6009,14.8256],[120.5939,14.8183],[120.6057,14.8848],[120.6013,14.9008],[120.5857,14.9028],[120.5773,14.8835],[120.5735,14.8388],[120.5527,14.8499],[120.5454,14.8271],[120.4832,14.8723],[120.4692,14.9267],[120.4276,14.9948],[120.4257,15.0443],[120.4159,15.0605],[120.3714,15.0955],[120.3625,15.1144],[120.3599,15.1312],[120.369,15.1558],[120.3806,15.169],[120.4028,15.1709],[120.4258,15.1853],[120.4654,15.2211],[120.578,15.2576],[120.6954,15.2629],[120.7479,15.2737],[120.7636,15.2594],[120.7763,15.2595],[120.7742,15.2394],[120.7904,15.2157],[120.8393,15.196],[120.8454,15.1665],[120.862,15.1651],[120.8814,15.1732],[120.8971,15.1866],[120.9063,15.2111],[120.9377,15.2207],[120.9198,15.1665],[120.9388,15.1432],[120.9409,15.1102],[120.9051,15.0152],[120.8751,15.0027],[120.8858,14.9923],[120.8839,14.9847],[120.8594,14.9692],[120.8299,14.9367],[120.756,14.9123],[120.7265,14.894],[120.6782,14.7949],[120.6638,14.779]],[[120.5926,15.1032],[120.637,15.1163],[120.637,15.1789],[120.5691,15.1763],[120.5117,15.145],[120.5534,15.1346],[120.5926,15.1032]]]}},{"type":"Feature","properties":{"code":"PH-BAN","name":"Bataan","name_ko":"바탄","name_en":"Bataan","name_ja":"バターン","name_zh":"巴丹省","name_es":"Bataán","name_fr":"Bataan","name_de":"Bataan","name_ru":"Батаан","name_pt":"Bataan","name_vi":"Bataan"},"geometry":{"type":"Polygon","coordinates":[[[120.5454,14.8271],[120.5393,14.7028],[120.5822,14.6483],[120.575,14.6216],[120.5939,14.5507],[120.5979,14.5056],[120.5884,14.467],[120.5646,14.4412],[120.5262,14.4346],[120.4915,14.4421],[120.4815,14.424],[120.4671,14.421],[120.4559,14.4388],[120.4021,14.4558],[120.382,14.4803],[120.3768,14.5082],[120.3816,14.5681],[120.3779,14.602],[120.3674,14.6208],[120.3264,14.6475],[120.3049,14.6406],[120.2854,14.6538],[120.2532,14.6986],[120.2424,14.7296],[120.2726,14.7471],[120.2439,14.767],[120.2717,14.8039],[120.2968,14.8024],[120.342,14.8421],[120.4224,14.864],[120.4419,14.886],[120.4601,14.9415],[120.4832,14.8723],[120.5454,14.8271]]]}},{"type":"Feature","properties":{"code":"PH-ZMB","name":"Olongapo","name_ko":"올롱가포","name_en":"Olongapo","name_ja":"オロンガポ","name_zh":"奥隆阿波","name_es":"Olóngapo","name_fr":"Olongapo","name_de":"Olongapo City","name_ru":"Олонгапо","name_pt":"Olongapo","name_vi":"Olongapo"},"geometry":{"type":"Polygon","coordinates":[[[120.2825,14.8061],[120.2922,14.8257],[120.2678,14.8295],[120.2598,14.8515],[120.2407,14.8524],[120.2093,14.88],[120.2793,14.9335],[120.3498,14.9127],[120.4549,14.9141],[120.4419,14.886],[120.4224,14.864],[120.342,14.8421],[120.2968,14.8024],[120.2825,14.8061]]]}},{"type":"Feature","properties":{"code":"PH-ZMB","name":"Zambales","name_ko":"잠발레스","name_en":"Zambales","name_ja":"サンバレス","name_zh":"三描礼士省","name_es":"Zambales","name_fr":"Zambales","name_de":"Zambales","name_ru":"Самбалес","name_pt":"Zambales","name_vi":"Zambales"},"geometry":{"type":"Polygon","coordinates":[[[120.2093,14.88],[120.1961,14.8666],[120.2014,14.8431],[120.1971,14.808],[120.1755,14.7574],[120.1278,14.767],[120.1157,14.7855],[120.0799,14.8039],[120.0934,14.8118],[120.1004,14.8257],[120.0799,14.8183],[120.0567,14.8933],[120.0498,14.9312],[120.0568,15.0222],[120.053,15.0624],[120.0181,15.2061],[120.0025,15.2197],[120.0051,15.2694],[119.9534,15.3564],[119.897,15.4106],[119.8882,15.429],[119.9087,15.4523],[119.9019,15.483],[119.9207,15.4715],[119.9409,15.4758],[119.9573,15.4914],[119.9639,15.5144],[119.9465,15.5376],[119.9373,15.5656],[119.9292,15.573],[119.9224,15.5587],[119.9043,15.5971],[119.9046,15.6213],[119.9224,15.6611],[119.9197,15.6903],[119.8814,15.7177],[119.8672,15.7431],[119.8894,15.748],[119.8941,15.7639],[119.8888,15.8014],[119.9462,15.8017],[119.9683,15.8114],[120.0083,15.8525],[120.0323,15.85],[120.0835,15.8237],[120.1384,15.8209],[120.1503,15.8113],[120.1617,15.7639],[120.1805,15.7261],[120.2326,15.6521],[120.247,15.614],[120.1694,15.4802],[120.1438,15.4065],[120.1637,15.3432],[120.1953,15.3211],[120.2727,15.293],[120.3081,15.2737],[120.3313,15.2512],[120.3806,15.169],[120.3621,15.1441],[120.3625,15.1144],[120.3714,15.0955],[120.4159,15.0605],[120.4257,15.0443],[120.4276,14.9948],[120.4601,14.9415],[120.4549,14.9141],[120.3498,14.9127],[120.2793,14.9335],[120.2093,14.88]]]}},{"type":"Feature","properties":{"code":"PH-PAN","name":"Pangasinan","name_ko":"팡가시난","name_en":"Pangasinan","name_ja":"パンガシナン","name_zh":"邦阿西楠省","name_es":"Pangasinán","name_fr":"Pangasinan","name_de":"Pangasinan","name_ru":"Пангасинан","name_pt":"Pangasinan","name_vi":"Pangasinan"},"geometry":{"type":"MultiPolygon","coordinates":[[[[119.8888,15.8014],[119.8986,15.8532],[119.895,15.874],[119.8672,15.935],[119.854,15.9492],[119.8283,15.9557],[119.8001,15.9267],[119.7852,15.9287],[119.7708,15.915],[119.7559,15.9446],[119.7578,16.059],[119.7783,16.1378],[119.761,16.162],[119.7557,16.2034],[119.7819,16.3223],[119.8125,16.3675],[119.8329,16.3675],[119.8703,16.3854],[119.8916,16.3874],[119.9164,16.3808],[119.9258,16.365],[119.9258,16.3451],[119.9019,16.2508],[119.9702,16.2265],[120.0151,16.1819],[120.0501,16.1809],[120.0799,16.1545],[120.0877,16.1572],[120.1056,16.0696],[120.1192,16.0557],[120.1853,16.0334],[120.2085,16.0327],[120.2577,16.0522],[120.2963,15.9827],[120.3406,15.9936],[120.4023,16.0422],[120.3958,16.072],[120.3652,16.1087],[120.4021,16.1655],[120.4014,16.2095],[120.4806,16.2036],[120.509,16.2104],[120.526,16.2321],[120.6705,16.1869],[120.7566,16.2007],[120.847,16.1748],[120.8638,16.1634],[120.8741,16.1438],[120.926,15.9776],[120.9191,15.9365],[120.8843,15.8996],[120.852,15.8246],[120.824,15.7903],[120.8118,15.7923],[120.7825,15.8355],[120.7676,15.8443],[120.7372,15.8451],[120.6273,15.8187],[120.6012,15.8698],[120.5628,15.7676],[120.5367,15.7427],[120.4907,15.7157],[120.4181,15.7503],[120.3952,15.7529],[120.3743,15.7399],[120.3575,15.7183],[120.3316,15.6653],[120.3066,15.6437],[120.247,15.614],[120.2326,15.6521],[120.1805,15.7261],[120.1617,15.7639],[120.1503,15.8113],[120.1384,15.8209],[120.0835,15.8237],[120.0323,15.85],[120.0083,15.8525],[119.9683,15.8114],[119.9462,15.8017],[119.8888,15.8014]]],[[[120.0051,16.2686],[120.0122,16.2415],[120.0055,16.2321],[119.9929,16.2302],[119.9224,16.3038],[119.943,16.3293],[119.9612,16.3348],[119.9732,16.3506],[119.9841,16.3487],[120.0056,16.3118],[120.0051,16.2686]]]]}},{"type":"Feature","properties":{"code":"PH-PAN","name":"Dagupan","name_ko":"다구판","name_en":"Dagupan","name_ja":"ダグパン","name_zh":"达古潘","name_es":"Dagupán","name_fr":"Dagupan","name_de":"Dagupan","name_ru":"Дагупан","name_pt":"Dagupan","name_vi":"Dagupan"},"geometry":{"type":"Polygon","coordinates":[[[120.2577,16.0522],[120.2922,16.0556],[120.3067,16.0447],[120.2991,16.0174],[120.3338,16.059],[120.3526,16.0527],[120.3633,16.0555],[120.3674,16.0658],[120.361,16.0732],[120.3264,16.0658],[120.3294,16.0795],[120.3652,16.1087],[120.3958,16.072],[120.4023,16.0422],[120.3406,15.9936],[120.2963,15.9827],[120.2577,16.0522]]]}},{"type":"Feature","properties":{"code":"PH-LUN","name":"La Union","name_ko":"라우니온","name_en":"La Union","name_ja":"ラウニオン","name_zh":"拉乌尼翁省","name_es":"La Unión","name_fr":"La Union","name_de":"La Union","name_ru":"Ла-Унион","name_pt":"La Union","name_vi":"La Union"},"geometry":{"type":"Polygon","coordinates":[[[120.4014,16.2095],[120.3855,16.2519],[120.3538,16.2917],[120.3538,16.2713],[120.3363,16.2922],[120.3122,16.4562],[120.2991,16.4938],[120.3067,16.545],[120.2761,16.6119],[120.2854,16.6207],[120.2884,16.6146],[120.3067,16.6139],[120.3025,16.655],[120.3259,16.7126],[120.3122,16.7778],[120.3158,16.8093],[120.3264,16.831],[120.3506,16.8503],[120.3979,16.9192],[120.4297,16.9074],[120.4779,16.914],[120.4935,16.9096],[120.5156,16.9174],[120.5239,16.912],[120.5258,16.8998],[120.514,16.8477],[120.5355,16.8096],[120.5317,16.7943],[120.5447,16.7892],[120.55,16.7747],[120.5481,16.7082],[120.5617,16.685],[120.595,16.6526],[120.5143,16.5665],[120.4829,16.5162],[120.472,16.4638],[120.4885,16.3441],[120.5044,16.2839],[120.526,16.2321],[120.509,16.2104],[120.4806,16.2036],[120.4014,16.2095]]]}},{"type":"Feature","properties":{"code":"PH-ILS","name":"Ilocos Sur","name_ko":"남일로코스","name_en":"Ilocos Sur","name_ja":"南イロコス","name_zh":"南伊罗戈省","name_es":"Ilocos Sur","name_fr":"Ilocos Sur","name_de":"Ilocos Sur","name_ru":"Южный Илокос","name_pt":"Ilocos Sul","name_vi":"Ilocos Sur"},"geometry":{"type":"Polygon","coordinates":[[[120.3979,16.9192],[120.4273,16.9619],[120.4341,16.9821],[120.4363,17.008],[120.4164,17.1793],[120.4021,17.2067],[120.4124,17.2646],[120.4082,17.3227],[120.4375,17.3588],[120.4437,17.3885],[120.4352,17.4228],[120.4017,17.497],[120.4021,17.5189],[120.3408,17.5388],[120.3338,17.5564],[120.3532,17.6781],[120.3635,17.6872],[120.4024,17.697],[120.4124,17.7128],[120.4164,17.7448],[120.3913,17.7814],[120.4279,17.8381],[120.4261,17.894],[120.5009,17.8973],[120.5252,17.8884],[120.5399,17.8665],[120.51,17.7325],[120.539,17.7037],[120.4978,17.6298],[120.4828,17.588],[120.4672,17.4992],[120.4767,17.4941],[120.5258,17.5033],[120.5504,17.4999],[120.5858,17.4798],[120.5858,17.4509],[120.5338,17.3673],[120.5355,17.3383],[120.5496,17.3176],[120.5726,17.3056],[120.612,17.2999],[120.6273,17.2732],[120.6748,17.2615],[120.6861,17.1985],[120.6987,17.1782],[120.7304,17.1557],[120.754,17.1585],[120.7961,17.2057],[120.813,17.2118],[120.8738,17.1821],[120.8375,17.1706],[120.8101,17.1421],[120.7913,17.1056],[120.781,17.0706],[120.7881,16.9589],[120.7735,16.921],[120.739,16.9052],[120.6622,16.8958],[120.6378,16.8601],[120.6188,16.6939],[120.595,16.6526],[120.5617,16.685],[120.5481,16.7082],[120.55,16.7747],[120.5447,16.7892],[120.5317,16.7943],[120.5355,16.8096],[120.514,16.8477],[120.5239,16.912],[120.5156,16.9174],[120.4935,16.9096],[120.4779,16.914],[120.4297,16.9074],[120.3979,16.9192]]]}},{"type":"Feature","properties":{"code":"PH-ILN","name":"Ilocos Norte","name_ko":"북일로코스","name_en":"Ilocos Norte","name_ja":"北イロコス","name_zh":"北伊罗戈","name_es":"Ilocos Norte","name_fr":"Ilocos Norte","name_de":"Ilocos Norte","name_ru":"Северный Илокос","name_pt":"Ilocos Norte","name_vi":"Ilocos Norte"},"geometry":{"type":"Polygon","coordinates":[[[120.4261,17.894],[120.4279,17.9167],[120.4517,17.9489],[120.4772,18.0048],[120.4768,18.0436],[120.4671,18.0771],[120.4701,18.091],[120.5262,18.2041],[120.5203,18.206],[120.5181,18.2177],[120.53,18.2235],[120.5791,18.3251],[120.5862,18.3645],[120.585,18.4055],[120.5608,18.4868],[120.5702,18.5018],[120.6111,18.5386],[120.6907,18.5344],[120.7708,18.5615],[120.779,18.6218],[120.7927,18.6361],[120.813,18.6445],[120.8342,18.6459],[120.8508,18.6389],[120.8919,18.5799],[120.9092,18.5672],[120.947,18.572],[120.9951,18.6061],[120.9831,18.5896],[120.9732,18.5543],[120.9458,18.3763],[120.956,18.3124],[120.9537,18.2915],[120.9441,18.2724],[120.9123,18.2533],[120.9092,18.2407],[120.9175,18.2221],[120.9708,18.1935],[120.9821,18.1702],[120.9463,18.1158],[120.9414,18.0979],[120.9471,17.9965],[120.9336,17.982],[120.9385,17.9671],[120.9179,17.9485],[120.8278,17.9435],[120.7437,17.8926],[120.6988,17.8466],[120.647,17.8335],[120.6182,17.819],[120.573,17.7653],[120.539,17.7037],[120.51,17.7325],[120.5399,17.8665],[120.5252,17.8884],[120.5009,17.8973],[120.4261,17.894]]]}},{"type":"Feature","properties":{"code":"PH-CAG","name":"Cagayan","name_ko":"카가얀","name_en":"Cagayan","name_ja":"カガヤン","name_zh":"卡加延省","name_es":"Cagayán","name_fr":"Cagayan","name_de":"Cagayan","name_ru":"Кагаян","name_pt":"Cagayan","name_vi":"Cagayan"},"geometry":{"type":"MultiPolygon","coordinates":[[[[120.9951,18.6061],[121.0327,18.6218],[121.073,18.6218],[121.1068,18.6427],[121.1707,18.6255],[121.1903,18.6013],[121.2399,18.5777],[121.2663,18.5549],[121.364,18.5064],[121.3919,18.4863],[121.4241,18.4772],[121.4983,18.4294],[121.5261,18.4226],[121.5466,18.3992],[121.5921,18.3847],[121.6296,18.3317],[121.6497,18.314],[121.6346,18.3345],[121.6349,18.3551],[121.645,18.3695],[121.8528,18.288],[121.8955,18.2792],[121.9746,18.286],[122.0396,18.3202],[122.0786,18.3795],[122.0913,18.3891],[122.1116,18.3928],[122.1193,18.403],[122.1221,18.4368],[122.1528,18.5188],[122.2202,18.5224],[122.2354,18.5154],[122.2432,18.4998],[122.2517,18.4431],[122.2972,18.4039],[122.3171,18.3774],[122.325,18.3366],[122.3202,18.2925],[122.2886,18.2182],[122.2627,18.1861],[122.18,18.1208],[122.1698,18.1005],[122.1834,17.9844],[122.1401,17.7983],[122.1432,17.7653],[122.1358,17.7373],[122.1563,17.7069],[122.1566,17.6193],[122.1846,17.5413],[121.8876,17.5426],[121.8208,17.5238],[121.7032,17.5239],[121.6529,17.5182],[121.5664,17.5634],[121.4288,17.7176],[121.4007,17.7884],[121.3866,17.8013],[121.3415,17.8071],[121.319,17.8235],[121.3184,17.8426],[121.3593,17.8951],[121.3762,17.9415],[121.4616,18.0983],[121.4847,18.1859],[121.4868,18.2316],[121.4786,18.2704],[121.457,18.3019],[121.2785,18.4113],[121.2279,18.4352],[121.1255,18.4668],[121.1003,18.4849],[121.0868,18.5303],[121.0728,18.5362],[121.0592,18.5317],[121.043,18.5066],[120.9995,18.4682],[120.9571,18.4468],[120.9732,18.5543],[120.9831,18.5896],[120.9951,18.6061]]],[[[121.3884,18.903],[121.4299,18.9056],[121.458,18.8839],[121.4778,18.8819],[121.4314,18.8561],[121.4067,18.8508],[121.3186,18.8432],[121.2949,18.8468],[121.2791,18.862],[121.2752,18.8759],[121.28,18.8806],[121.3884,18.903]]],[[[121.9712,18.9849],[121.9909,18.9611],[121.9891,18.9491],[121.9626,18.9387],[121.9297,18.8955],[121.8953,18.8677],[121.8657,18.8219],[121.8472,18.8244],[121.8342,18.8343],[121.8411,18.8682],[121.8748,18.9008],[121.8539,18.9235],[121.8716,18.9506],[121.8716,18.9713],[121.8926,18.9965],[121.9024,19.0054],[121.9209,18.9981],[121.9466,19.0122],[121.9558,19.0089],[121.9712,18.9849]]],[[[121.2109,19.1767],[121.2298,19.1592],[121.2522,19.0813],[121.259,19.0457],[121.245,19.0185],[121.1968,19.0655],[121.1903,19.0873],[121.2109,19.1767]]],[[[121.5261,19.3207],[121.5467,19.2829],[121.5187,19.2791],[121.4983,19.2593],[121.4263,19.2965],[121.3989,19.3034],[121.3508,19.3759],[121.3789,19.3837],[121.3958,19.4033],[121.471,19.3821],[121.5166,19.3935],[121.5261,19.3823],[121.5261,19.3207]]],[[[121.9773,19.5774],[121.9979,19.5603],[121.9872,19.5131],[121.978,19.4988],[121.9609,19.4918],[121.9471,19.4968],[121.8982,19.5368],[121.9002,19.5592],[121.95,19.5603],[121.9773,19.5774]]]]}},{"type":"Feature","properties":{"code":"PH-ISA","name":"Isabela","name_ko":"이사벨라","name_en":"Isabela","name_ja":"イサベラ","name_zh":"伊莎贝拉省","name_es":"Isabela","name_fr":"Isabela","name_de":"Isabela","name_ru":"Исабела","name_pt":"Isabela","name_vi":"Isabela"},"geometry":{"type":"MultiPolygon","coordinates":[[[[122.1846,17.5413],[122.2061,17.4753],[122.2396,17.4268],[122.2388,17.4022],[122.2512,17.3602],[122.2627,17.3537],[122.2871,17.3606],[122.3137,17.3401],[122.3654,17.3537],[122.3816,17.3474],[122.3901,17.3169],[122.4026,17.306],[122.3978,17.3291],[122.4146,17.3191],[122.4354,17.2924],[122.4436,17.2656],[122.4143,17.2836],[122.4094,17.2752],[122.4231,17.2206],[122.4104,17.1755],[122.4168,17.1458],[122.451,17.1142],[122.4647,17.1278],[122.4805,17.1235],[122.501,17.1398],[122.5193,17.1278],[122.5291,17.1096],[122.5215,17.072],[122.4729,16.9897],[122.4597,16.912],[122.4647,16.8951],[122.4227,16.7943],[122.3734,16.7135],[122.3455,16.6425],[122.2864,16.5468],[122.2446,16.5106],[122.0375,16.5076],[121.752,16.3957],[121.7382,16.4039],[121.5699,16.6106],[121.6028,16.6434],[121.6081,16.7139],[121.479,16.8307],[121.5248,16.8454],[121.5492,16.892],[121.571,16.911],[121.5765,17.012],[121.5635,17.0866],[121.5697,17.1272],[121.5719,17.271],[121.5944,17.3276],[121.6039,17.3974],[121.613,17.4202],[121.658,17.4648],[121.6701,17.4897],[121.6529,17.5182],[121.7032,17.5239],[121.8208,17.5238],[121.8876,17.5426],[122.1846,17.5413]]],[[[121.466,16.6294],[121.4276,16.6355],[121.3997,16.6512],[121.3901,16.6943],[121.4763,16.7226],[121.5036,16.68],[121.488,16.6295],[121.466,16.6294]]]]}},{"type":"Feature","properties":{"code":"PH-TAW","name":"Tawi-Tawi","name_ko":"타위타위","name_en":"Tawi-Tawi","name_ja":"タウイタウイ","name_zh":"塔威塔威省","name_es":"Tawi-Tawi","name_fr":"Tawi-Tawi","name_de":"Tawi-Tawi","name_ru":"Тави-Тави","name_pt":"Tawi-Tawi","name_vi":"Tawi-Tawi"},"geometry":{"type":"MultiPolygon","coordinates":[[[[120.252,5.2665],[120.2324,5.1505],[120.2166,5.115],[120.1912,5.1264],[120.1846,5.1365],[120.1896,5.1965],[120.1824,5.2044],[120.176,5.2026],[120.1687,5.1833],[120.1455,5.1833],[120.1305,5.1966],[120.1209,5.218],[120.1105,5.2034],[120.1082,5.1708],[120.1004,5.1566],[120.0859,5.1507],[120.0457,5.1635],[120.0254,5.1605],[120.0049,5.1286],[119.9805,5.1265],[119.9702,5.0877],[119.9541,5.0755],[119.9224,5.0877],[119.8916,5.0598],[119.8604,5.0598],[119.8298,5.0488],[119.8193,5.0598],[119.8191,5.1066],[119.8125,5.1225],[119.8218,5.1306],[119.8955,5.1612],[119.9427,5.1901],[119.9649,5.2226],[120.0361,5.2416],[120.0526,5.259],[120.0768,5.2548],[120.0869,5.259],[120.0974,5.29],[120.1338,5.3176],[120.1878,5.3451],[120.2088,5.348],[120.2144,5.3402],[120.2202,5.2696],[120.2439,5.2735],[120.252,5.2665]]],[[[119.4832,4.8509],[119.501,4.7991],[119.5036,4.7642],[119.4966,4.7336],[119.4671,4.6664],[119.4566,4.6557],[119.4627,4.7758],[119.4569,4.8427],[119.4354,4.9028],[119.447,4.9055],[119.4688,4.8937],[119.4793,4.876],[119.4832,4.8509]]],[[[119.8309,4.821],[119.8538,4.8083],[119.8577,4.7986],[119.834,4.7966],[119.8193,4.8039],[119.8123,4.8168],[119.8309,4.821]]],[[[119.8369,4.8629],[119.8211,4.8628],[119.7986,4.8798],[119.7904,4.906],[119.7931,4.9219],[119.8044,4.9274],[119.8426,4.9049],[119.8508,4.8879],[119.8499,4.8733],[119.8369,4.8629]]],[[[119.7966,5.0576],[119.7747,5.0419],[119.7521,5.0361],[119.7458,5.044],[119.7487,5.0627],[119.7693,5.0976],[119.7984,5.121],[119.806,5.1185],[119.8125,5.0699],[119.808,5.0587],[119.7966,5.0576]]]]}},{"type":"Feature","properties":{"code":"PH-BAS","name":"Basilan","name_ko":"바실란","name_en":"Basilan","name_ja":"バシラン","name_zh":"巴西兰","name_es":"Basilán","name_fr":"Basilan","name_de":"Basilan","name_ru":"Басилан","name_pt":"Basilan","name_vi":"Basilan"},"geometry":{"type":"MultiPolygon","coordinates":[[[[122.0492,6.7398],[122.0752,6.7398],[122.106,6.7156],[122.1528,6.7046],[122.1687,6.6816],[122.2354,6.6662],[122.2517,6.65],[122.2881,6.6379],[122.3293,6.6138],[122.3352,6.6033],[122.3213,6.5886],[122.2542,6.5813],[122.2354,6.5712],[122.2087,6.5288],[122.1983,6.4676],[122.1887,6.4511],[122.1218,6.4385],[122.0576,6.4139],[121.9623,6.4049],[121.95,6.4445],[121.8801,6.5032],[121.875,6.5749],[121.8145,6.5929],[121.8068,6.6193],[121.8108,6.6452],[121.822,6.661],[121.8392,6.6689],[121.9202,6.6757],[121.9298,6.6434],[121.9489,6.6386],[121.9652,6.5792],[122.099,6.5867],[122.0567,6.6727],[122.0492,6.7398]]],[[[121.6289,6.6574],[121.6289,6.5886],[121.6164,6.5614],[121.6016,6.6055],[121.5825,6.6317],[121.6167,6.6723],[121.6289,6.6574]]]]}},{"type":"Feature","properties":{"code":"PH-CAM","name":"Camiguin","name_ko":"카미긴","name_en":"Camiguin","name_ja":"カミギン","name_zh":"卡米金","name_es":"Camiguín","name_fr":"Camiguin","name_de":"Camiguin","name_ru":"Камигин","name_pt":"Camiguin","name_vi":"Camiguin"},"geometry":{"type":"Polygon","coordinates":[[[124.7842,9.1998],[124.8032,9.1761],[124.8084,9.1568],[124.801,9.1287],[124.8013,9.0963],[124.7879,9.0831],[124.7702,9.0774],[124.763,9.079],[124.7571,9.0927],[124.7327,9.0961],[124.6721,9.1254],[124.6467,9.1489],[124.6365,9.1824],[124.6467,9.2189],[124.6731,9.2424],[124.7085,9.2502],[124.7463,9.2395],[124.7725,9.204],[124.7842,9.1998]]]}},{"type":"Feature","properties":{"code":"PH-SIG","name":"Siquijor","name_ko":"시키호르","name_en":"Siquijor","name_ja":"シキホル","name_zh":"锡基霍尔","name_es":"Siquijor","name_fr":"Siquijor","name_de":"Siquijor","name_ru":"Сикихор","name_pt":"Siquijor","name_vi":"Siquijor"},"geometry":{"type":"Polygon","coordinates":[[[123.698,9.165],[123.7224,9.1491],[123.7033,9.1284],[123.6897,9.1225],[123.653,9.123],[123.64,9.0986],[123.6323,9.0983],[123.5612,9.1142],[123.4795,9.1718],[123.4712,9.1855],[123.4746,9.1971],[123.5,9.2203],[123.5176,9.2099],[123.5409,9.2134],[123.565,9.2261],[123.6026,9.2554],[123.6144,9.2893],[123.6421,9.2936],[123.6554,9.2891],[123.6792,9.2453],[123.7039,9.2333],[123.7005,9.2196],[123.6838,9.1997],[123.6865,9.1806],[123.698,9.165]]]}},{"type":"Feature","properties":{"code":"PH-BOH","name":"Bohol","name_ko":"보홀","name_en":"Bohol","name_ja":"ボホール","name_zh":"保和省","name_es":"Bohol","name_fr":"Bohol","name_de":"Bohol","name_ru":"Провинция Бохоль","name_pt":"Bohol","name_vi":"Bohol"},"geometry":{"type":"MultiPolygon","coordinates":[[[[124.5653,9.8708],[124.5498,9.8616],[124.624,9.8018],[124.5962,9.7373],[124.5606,9.7326],[124.5204,9.7404],[124.5144,9.767],[124.4998,9.7683],[124.4624,9.7308],[124.4295,9.715],[124.422,9.6787],[124.4105,9.6584],[124.3818,9.6367],[124.2942,9.6068],[124.0652,9.5954],[123.9375,9.6175],[123.8718,9.645],[123.863,9.6619],[123.8739,9.7211],[123.863,9.7342],[123.8079,9.74],[123.801,9.7578],[123.8091,9.8027],[123.8284,9.8428],[123.8758,9.8869],[123.8861,9.9149],[123.9167,9.9151],[123.9314,9.939],[124.0508,9.9793],[124.0685,10.0117],[124.0752,10.0483],[124.0866,10.0588],[124.1159,10.0653],[124.1162,10.0898],[124.1672,10.1374],[124.2227,10.1519],[124.3313,10.1615],[124.3496,10.151],[124.356,10.1103],[124.3825,10.1438],[124.3968,10.1519],[124.4082,10.1197],[124.4191,10.1068],[124.4308,10.1102],[124.4898,10.0626],[124.52,10.0642],[124.5776,10.0339],[124.5886,10.0239],[124.5842,9.9809],[124.5809,9.9722],[124.5687,9.9875],[124.5645,9.944],[124.5562,9.9257],[124.5838,9.8939],[124.5846,9.8777],[124.5653,9.8708]]],[[[123.8413,9.6424],[123.8683,9.6205],[123.8442,9.5889],[123.8045,9.5603],[123.7651,9.55],[123.7498,9.5541],[123.7376,9.5791],[123.7263,9.587],[123.7819,9.6235],[123.8413,9.6424]]],[[[124.6069,10.1403],[124.5957,10.1235],[124.5977,10.0942],[124.5889,10.0862],[124.5757,10.0902],[124.561,10.0858],[124.5404,10.0609],[124.5296,10.0685],[124.5218,10.112],[124.5276,10.1173],[124.5422,10.116],[124.5518,10.1268],[124.5672,10.1277],[124.5928,10.1452],[124.6062,10.1476],[124.6069,10.1403]]]]}},{"type":"Feature","properties":{"code":"PH-GUI","name":"Guimaras","name_ko":"기마라스","name_en":"Guimaras","name_ja":"ギマラス","name_zh":"吉马拉斯省","name_es":"Guimarás","name_fr":"Guimaras","name_de":"Guimaras","name_ru":"Гимарас","name_pt":"Guimaras","name_vi":"Guimaras"},"geometry":{"type":"Polygon","coordinates":[[[122.7111,10.7347],[122.738,10.6942],[122.7371,10.64],[122.7215,10.5852],[122.6869,10.506],[122.6643,10.4709],[122.6345,10.4442],[122.595,10.4331],[122.6052,10.4605],[122.5945,10.4597],[122.5366,10.4194],[122.5193,10.4536],[122.5193,10.4741],[122.4948,10.4835],[122.4824,10.5034],[122.5169,10.5091],[122.5293,10.5333],[122.5535,10.5491],[122.535,10.5533],[122.5274,10.5701],[122.5366,10.6075],[122.5746,10.6658],[122.6232,10.6845],[122.6338,10.7226],[122.6702,10.762],[122.7111,10.7347]]]}},{"type":"Feature","properties":{"code":"PH-BCD","name":"Bacolod","name_ko":"바콜로드","name_en":"Bacolod","name_ja":"バコロド","name_zh":"巴科洛德","name_es":"Bacólod","name_fr":"Bacolod","name_de":"Bacolod","name_ru":"Баколод","name_pt":"Bacolod","name_vi":"Bacolod"},"geometry":{"type":"Polygon","coordinates":[[[122.9199,10.6183],[122.9346,10.6584],[122.9717,10.7211],[122.9758,10.7424],[123.0678,10.6809],[123.0249,10.5926],[122.9199,10.6183]]]}},{"type":"Feature","properties":{"code":"PH-NEC","name":"Negros Occidental","name_ko":"서네그로스","name_en":"Negros Occidental","name_ja":"西ネグロス","name_zh":"西黑人省","name_es":"Negros Occidental","name_fr":"Negros occidental","name_de":"Negros Occidental","name_ru":"Западный Негрос","name_pt":"Negros Ocidental","name_vi":"Negros Occidental"},"geometry":{"type":"Polygon","coordinates":[[[122.5971,9.4376],[122.5518,9.491],[122.5298,9.5379],[122.4966,9.5617],[122.4573,9.6379],[122.4644,9.647],[122.4614,9.6553],[122.4436,9.6728],[122.4231,9.6584],[122.4304,9.7137],[122.4026,9.6994],[122.4098,9.8085],[122.3952,9.8428],[122.4441,9.9215],[122.4616,9.9658],[122.4746,9.9744],[122.5603,9.9875],[122.6428,9.9669],[122.657,9.9758],[122.7078,9.9864],[122.7285,9.9974],[122.7822,10.053],[122.8074,10.0693],[122.8269,10.0581],[122.8449,10.0673],[122.8728,10.1004],[122.8789,10.1181],[122.8758,10.143],[122.8553,10.228],[122.8694,10.3505],[122.8594,10.3945],[122.8218,10.4725],[122.8147,10.515],[122.8239,10.5329],[122.8694,10.5526],[122.9104,10.5976],[122.9199,10.6183],[123.0249,10.5926],[123.0678,10.6809],[122.9758,10.7424],[122.9717,10.8061],[122.9507,10.8272],[122.9582,10.8644],[123.0026,10.9128],[123.048,10.9149],[123.0877,10.9259],[123.1701,10.9772],[123.2136,10.9964],[123.2598,10.9948],[123.2698,10.9774],[123.3008,10.9743],[123.3418,10.9464],[123.3901,10.96],[123.4036,10.9532],[123.395,10.9362],[123.3963,10.9259],[123.4054,10.9198],[123.431,10.9396],[123.4456,10.9423],[123.5218,10.9199],[123.535,10.9049],[123.5466,10.8561],[123.5608,10.8371],[123.5745,10.831],[123.5708,10.7792],[123.5335,10.7211],[123.5169,10.681],[123.4857,10.5491],[123.4736,10.5268],[123.3897,10.4372],[123.3657,10.3925],[123.2606,10.4148],[123.2436,10.4408],[123.219,10.4451],[123.1439,10.4218],[123.1758,10.3014],[123.1758,10.2719],[123.0126,9.9644],[122.5971,9.4376]]]}},{"type":"Feature","properties":{"code":"PH-NER","name":"Negros Oriental","name_ko":"동네그로스","name_en":"Negros Oriental","name_ja":"東ネグロス","name_zh":"东内格罗省","name_es":"Negros Oriental","name_fr":"Negros oriental","name_de":"Negros Oriental","name_ru":"Восточный Негрос","name_pt":"Negros Oriental","name_vi":"Negros Oriental"},"geometry":{"type":"Polygon","coordinates":[[[123.3657,10.3925],[123.3447,10.348],[123.3403,10.2607],[123.3047,10.1785],[123.2904,10.0936],[123.2442,10.0264],[123.2355,10.0019],[123.2181,9.984],[123.2044,9.939],[123.1624,9.8902],[123.1567,9.8676],[123.1704,9.696],[123.1604,9.6474],[123.1362,9.6448],[123.1354,9.6184],[123.1774,9.5899],[123.1704,9.5629],[123.1611,9.5838],[123.1438,9.5737],[123.1355,9.5527],[123.1533,9.5412],[123.1809,9.5374],[123.19,9.5268],[123.1976,9.4871],[123.2515,9.444],[123.2673,9.3983],[123.3211,9.3432],[123.3283,9.3026],[123.3176,9.2569],[123.2986,9.215],[123.2434,9.1365],[123.2302,9.1076],[123.161,9.0657],[123.0999,9.06],[123.0332,9.0353],[122.9905,9.0488],[122.9577,9.0812],[122.9336,9.1215],[122.8926,9.221],[122.8805,9.3059],[122.8449,9.3471],[122.811,9.3636],[122.7248,9.3711],[122.6572,9.4014],[122.636,9.4257],[122.5995,9.4327],[122.5971,9.4376],[123.0126,9.9644],[123.1758,10.2719],[123.1758,10.3014],[123.1439,10.4218],[123.219,10.4451],[123.2436,10.4408],[123.2606,10.4148],[123.3657,10.3925]]]}},{"type":"Feature","properties":{"code":"PH-CEB","name":"Cebu","name_ko":"세부","name_en":"Cebu","name_ja":"セブ","name_zh":"宿霧","name_es":"Cebú","name_fr":"Cebu","name_de":"Cebu","name_ru":"Себу","name_pt":"Cebu","name_vi":"Cebu"},"geometry":{"type":"Polygon","coordinates":[[[123.9344,10.3093],[123.8897,10.2822],[123.8687,10.2482],[123.8372,10.3535],[123.8727,10.4088],[123.9071,10.436],[123.9352,10.4011],[123.9144,10.3462],[123.9344,10.3093]]]}},{"type":"Feature","properties":{"code":"PH-MDE","name":"Mandaue","name_ko":"만다웨","name_en":"Mandaue","name_ja":"マンダウエ","name_zh":"曼达韦","name_es":"Mandaue","name_fr":"Mandaue","name_de":"Mandaue City","name_ru":"Мандауэ","name_pt":"Mandaue","name_vi":"Mandaue"},"geometry":{"type":"Polygon","coordinates":[[[123.9797,10.3772],[123.9709,10.3622],[123.9729,10.3266],[123.9344,10.3093],[123.9144,10.3462],[123.9352,10.4011],[123.9797,10.3772]]]}},{"type":"Feature","properties":{"code":"PH-CEB","name":"Cebu","name_ko":"세부","name_en":"Cebu","name_ja":"セブ","name_zh":"宿务岛","name_es":"Cebú","name_fr":"Cebu","name_de":"Cebu","name_ru":"Себу","name_pt":"Cebu","name_vi":"Cebu"},"geometry":{"type":"MultiPolygon","coordinates":[[[[123.8687,10.2482],[123.8081,10.2366],[123.7936,10.2265],[123.7737,10.1997],[123.7195,10.1568],[123.7048,10.1055],[123.6961,10.0939],[123.6526,10.0636],[123.6433,10.039],[123.6433,9.9601],[123.6291,9.8875],[123.6248,9.8793],[123.6018,9.8676],[123.5095,9.6535],[123.5034,9.6153],[123.4795,9.5486],[123.4447,9.5213],[123.3696,9.4257],[123.3425,9.4068],[123.3276,9.4081],[123.3143,9.5076],[123.3652,9.7853],[123.4092,9.8977],[123.4107,9.9226],[123.3833,9.9427],[123.3871,9.9738],[123.3984,9.9848],[123.4107,9.9744],[123.4225,10.0375],[123.508,10.1222],[123.5213,10.1453],[123.5335,10.1904],[123.5813,10.2543],[123.6055,10.3332],[123.7068,10.462],[123.7232,10.4942],[123.7191,10.5491],[123.7544,10.5994],[123.765,10.64],[123.7778,10.6626],[123.8493,10.7526],[123.9158,10.9398],[123.9346,10.9704],[123.9177,11.029],[123.9443,11.0742],[123.9451,11.0978],[123.9519,11.0978],[123.9729,11.0773],[123.9519,11.1567],[123.9588,11.1759],[124.0183,11.2585],[124.0457,11.2772],[124.0747,11.2691],[124.0681,11.2333],[124.0557,11.205],[124.0413,11.1301],[123.9995,11.0773],[124.0091,11.0734],[124.0171,11.0562],[124.0549,11.0637],[124.0519,11.0432],[124.0618,10.9843],[124.0535,10.9306],[124.0685,10.8781],[124.0506,10.845],[124.0208,10.7477],[124.0239,10.7084],[124.0508,10.6274],[124.0549,10.5901],[124.0339,10.5765],[124.0413,10.5628],[124.0401,10.4844],[124.0098,10.404],[124.0187,10.3808],[123.9928,10.3574],[123.9859,10.376],[123.9352,10.4011],[123.9071,10.436],[123.8727,10.4088],[123.8372,10.3535],[123.8687,10.2482]]],[[[123.801,11.1791],[123.818,11.1547],[123.815,11.148],[123.7458,11.1388],[123.7337,11.1543],[123.7048,11.2412],[123.7158,11.2641],[123.7458,11.2925],[123.7609,11.2789],[123.801,11.1791]]]]}},{"type":"Feature","properties":{"code":"PH-PLW","name":"Puerto Princesa","name_ko":"푸에르토 프린세사","name_en":"Puerto Princesa","name_ja":"プエルト・プリンセサ","name_zh":"普林塞萨港","name_es":"Puerto Princesa","name_fr":"Puerto Princesa","name_de":"Puerto Princesa","name_ru":"Пуэрто-Принцеса","name_pt":"Porto Princesa","name_vi":"Puerto Princesa"},"geometry":{"type":"Polygon","coordinates":[[[118.3823,9.6578],[118.4203,9.6807],[118.4243,9.6979],[118.5305,9.7742],[118.5484,9.8124],[118.5957,9.8574],[118.6206,9.9169],[118.668,9.9744],[118.6565,9.9962],[118.6736,10.0118],[118.7225,10.0358],[118.7717,10.1308],[118.7766,10.0831],[118.763,10.0692],[118.8011,10.049],[118.8119,10.0591],[118.8386,10.0999],[118.8123,10.1521],[118.8158,10.1889],[118.8223,10.1945],[118.8552,10.196],[118.8753,10.2102],[118.9336,10.2097],[118.9497,10.2202],[118.9601,10.2525],[118.9497,10.2822],[118.9595,10.2868],[118.9702,10.2822],[118.9934,10.3003],[119.0899,10.2037],[119.0834,10.1644],[119.1963,10.0563],[119.1135,10.029],[119.072,10.008],[119.0248,10.008],[118.9729,9.9845],[118.8748,9.9719],[118.8193,9.939],[118.7966,9.9452],[118.7742,9.9341],[118.7572,9.9127],[118.7505,9.8875],[118.7546,9.8559],[118.7847,9.7882],[118.7778,9.7342],[118.7649,9.7287],[118.7356,9.7435],[118.7297,9.7804],[118.7129,9.782],[118.7009,9.7755],[118.702,9.7274],[118.7197,9.7138],[118.7163,9.6926],[118.7429,9.6968],[118.7583,9.6833],[118.7564,9.6677],[118.73,9.6653],[118.7254,9.6313],[118.6989,9.5837],[118.6692,9.57],[118.6388,9.5211],[118.3823,9.6578]]]}},{"type":"Feature","properties":{"code":"PH-LEY","name":"Tacloban","name_ko":"타클로반","name_en":"Tacloban","name_ja":"タクロバン","name_zh":"塔克洛班","name_es":"Tacloban","name_fr":"Tacloban","name_de":"Tacloban City","name_ru":"Таклобан","name_pt":"Tacloban","name_vi":"Tacloban"},"geometry":{"type":"Polygon","coordinates":[[[124.9756,11.3344],[124.9652,11.3064],[124.974,11.2771],[124.9845,11.2662],[125.0194,11.2526],[125.0234,11.2279],[125.0344,11.248],[125.0418,11.248],[125.0387,11.1979],[124.9853,11.1921],[124.9327,11.2365],[124.9198,11.3243],[124.9756,11.3344]]]}},{"type":"Feature","properties":{"code":"PH-LEY","name":"Ormoc","name_ko":"오르목","name_en":"Ormoc","name_ja":"オルモック","name_zh":"奥尔莫克","name_es":"Ormoc","name_fr":"Ormoc","name_de":"Ormoc City","name_ru":"Ормок","name_pt":"Ormoc","name_vi":"Ormoc"},"geometry":{"type":"Polygon","coordinates":[[[124.6223,11.002],[124.5825,11.001],[124.5496,10.9833],[124.4877,11.0659],[124.498,11.1094],[124.5588,11.1117],[124.6042,11.1568],[124.6701,11.0645],[124.6223,11.002]]]}},{"type":"Feature","properties":{"code":"PH-AKL","name":"Aklan","name_ko":"아클란","name_en":"Aklan","name_ja":"アクラン","name_zh":"阿克兰省","name_es":"Aklan","name_fr":"Aklan","name_de":"Aklan","name_ru":"Аклан","name_pt":"Aklan","name_vi":"Aklan"},"geometry":{"type":"Polygon","coordinates":[[[121.8539,11.7694],[121.8561,11.7798],[121.889,11.8193],[121.8887,11.8712],[121.8968,11.8938],[121.9197,11.8991],[121.9397,11.9222],[121.9637,11.9339],[121.9849,11.9134],[122.0303,11.8963],[122.0532,11.8667],[122.0944,11.8347],[122.1179,11.8236],[122.2287,11.7998],[122.2654,11.7855],[122.3221,11.7423],[122.388,11.7274],[122.4408,11.6575],[122.4653,11.6453],[122.5125,11.5981],[122.5723,11.5749],[122.5922,11.5543],[122.5693,11.5213],[122.5318,11.4962],[122.5142,11.4624],[122.451,11.4542],[122.3844,11.4607],[122.3578,11.3679],[122.3322,11.344],[122.2568,11.3257],[122.1799,11.3212],[122.1751,11.3315],[122.1824,11.3828],[122.165,11.4015],[122.172,11.4206],[122.1243,11.4826],[122.1348,11.5257],[122.1502,11.541],[122.1367,11.5615],[122.146,11.6012],[122.1376,11.6524],[122.1637,11.7108],[122.1619,11.7291],[122.1457,11.7549],[122.0355,11.8224],[121.9806,11.8313],[121.9283,11.8156],[121.8852,11.7835],[121.8539,11.7694]]]}},{"type":"Feature","properties":{"code":"PH-ANT","name":"Antique","name_ko":"안티케","name_en":"Antique","name_ja":"アンティーケ","name_zh":"安蒂克省","name_es":"Antique","name_fr":"Antique","name_de":"Antique","name_ru":"Антике","name_pt":"Antique","name_vi":"Antique"},"geometry":{"type":"MultiPolygon","coordinates":[[[[122.0332,10.4609],[122.0158,10.4455],[121.9821,10.4302],[121.9497,10.4332],[121.9297,10.4666],[121.9325,10.5087],[121.9722,10.5821],[121.9849,10.6249],[121.978,10.7102],[121.9719,10.725],[121.9441,10.7536],[121.937,10.7757],[121.978,10.9055],[122.0451,11.0174],[122.0531,11.0637],[122.0531,11.2338],[122.0418,11.3004],[122.0661,11.3602],[122.0736,11.4774],[122.0857,11.4946],[122.1072,11.6579],[122.1016,11.6937],[122.0845,11.7247],[122.0602,11.7337],[121.9917,11.7414],[121.9412,11.7601],[121.8822,11.7607],[121.8539,11.7694],[121.8852,11.7835],[121.9283,11.8156],[121.9806,11.8313],[122.0355,11.8224],[122.0762,11.7939],[122.1256,11.7716],[122.1457,11.7549],[122.1619,11.7291],[122.1637,11.7108],[122.1376,11.6524],[122.146,11.6012],[122.1367,11.5615],[122.1502,11.541],[122.1348,11.5257],[122.1243,11.4826],[122.172,11.4206],[122.165,11.4015],[122.1824,11.3828],[122.1751,11.3315],[122.1894,11.3015],[122.1914,11.2268],[122.1982,11.2043],[122.2211,11.1724],[122.2938,11.1077],[122.319,11.0779],[122.3309,11.0527],[122.3184,10.9998],[122.2901,10.9779],[122.2865,10.9393],[122.2437,10.9035],[122.2299,10.8827],[122.1785,10.7698],[122.1478,10.7359],[122.076,10.6897],[122.0348,10.6371],[122.0241,10.6066],[122.006,10.4921],[122.0096,10.4733],[122.0332,10.4609]]],[[[121.4064,12.0624],[121.4167,12.0302],[121.4138,12.0146],[121.4019,12.0028],[121.3843,12.0009],[121.3643,12.0273],[121.3609,12.0432],[121.3677,12.071],[121.3556,12.0942],[121.3587,12.1147],[121.4064,12.0624]]],[[[121.4741,11.8668],[121.5261,11.8466],[121.4954,11.8278],[121.4729,11.8274],[121.4309,11.8435],[121.4126,11.8403],[121.4256,11.8612],[121.4429,11.868],[121.4741,11.8668]]]]}},{"type":"Feature","properties":{"code":"PH-ILI","name":"Iloilo","name_ko":"일로일로","name_en":"Iloilo","name_ja":"イロイロ","name_zh":"怡朗","name_es":"Iloílo","name_fr":"Iloilo","name_de":"Iloilo City","name_ru":"Илои́ло","name_pt":"Iloilo","name_vi":"Iloilo"},"geometry":{"type":"Polygon","coordinates":[[[122.4721,10.6871],[122.3654,10.6727],[122.3384,10.6584],[122.2933,10.6584],[122.2593,10.6379],[122.2266,10.6422],[122.162,10.5937],[122.1289,10.5901],[122.1018,10.5693],[122.0332,10.4609],[122.0096,10.4733],[122.006,10.4921],[122.0241,10.6066],[122.0348,10.6371],[122.076,10.6897],[122.1478,10.7359],[122.1785,10.7698],[122.2299,10.8827],[122.2437,10.9035],[122.2865,10.9393],[122.2901,10.9779],[122.3184,10.9998],[122.3309,11.0527],[122.319,11.0779],[122.2403,11.1568],[122.2882,11.2015],[122.3153,11.2162],[122.3426,11.216],[122.4158,11.1872],[122.4565,11.1935],[122.505,11.1839],[122.5215,11.1862],[122.5507,11.2028],[122.5605,11.2323],[122.5867,11.2361],[122.6695,11.209],[122.7453,11.2194],[122.7824,11.216],[122.7908,11.1882],[122.8268,11.2015],[122.8624,11.1931],[122.8776,11.1982],[122.8861,11.2144],[122.8868,11.2702],[122.9011,11.2836],[122.9561,11.2979],[122.9452,11.3343],[122.9512,11.3506],[122.99,11.3624],[123.0319,11.394],[123.041,11.4091],[123.0434,11.4515],[123.0662,11.4839],[123.0855,11.5284],[123.1178,11.5482],[123.1423,11.5727],[123.1567,11.5981],[123.1636,11.5981],[123.1644,11.538],[123.1567,11.5224],[123.1273,11.5154],[123.1221,11.5087],[123.1292,11.4938],[123.1499,11.4945],[123.1404,11.4793],[123.1704,11.4808],[123.1748,11.4675],[123.1567,11.4231],[123.1604,11.3804],[123.1477,11.3525],[123.1292,11.3494],[123.1221,11.3306],[123.1135,11.2667],[123.1159,11.2307],[123.1331,11.2104],[123.1362,11.1965],[123.1314,11.1827],[123.1113,11.168],[123.1082,11.1518],[123.0609,11.1694],[123.0413,11.1634],[123.0283,11.1098],[123.0149,11.0916],[122.9717,11.0699],[122.9771,11.057],[122.9724,11.049],[122.9507,11.0358],[122.9517,11.0557],[122.9382,11.0637],[122.9246,11.029],[122.9141,11.0263],[122.8899,11.0358],[122.8626,11.0153],[122.8626,11.029],[122.812,10.9985],[122.7893,10.9761],[122.78,10.9569],[122.798,10.8754],[122.7869,10.8446],[122.7448,10.7956],[122.7285,10.7894],[122.6941,10.803],[122.6428,10.7812],[122.6148,10.7615],[122.5328,10.7995],[122.4899,10.7718],[122.4721,10.6871]]]}},{"type":"Feature","properties":{"code":"PH-ILI","name":"Iloilo","name_ko":"일로일로","name_en":"Iloilo","name_ja":"イロイロ","name_zh":"伊洛伊洛","name_es":"Iloílo","name_fr":"Iloilo","name_de":"Iloilo","name_ru":"Илоило","name_pt":"Iloilo","name_vi":"Iloilo"},"geometry":{"type":"Polygon","coordinates":[[[122.6148,10.7615],[122.6012,10.741],[122.605,10.7277],[122.595,10.7211],[122.5899,10.6987],[122.5447,10.6898],[122.4721,10.6871],[122.4899,10.7718],[122.5328,10.7995],[122.6148,10.7615]]]}},{"type":"Feature","properties":{"code":"PH-CAP","name":"Capiz","name_ko":"카피스","name_en":"Capiz","name_ja":"カピス","name_zh":"卡皮兹省","name_es":"Cápiz","name_fr":"Cápiz","name_de":"Capiz","name_ru":"Капис","name_pt":"Capiz","name_vi":"Capiz"},"geometry":{"type":"Polygon","coordinates":[[[122.5922,11.5543],[122.6042,11.5171],[122.6223,11.5087],[122.6545,11.5261],[122.6497,11.5497],[122.6541,11.566],[122.6604,11.5688],[122.686,11.5458],[122.7043,11.5429],[122.6956,11.5613],[122.7308,11.5922],[122.7334,11.6013],[122.7248,11.6118],[122.794,11.6123],[122.8303,11.6053],[122.855,11.5913],[122.8748,11.5479],[122.9445,11.5224],[122.8943,11.4872],[122.8758,11.4656],[122.8762,11.4473],[122.9007,11.4379],[122.9554,11.4707],[123.0081,11.4873],[123.0442,11.5159],[123.0896,11.5297],[123.0434,11.4515],[123.041,11.4091],[123.0319,11.394],[122.99,11.3624],[122.9512,11.3506],[122.9452,11.3343],[122.9561,11.2979],[122.9011,11.2836],[122.8868,11.2702],[122.8861,11.2144],[122.8776,11.1982],[122.8624,11.1931],[122.8268,11.2015],[122.7908,11.1882],[122.7824,11.216],[122.7453,11.2194],[122.6695,11.209],[122.5867,11.2361],[122.5605,11.2323],[122.5507,11.2028],[122.5215,11.1862],[122.505,11.1839],[122.4565,11.1935],[122.4158,11.1872],[122.3426,11.216],[122.3153,11.2162],[122.2882,11.2015],[122.2403,11.1568],[122.2211,11.1724],[122.1982,11.2043],[122.1914,11.2268],[122.1894,11.3015],[122.1799,11.3212],[122.2568,11.3257],[122.3322,11.344],[122.3578,11.3679],[122.3844,11.4607],[122.451,11.4542],[122.5142,11.4624],[122.5318,11.4962],[122.5693,11.5213],[122.5922,11.5543]]]}},{"type":"Feature","properties":{"code":"PH-ROM","name":"Romblon","name_ko":"롬블론","name_en":"Romblon","name_ja":"ロンブロン","name_zh":"朗布隆省","name_es":"Romblón","name_fr":"Romblon","name_de":"Romblon","name_ru":"Ромблон","name_pt":"Romblon","name_vi":"Romblon"},"geometry":{"type":"MultiPolygon","coordinates":[[[[122.6875,12.4028],[122.6702,12.3175],[122.6428,12.2919],[122.6118,12.2765],[122.5916,12.3001],[122.5535,12.3175],[122.512,12.3776],[122.4651,12.3886],[122.4319,12.4097],[122.4231,12.4274],[122.423,12.4629],[122.4446,12.4837],[122.4811,12.4934],[122.5942,12.4926],[122.6321,12.4845],[122.6492,12.4732],[122.6614,12.4394],[122.6875,12.4028]]],[[[122.2796,12.6055],[122.3113,12.5367],[122.3098,12.5011],[122.2796,12.4745],[122.2546,12.5112],[122.2456,12.5707],[122.2796,12.6191],[122.2796,12.6055]]],[[[122.1152,12.6663],[122.1457,12.6575],[122.156,12.6483],[122.1563,12.6321],[122.1289,12.6254],[122.1358,12.5608],[122.1069,12.4598],[122.0989,12.3864],[122.0808,12.3155],[122.0365,12.2141],[122.0612,12.1881],[122.0599,12.1728],[122.0469,12.1872],[122.0228,12.1628],[122.0191,12.1046],[122.0122,12.1046],[121.9911,12.1285],[121.9862,12.1426],[121.9917,12.1592],[121.965,12.1614],[121.959,12.1778],[121.9637,12.2281],[121.9733,12.2045],[121.9872,12.2001],[121.9998,12.2106],[122.0054,12.2318],[122.0021,12.2444],[121.9712,12.256],[121.9207,12.3029],[121.9241,12.3393],[121.9344,12.3801],[121.9466,12.3994],[121.9783,12.4118],[121.9932,12.4418],[121.9979,12.5124],[121.9909,12.5712],[121.9959,12.5927],[122.0191,12.6117],[122.0763,12.6273],[122.105,12.6418],[122.1152,12.6663]]],[[[121.724,12.914],[121.7175,12.9111],[121.7222,12.9036],[121.7178,12.8996],[121.6991,12.9053],[121.6828,12.9244],[121.6887,12.9472],[121.7183,12.9473],[121.7317,12.9288],[121.724,12.914]]]]}},{"type":"Feature","properties":{"code":"PH-NSA","name":"Northern Samar","name_ko":"북사마르","name_en":"Northern Samar","name_ja":"北サマル","name_zh":"北薩馬","name_es":"Sámar del Norte","name_fr":"Samar du Nord","name_de":"Nord-Samar","name_ru":"Северный Самар","name_pt":"Samar do Norte","name_vi":"Bắc Samar"},"geometry":{"type":"MultiPolygon","coordinates":[[[[124.3705,12.29],[124.3421,12.3857],[124.2762,12.5333],[124.2739,12.5468],[124.2835,12.5706],[124.305,12.583],[124.363,12.5436],[124.4075,12.5571],[124.4543,12.5384],[124.5173,12.5373],[124.5368,12.5225],[124.5514,12.5297],[124.6792,12.5159],[124.8772,12.5334],[124.8955,12.5543],[124.8802,12.5722],[124.8767,12.5913],[124.8948,12.5854],[124.9282,12.5571],[124.9734,12.5763],[124.9797,12.5608],[125.0104,12.5534],[125.0496,12.5294],[125.0698,12.533],[125.0918,12.5473],[125.0998,12.5747],[125.1091,12.5793],[125.1375,12.5707],[125.1663,12.5781],[125.2721,12.499],[125.2739,12.482],[125.3062,12.4583],[125.3263,12.4213],[125.3496,12.3994],[125.3309,12.3889],[125.3128,12.3667],[125.3079,12.3419],[125.3291,12.3237],[125.316,12.3021],[125.2977,12.2907],[125.273,12.284],[125.2561,12.3065],[125.2317,12.3641],[125.2088,12.3765],[125.1883,12.3664],[125.1618,12.3157],[125.1486,12.3049],[125.0697,12.2875],[125.0408,12.2584],[125.0021,12.2531],[124.9001,12.2575],[124.8456,12.2269],[124.8218,12.2262],[124.7546,12.2582],[124.6921,12.2296],[124.6792,12.2305],[124.4871,12.3305],[124.4702,12.3309],[124.4445,12.3001],[124.428,12.2917],[124.3705,12.29]]],[[[124.1686,12.3981],[124.1491,12.4147],[124.1375,12.4376],[124.1336,12.4708],[124.1605,12.456],[124.1766,12.4327],[124.182,12.4069],[124.1686,12.3981]]]]}},{"type":"Feature","properties":{"code":"PH-MAS","name":"Masbate","name_ko":"마스바테","name_en":"Masbate","name_ja":"マスバテ","name_zh":"马斯巴特省","name_es":"Masbate","name_fr":"Masbate","name_de":"Masbate","name_ru":"Масбате","name_pt":"Masbate","name_vi":"Masbate"},"geometry":{"type":"MultiPolygon","coordinates":[[[[124.0549,11.7998],[124.0725,11.7441],[124.0685,11.7279],[124.0549,11.7256],[124.008,11.7967],[123.9744,11.8249],[123.9456,11.8357],[123.9241,11.8596],[123.8903,11.8708],[123.8556,11.9134],[123.8425,11.9062],[123.7874,11.9265],[123.764,11.9157],[123.7429,11.9269],[123.7117,11.9544],[123.7224,11.9758],[123.7458,11.9811],[123.7327,12.0084],[123.7254,11.9953],[123.7191,11.9953],[123.6854,12.0318],[123.6594,12.043],[123.6507,12.057],[123.653,12.0693],[123.6707,12.071],[123.6148,12.0793],[123.6039,12.1187],[123.5464,12.1881],[123.4854,12.2181],[123.4616,12.2157],[123.4242,12.2008],[123.382,12.1451],[123.3648,12.106],[123.3547,12.0954],[123.3284,12.0853],[123.266,12.0075],[123.1814,11.9309],[123.1597,11.9178],[123.1499,11.9302],[123.157,11.9743],[123.1647,11.9944],[123.1901,12.0117],[123.1932,12.0463],[123.2113,12.0773],[123.2102,12.115],[123.216,12.1335],[123.2319,12.1257],[123.2443,12.1498],[123.2772,12.1643],[123.2598,12.194],[123.2946,12.2172],[123.294,12.2355],[123.237,12.2352],[123.2181,12.2281],[123.2178,12.2654],[123.2488,12.3071],[123.2734,12.4237],[123.2656,12.4473],[123.2424,12.4646],[123.2347,12.5928],[123.2422,12.5954],[123.2771,12.5795],[123.3211,12.5707],[123.3565,12.5493],[123.356,12.5434],[123.3384,12.5469],[123.356,12.4956],[123.3267,12.4679],[123.3211,12.4509],[123.3264,12.4381],[123.356,12.4683],[123.3728,12.4714],[123.3738,12.4897],[123.3865,12.5125],[123.3976,12.519],[123.4341,12.5186],[123.4481,12.5124],[123.4956,12.4686],[123.5524,12.4566],[123.5934,12.3944],[123.6092,12.3857],[123.6092,12.3789],[123.5901,12.3723],[123.5881,12.351],[123.637,12.3703],[123.6477,12.3483],[123.6775,12.3448],[123.6882,12.3378],[123.7044,12.3207],[123.7673,12.2141],[123.7936,12.1872],[123.7884,12.2313],[123.7949,12.2469],[123.8488,12.2008],[123.8823,12.2128],[123.8897,12.2008],[123.8897,12.2077],[123.9519,12.1046],[123.9792,12.091],[123.9983,12.0397],[124.0503,11.9711],[124.0549,11.9544],[124.0384,11.9645],[124.0179,11.9956],[123.9995,12.0084],[124.0208,11.9748],[124.0095,11.9658],[124.013,11.9543],[124.0339,11.9265],[124.0583,11.8752],[124.0618,11.8377],[124.0549,11.7998]]],[[[123.7874,12.3756],[123.7948,12.3433],[123.7905,12.338],[123.7749,12.349],[123.7625,12.3781],[123.7327,12.4062],[123.5832,12.6239],[123.5813,12.6464],[123.5973,12.6413],[123.6092,12.6874],[123.6183,12.6873],[123.6467,12.6571],[123.7048,12.6254],[123.7009,12.6154],[123.6912,12.6117],[123.7166,12.6083],[123.7327,12.5913],[123.7279,12.5736],[123.7532,12.5192],[123.7816,12.4187],[123.7894,12.4091],[123.7874,12.3756]]],[[[123.2803,12.8649],[123.2866,12.815],[123.3609,12.7365],[123.3758,12.6936],[123.3411,12.7182],[123.252,12.8327],[123.1853,12.8585],[123.0697,12.9648],[123.0606,12.9885],[123.0355,13.0044],[122.9739,13.0187],[122.9507,13.0437],[122.9445,13.1113],[122.9889,13.129],[122.9922,13.1536],[123.0398,13.1281],[123.0742,13.0847],[123.0946,13.0437],[123.1221,13.0198],[123.1602,12.9376],[123.2014,12.9064],[123.2266,12.8983],[123.2461,12.9065],[123.262,12.8979],[123.2803,12.8649]]]]}},{"type":"Feature","properties":{"code":"PH-MDR","name":"Mindoro Oriental","name_ko":"동민도로","name_en":"Oriental Mindoro","name_ja":"東ミンドロ","name_zh":"东民都洛省","name_es":"Mindoro Oriental","name_fr":"Mindoro oriental","name_de":"Oriental Mindoro","name_ru":"Восточный Миндоро","name_pt":"Oriental Mindoro","name_vi":"Oriental Mindoro"},"geometry":{"type":"Polygon","coordinates":[[[120.8934,13.5047],[120.9154,13.5167],[120.9284,13.505],[120.9448,13.5128],[120.9502,13.5303],[120.9774,13.5303],[120.9844,13.5229],[120.9797,13.5141],[120.957,13.503],[121.0039,13.4597],[121.0269,13.4216],[121.0427,13.413],[121.1087,13.416],[121.1253,13.4048],[121.1216,13.372],[121.1283,13.372],[121.1411,13.4074],[121.1971,13.4409],[121.2178,13.4041],[121.3338,13.3106],[121.3762,13.2451],[121.4305,13.2243],[121.4408,13.2094],[121.4436,13.1877],[121.4326,13.1561],[121.4363,13.1461],[121.4475,13.139],[121.4812,13.1461],[121.527,13.1408],[121.5444,13.1303],[121.553,13.1113],[121.5492,13.0906],[121.5017,13.0543],[121.4895,13.0368],[121.4819,12.9909],[121.492,12.9133],[121.4846,12.8587],[121.4778,12.8587],[121.4856,12.7685],[121.4951,12.7454],[121.5261,12.7045],[121.5309,12.676],[121.5464,12.6441],[121.5457,12.6112],[121.5324,12.6055],[121.4815,12.539],[121.4567,12.5229],[121.4378,12.5216],[121.4368,12.4959],[121.4436,12.482],[121.4363,12.4745],[121.43,12.482],[121.4263,12.4751],[121.43,12.4547],[121.4119,12.4432],[121.4124,12.415],[121.4436,12.3585],[121.4033,12.3698],[121.3843,12.3686],[121.3816,12.351],[121.3889,12.3364],[121.3816,12.3175],[121.3945,12.3077],[121.3958,12.2895],[121.3657,12.3078],[121.3547,12.3241],[121.3164,12.2964],[121.2913,12.2862],[121.273,12.269],[121.2478,12.2199],[121.2475,13.0312],[121.232,13.0558],[121.195,13.0775],[120.7792,13.2551],[120.8918,13.4029],[120.8995,13.4491],[120.8934,13.5047]]]}},{"type":"Feature","properties":{"code":"PH-MDC","name":"Mindoro Occidental","name_ko":"서민도로","name_en":"Occidental Mindoro","name_ja":"西ミンドロ","name_zh":"西民都洛","name_es":"Mindoro Occidental","name_fr":"Mindoro occidental","name_de":"Occidental Mindoro","name_ru":"Западный Миндоро","name_pt":"Ocidental Mindoro","name_vi":"Occidental Mindoro"},"geometry":{"type":"MultiPolygon","coordinates":[[[[121.2478,12.2199],[121.245,12.2144],[121.2302,12.2143],[121.1937,12.2418],[121.1317,12.2418],[121.1136,12.2513],[121.0991,12.2746],[121.0933,12.3037],[121.1011,12.3305],[121.116,12.3052],[121.1426,12.31],[121.1216,12.31],[121.1148,12.3305],[121.0944,12.3454],[121.0873,12.3432],[121.0873,12.3237],[121.0506,12.3494],[121.0205,12.3898],[120.9811,12.4227],[120.939,12.494],[120.9164,12.5124],[120.929,12.5776],[120.9221,12.6171],[120.8545,12.7153],[120.7979,12.7294],[120.782,12.8056],[120.7653,12.8314],[120.779,12.8587],[120.7767,12.9161],[120.7583,13.0024],[120.741,13.0333],[120.697,13.0921],[120.6649,13.1559],[120.6423,13.1833],[120.5946,13.1992],[120.5763,13.2214],[120.5598,13.2287],[120.5252,13.2257],[120.5148,13.2305],[120.5262,13.2492],[120.48,13.3015],[120.4678,13.3335],[120.4597,13.4037],[120.4525,13.4202],[120.44,13.4272],[120.4082,13.4205],[120.3682,13.3834],[120.356,13.3805],[120.3276,13.3969],[120.3093,13.4276],[120.3067,13.4443],[120.3106,13.467],[120.3377,13.5053],[120.3801,13.5264],[120.4032,13.5273],[120.4717,13.5115],[120.5654,13.5131],[120.5954,13.4989],[120.6765,13.493],[120.6902,13.4819],[120.7064,13.4904],[120.7373,13.4682],[120.7546,13.4667],[120.8934,13.5047],[120.8995,13.4491],[120.8918,13.4029],[120.7792,13.2551],[121.195,13.0775],[121.232,13.0558],[121.2475,13.0312],[121.2478,12.2199]]],[[[120.2609,13.7116],[120.2831,13.7025],[120.2854,13.6914],[120.2643,13.6737],[120.2432,13.704],[120.2195,13.7112],[120.2035,13.7358],[120.1828,13.7467],[120.1589,13.7494],[120.1411,13.7668],[120.1082,13.7768],[120.0923,13.7945],[120.0829,13.8179],[120.0799,13.8422],[120.0857,13.8608],[120.1037,13.8663],[120.1428,13.8487],[120.1641,13.8349],[120.1687,13.8245],[120.1834,13.8288],[120.2026,13.8246],[120.2376,13.8046],[120.2717,13.7525],[120.2527,13.7244],[120.2609,13.7116]]],[[[121.116,12.1968],[121.131,12.1644],[121.1189,12.1581],[121.0901,12.1743],[121.0696,12.2114],[121.0516,12.2209],[121.0396,12.2515],[121.0599,12.2784],[121.0881,12.2671],[121.1052,12.2112],[121.116,12.1968]]]]}},{"type":"Feature","properties":{"code":"PH-MAD","name":"Marinduque","name_ko":"마린두케","name_en":"Marinduque","name_ja":"マリンドゥケ","name_zh":"马林杜克省","name_es":"Marinduque","name_fr":"Marinduque","name_de":"Marinduque","name_ru":"Мариндуке","name_pt":"Marinduque","name_vi":"Marinduque"},"geometry":{"type":"Polygon","coordinates":[[[122.1016,13.4167],[122.1289,13.3863],[122.1203,13.3566],[122.0396,13.2696],[122.0491,13.2484],[122.0403,13.2307],[122.0088,13.2048],[121.9932,13.2016],[121.9092,13.2696],[121.875,13.2764],[121.8137,13.3522],[121.8172,13.4648],[121.8508,13.5209],[121.8587,13.5655],[121.8731,13.5685],[121.9092,13.5229],[121.9297,13.5446],[121.945,13.529],[121.968,13.5237],[121.989,13.5305],[121.9979,13.5508],[122.0202,13.5336],[122.0191,13.5092],[122.0339,13.5146],[122.0452,13.5092],[122.0487,13.4988],[122.0396,13.4893],[122.0438,13.4853],[122.0599,13.4757],[122.0752,13.4854],[122.0967,13.4797],[122.1152,13.465],[122.1221,13.4477],[122.1016,13.4409],[122.1016,13.4167]]]}},{"type":"Feature","properties":{"code":"PH-CAT","name":"Catanduanes","name_ko":"카탄두아네스","name_en":"Catanduanes","name_ja":"カタンドゥアネス","name_zh":"卡坦端内斯省","name_es":"Catanduanes","name_fr":"Catanduanes","name_de":"Catanduanes","name_ru":"Катандуанес","name_pt":"Catanduanes","name_vi":"Catanduanes"},"geometry":{"type":"Polygon","coordinates":[[[124.418,13.873],[124.418,13.8655],[124.39,13.8456],[124.4036,13.8388],[124.418,13.7978],[124.39,13.7904],[124.3988,13.7712],[124.39,13.7116],[124.4075,13.6837],[124.4087,13.6673],[124.3866,13.6601],[124.3553,13.6596],[124.3333,13.5725],[124.3347,13.5576],[124.3198,13.5678],[124.2935,13.6041],[124.2516,13.5992],[124.2227,13.5819],[124.1994,13.5304],[124.1878,13.5229],[124.1702,13.5298],[124.0859,13.6],[124.0474,13.606],[124.0481,13.6334],[124.0261,13.6696],[124.0872,13.7161],[124.1074,13.7451],[124.1294,13.8183],[124.1208,13.8759],[124.1359,13.9073],[124.1162,13.989],[124.1359,14.0106],[124.1245,14.0338],[124.1245,14.0494],[124.1369,14.0784],[124.1497,14.0622],[124.1639,14.0656],[124.1936,14.09],[124.2157,14.0865],[124.2526,14.0467],[124.2656,14.0227],[124.2774,13.9555],[124.2954,13.9455],[124.3081,13.9282],[124.3006,13.9207],[124.3081,13.9064],[124.315,13.9064],[124.3298,13.9331],[124.3578,13.9206],[124.418,13.873]]]}},{"type":"Feature","properties":{"code":"PH-BTN","name":"Batanes","name_ko":"바타네스","name_en":"Batanes","name_ja":"バタネス","name_zh":"巴丹群岛省","name_es":"Batanes","name_fr":"Batanes","name_de":"Batanes","name_ru":"Батанес","name_pt":"Batanes","name_vi":"Batanes"},"geometry":{"type":"MultiPolygon","coordinates":[[[[121.8416,20.346],[121.8594,20.3474],[121.8794,20.3334],[121.8932,20.3137],[121.8921,20.2973],[121.8693,20.2762],[121.8508,20.2734],[121.8392,20.3208],[121.8416,20.346]]],[[[122.0098,20.4885],[122.0276,20.4811],[122.0324,20.4641],[121.9637,20.4066],[121.9739,20.3793],[121.9712,20.3685],[121.958,20.355],[121.939,20.3487],[121.9221,20.3542],[121.916,20.3759],[121.9224,20.3933],[121.966,20.4606],[122.0098,20.4885]]],[[[121.8772,20.7703],[121.8517,20.7186],[121.8298,20.699],[121.8034,20.6911],[121.7864,20.7031],[121.7912,20.73],[121.8054,20.759],[121.8377,20.8203],[121.8558,20.8383],[121.866,20.8382],[121.8792,20.814],[121.8772,20.7703]]],[[[121.9474,21.1162],[121.9507,21.1224],[121.9543,21.1184],[121.9491,21.1069],[121.9474,21.1162]]]]}},{"type":"Feature","properties":{"code":"PH-LAP","name":"Lapu-Lapu","name_ko":"라푸라푸","name_en":"Lapu-Lapu","name_ja":"ラプ＝ラプ","name_zh":"拉普拉普","name_es":"Lapu-Lapu","name_fr":"Lapu-Lapu","name_de":"Lapu-Lapu","name_ru":"Лапу-Лапу","name_pt":"Lapu-Lapu","name_vi":"Lapu-Lapu"},"geometry":{"type":"Polygon","coordinates":[[[123.9916,10.3243],[124.0094,10.3118],[124.0386,10.3295],[124.0438,10.3243],[123.976,10.2554],[123.9468,10.246],[123.9332,10.2543],[123.9342,10.2888],[123.9478,10.3065],[123.9916,10.3243]]]}},{"type":"Feature","properties":{"code":"PH-AGS","name":"Agusan del Sur","name_ko":"남아구산","name_en":"Agusan del Sur","name_ja":"南アグサン","name_zh":"南阿古桑省","name_es":"Agusan del Sur","name_fr":"Agusan du Sud","name_de":"Agusan del Sur","name_ru":"Южный Агусан","name_pt":"Agusan do Sul","name_vi":"Agusan del Sur"},"geometry":{"type":"Polygon","coordinates":[[[125.767,9.2128],[125.7893,9.1632],[125.8025,9.111],[125.8089,9.001],[125.8021,8.9667],[125.8132,8.956],[125.8399,8.9573],[125.8492,8.951],[125.8738,8.8791],[125.9056,8.8493],[125.9197,8.8235],[125.9515,8.8011],[125.9461,8.7654],[125.9523,8.7551],[126.024,8.6884],[126.0326,8.6676],[126.0315,8.6446],[126.0221,8.6216],[125.9913,8.5689],[125.9982,8.5318],[126.0557,8.4357],[126.069,8.3907],[126.1004,8.3729],[126.2042,8.3587],[126.2228,8.3488],[126.2247,8.3179],[126.205,8.2148],[126.2175,8.154],[126.278,8.0532],[126.2912,7.9958],[125.3743,7.9978],[125.3649,8.0268],[125.3601,8.1242],[125.3288,8.1897],[125.3239,8.2133],[125.3318,8.2665],[125.3143,8.3234],[125.3143,8.394],[125.3041,8.4415],[125.3207,8.5898],[125.4051,8.5881],[125.4318,8.5969],[125.4545,8.6198],[125.4893,8.6761],[125.5347,8.6997],[125.6623,8.6873],[125.7034,8.7128],[125.7067,8.7274],[125.6917,8.7714],[125.6737,8.8009],[125.6621,8.8766],[125.693,8.9574],[125.767,9.2128]]]}},{"type":"Feature","properties":{"code":"PH-BUK","name":"Bukidnon","name_ko":"부키드논","name_en":"Bukidnon","name_ja":"ブキドノン","name_zh":"布基农省","name_es":"Bukidnon","name_fr":"Bukidnon","name_de":"Bukidnon","name_ru":"Букиднон","name_pt":"Bukidnon","name_vi":"Bukidnon"},"geometry":{"type":"Polygon","coordinates":[[[125.2312,8.5917],[125.3207,8.5898],[125.3041,8.4415],[125.3143,8.394],[125.3143,8.3234],[125.3318,8.2665],[125.3239,8.2133],[125.3288,8.1897],[125.3601,8.1242],[125.3649,8.0268],[125.4113,7.9151],[125.4233,7.8522],[125.4405,7.8053],[125.4441,7.7786],[125.4348,7.7081],[125.4217,7.6807],[125.4003,7.6666],[125.348,7.6775],[125.3037,7.6784],[125.3051,7.6551],[125.2811,7.5828],[125.266,7.5784],[125.2301,7.5853],[125.2194,7.5713],[125.2017,7.5667],[125.1384,7.4997],[125.0755,7.4714],[125.06,7.4248],[125.012,7.4074],[124.9936,7.3899],[124.966,7.4026],[124.9527,7.419],[124.9249,7.4278],[124.8993,7.4097],[124.8776,7.4375],[124.8726,7.4858],[124.8559,7.5347],[124.8181,7.5723],[124.804,7.6193],[124.7656,7.6513],[124.7433,7.6936],[124.7376,7.7214],[124.7049,7.7764],[124.6609,7.8311],[124.6315,7.8461],[124.6231,7.8833],[124.6045,7.9102],[124.6045,7.9219],[124.6226,7.9342],[124.6539,7.9324],[124.6672,7.9377],[124.6712,7.96],[124.5721,8.0885],[124.5598,8.1189],[124.5742,8.1855],[124.5676,8.2222],[124.5904,8.2809],[124.6198,8.4136],[124.7852,8.403],[124.8213,8.4123],[124.8287,8.4324],[124.8256,8.5156],[124.8331,8.5343],[124.8618,8.5685],[124.9025,8.5927],[125.2312,8.5917]]]}},{"type":"Feature","properties":{"code":"PH-NCO","name":"Cotabato","name_ko":"코타바토","name_en":"Cotabato","name_ja":"コタバト","name_zh":"哥打巴托省","name_es":"Cotabato","name_fr":"Cotabato","name_de":"Cotabato","name_ru":"Котабато","name_pt":"Cotabato","name_vi":"Cotabato"},"geometry":{"type":"Polygon","coordinates":[[[124.5231,7.6908],[124.5418,7.6784],[124.5681,7.6406],[124.5918,7.6248],[124.6205,7.6211],[124.7267,7.6283],[124.8086,7.6111],[124.8181,7.5723],[124.8622,7.5237],[124.8776,7.4375],[124.8897,7.4157],[124.8993,7.4097],[124.9172,7.4259],[124.9327,7.426],[124.9527,7.419],[124.9825,7.3916],[124.9936,7.3899],[125.012,7.4074],[125.06,7.4248],[125.0755,7.4714],[125.1384,7.4997],[125.2017,7.5667],[125.2194,7.5713],[125.2301,7.5853],[125.266,7.5786],[125.2767,7.5339],[125.2451,7.4297],[125.2362,7.362],[125.2499,7.2386],[125.2225,7.1833],[125.2477,7.1564],[125.2976,7.1223],[125.3062,7.0478],[125.315,7.0282],[125.309,7.0202],[125.2692,7.0028],[125.2685,6.9548],[125.1664,6.8446],[125.1497,6.7822],[124.8965,6.7289],[124.8451,6.7586],[124.8372,6.7676],[124.833,6.9753],[124.7945,6.9737],[124.7862,6.9808],[124.7827,7.0322],[124.7979,7.0745],[124.7802,7.1139],[124.7223,7.201],[124.6929,7.164],[124.6988,7.1468],[124.7224,7.1194],[124.6668,7.0787],[124.7076,7.0358],[124.7128,7.0198],[124.7096,7.0048],[124.7209,6.996],[124.6815,6.9509],[124.667,6.9504],[124.6274,6.9699],[124.5824,6.9823],[124.5615,6.9991],[124.5595,7.0338],[124.534,7.0504],[124.485,7.0607],[124.4472,7.0981],[124.484,7.1887],[124.4902,7.2279],[124.4527,7.239],[124.4353,7.2353],[124.3776,7.1719],[124.3482,7.1662],[124.3257,7.175],[124.3331,7.2009],[124.4927,7.4332],[124.4932,7.4499],[124.4561,7.5061],[124.4488,7.5395],[124.4646,7.6696],[124.5066,7.6902],[124.5231,7.6908]]]}},{"type":"Feature","properties":{"code":"PH-SCO","name":"South Cotabato","name_ko":"남코타바토","name_en":"South Cotabato","name_ja":"南コタバト","name_zh":"南哥打巴托省","name_es":"Cotabato del Sur","name_fr":"Cotabato du Sud","name_de":"South Cotabato","name_ru":"Южный Котабато","name_pt":"Cotabato do Sul","name_vi":"Nam Cotabato"},"geometry":{"type":"Polygon","coordinates":[[[124.634,6.6394],[124.673,6.5905],[124.6881,6.5914],[124.7517,6.6367],[124.7767,6.6144],[124.8302,6.5368],[124.8557,6.5315],[124.9258,6.5618],[125.0103,6.5699],[125.1765,6.5633],[125.1682,6.5408],[125.1587,6.4646],[125.1398,6.4431],[125.1408,6.4349],[125.0958,6.3901],[125.0754,6.3425],[125.1374,6.3207],[125.1025,6.2517],[125.1191,6.1908],[125.036,6.1964],[125.036,6.0635],[125.0482,6.0049],[124.8287,6.0054],[124.7894,6.0117],[124.7061,6.0562],[124.6319,6.0858],[124.4867,6.1769],[124.3964,6.213],[124.3829,6.1622],[124.3097,6.2209],[124.2493,6.2925],[124.6417,6.2923],[124.6491,6.3312],[124.6285,6.3997],[124.6364,6.4433],[124.618,6.466],[124.6205,6.4847],[124.6064,6.5105],[124.6331,6.6101],[124.634,6.6394]]]}},{"type":"Feature","properties":{"code":"PH-MNL","name":"Muntinlupa","name_ko":"문틴루파","name_en":"Muntinlupa","name_ja":"モンティンルパ","name_zh":"蒙廷卢帕","name_es":"Muntinlupa","name_fr":"Muntinlupa","name_de":"Muntinlupa","name_ru":"Мунтинлупа","name_pt":"Muntinlupa","name_vi":"Muntinlupa"},"geometry":{"type":"Polygon","coordinates":[[[121.0148,14.3591],[121.0142,14.3971],[121.033,14.4386],[121.0559,14.4494],[121.0559,14.4649],[121.0727,14.4696],[121.1347,14.4541],[121.1434,14.3882],[121.0671,14.385],[121.0148,14.3591]]]}},{"type":"Feature","properties":{"code":"PH-MNL","name":"Caloocan","name_ko":"칼로오칸","name_en":"Caloocan","name_ja":"カローカン","name_zh":"卡洛奥坎","name_es":"Caloocan","name_fr":"Caloocan","name_de":"Caloocan","name_ru":"Калоокан","name_pt":"Caloocan","name_vi":"Caloocan"},"geometry":{"type":"MultiPolygon","coordinates":[[[[121.0583,14.7667],[121.1158,14.7528],[121.1128,14.7435],[121.0891,14.728],[121.0507,14.725],[121.0261,14.7081],[121.0256,14.6948],[121.0166,14.698],[121.011,14.7032],[121.0179,14.7304],[121.009,14.7395],[121.0313,14.7488],[121.0404,14.7638],[121.0583,14.7667]]],[[[120.9687,14.6365],[120.9717,14.6507],[120.9997,14.6533],[121.0084,14.6607],[121.0045,14.6645],[121.0105,14.6732],[121.0356,14.6792],[121.0092,14.6499],[121.001,14.6274],[120.9769,14.6283],[120.9687,14.6365]]]]}},{"type":"Feature","properties":{"code":"PH-MNL","name":"Malabon","name_ko":"말라본","name_en":"Malabon","name_ja":"マラボン","name_zh":"马拉邦","name_es":"Malabón","name_fr":"Malabon","name_de":"Malabon City","name_ru":"Малабон","name_pt":"Malabon","name_vi":"Malabon"},"geometry":{"type":"Polygon","coordinates":[[[120.934,14.6934],[120.9549,14.6792],[120.9533,14.6889],[120.9635,14.6857],[120.973,14.6671],[121.0084,14.6607],[120.9997,14.6533],[120.9717,14.6507],[120.9687,14.6365],[120.9289,14.6879],[120.934,14.6934]]]}},{"type":"Feature","properties":{"code":"PH-MNL","name":"Valenzuela","name_ko":"발렌수엘라","name_en":"Valenzuela City","name_ja":"ヴァレンズエラ","name_zh":"瓦伦祖拉","name_es":"Valenzuela","name_fr":"Valenzuela","name_de":"Valenzuela","name_ru":"Валнсуэла","name_pt":"Valenzuela","name_vi":"Valenzuela"},"geometry":{"type":"Polygon","coordinates":[[[120.9672,14.7071],[120.9896,14.7157],[120.9982,14.7349],[121.009,14.7395],[121.0187,14.7248],[121.011,14.7032],[121.0373,14.6853],[121.0356,14.6792],[121.0105,14.6732],[120.9941,14.6602],[120.973,14.6671],[120.9319,14.721],[120.9533,14.721],[120.9672,14.7071]]]}},{"type":"Feature","properties":{"code":"PH-MNL","name":"Quezon City","name_ko":"케손 시티","name_en":"Quezon City","name_ja":"ケソン市","name_zh":"奎松市","name_es":"Ciudad Quezon","name_fr":"Quezon City","name_de":"Quezon City","name_ru":"Ке́сон-Си́ти","name_pt":"Cidade Quezon","name_vi":"Thành phố Quezon"},"geometry":{"type":"Polygon","coordinates":[[[121.1293,14.7612],[121.1543,14.7584],[121.1374,14.7386],[121.1366,14.7261],[121.1461,14.7187],[121.1305,14.6889],[121.1262,14.6635],[121.1029,14.6445],[121.0951,14.6445],[121.0982,14.6363],[121.0887,14.6177],[121.1038,14.5974],[121.096,14.5845],[121.0714,14.5836],[121.0697,14.5996],[121.0619,14.6022],[121.0347,14.6069],[121.03,14.5974],[120.9993,14.6181],[121.0092,14.6499],[121.0356,14.6792],[121.0373,14.6853],[121.0256,14.6887],[121.0261,14.7081],[121.0507,14.725],[121.0891,14.728],[121.1293,14.7612]]]}},{"type":"Feature","properties":{"code":"PH-NUE","name":"Nueva Ecija","name_ko":"누에바에시하","name_en":"Nueva Ecija","name_ja":"ヌエヴァ・エシハ","name_zh":"新怡诗夏省","name_es":"Nueva Écija","name_fr":"Nueva Ecija","name_de":"Nueva Ecija","name_ru":"Нуэва-Эсиха","name_pt":"Nova Ecija","name_vi":"Nueva Ecija"},"geometry":{"type":"Polygon","coordinates":[[[120.862,15.1651],[120.8454,15.1665],[120.8393,15.196],[120.8045,15.2068],[120.7796,15.2256],[120.7742,15.2394],[120.7822,15.2885],[120.7442,15.3406],[120.7552,15.4261],[120.7473,15.4998],[120.7326,15.5518],[120.7628,15.5969],[120.7631,15.6112],[120.6959,15.6224],[120.6622,15.6579],[120.6425,15.7108],[120.6273,15.8187],[120.7372,15.8451],[120.7676,15.8443],[120.7825,15.8355],[120.8118,15.7923],[120.824,15.7903],[120.852,15.8246],[120.8843,15.8996],[120.9191,15.9365],[120.926,15.9776],[120.917,16.0195],[120.8865,16.1007],[120.9102,16.1214],[120.9444,16.1329],[121.0137,16.1358],[121.095,16.1178],[121.138,16.1013],[121.1675,16.0809],[121.1848,16.0498],[121.1948,15.9423],[121.2074,15.8982],[121.2506,15.8201],[121.3611,15.5079],[121.3684,15.4707],[121.3658,15.4354],[121.3322,15.3279],[121.3026,15.1815],[121.2523,15.1825],[121.1636,15.245],[121.1177,15.2601],[121.0765,15.2567],[120.9161,15.2152],[120.9063,15.2111],[120.8971,15.1866],[120.862,15.1651]]]}},{"type":"Feature","properties":{"code":"PH-LAG","name":"Laguna","name_ko":"라구나","name_en":"Laguna","name_ja":"ラグナ","name_zh":"内湖省","name_es":"La Laguna","name_fr":"Laguna","name_de":"Laguna","name_ru":"Лагуна","name_pt":"Laguna","name_vi":"Laguna"},"geometry":{"type":"Polygon","coordinates":[[[121.4662,14.5629],[121.5223,14.4717],[121.5903,14.3133],[121.6005,14.2498],[121.5945,14.2195],[121.55,14.1564],[121.5198,14.0911],[121.5037,14.0745],[121.4165,14.051],[121.3439,14.0009],[121.2645,13.9615],[121.2637,13.9845],[121.2343,13.9953],[121.2237,14.0059],[121.2055,14.1116],[121.181,14.1385],[121.1297,14.1494],[121.033,14.144],[121.0286,14.1724],[121.0576,14.2408],[121.0471,14.2582],[121.0747,14.3159],[121.062,14.3273],[121.0246,14.323],[121.0148,14.3282],[121.0148,14.3591],[121.0671,14.385],[121.1434,14.3882],[121.1253,14.5249],[121.1394,14.5274],[121.1723,14.5024],[121.2055,14.4201],[121.2265,14.3196],[121.2423,14.3018],[121.2628,14.3496],[121.2377,14.394],[121.2343,14.4679],[121.2468,14.5025],[121.261,14.5144],[121.2774,14.509],[121.2859,14.4893],[121.3232,14.4659],[121.3344,14.443],[121.3345,14.39],[121.321,14.3449],[121.3063,14.3195],[121.3092,14.2905],[121.3884,14.3451],[121.3717,14.3684],[121.3748,14.397],[121.3595,14.4665],[121.3668,14.5013],[121.3859,14.5322],[121.4605,14.5715],[121.4662,14.5629]]]}},{"type":"Feature","properties":{"code":"PH-RIZ","name":"Rizal","name_ko":"리살","name_en":"Rizal","name_ja":"リサール","name_zh":"黎刹省","name_es":"Rizal","name_fr":"Rizal","name_de":"Rizal","name_ru":"Рисаль","name_pt":"Rizal","name_vi":"Rizal"},"geometry":{"type":"Polygon","coordinates":[[[121.3421,14.8893],[121.3458,14.7928],[121.3546,14.7472],[121.374,14.7034],[121.4605,14.5715],[121.3859,14.5322],[121.3668,14.5013],[121.3595,14.4665],[121.3748,14.397],[121.3717,14.3684],[121.3884,14.3451],[121.3092,14.2905],[121.3063,14.3195],[121.321,14.3449],[121.3381,14.4165],[121.3303,14.4552],[121.3136,14.4737],[121.2859,14.4893],[121.2774,14.509],[121.261,14.5144],[121.2468,14.5025],[121.2343,14.4679],[121.2377,14.394],[121.2628,14.3496],[121.2423,14.3018],[121.2265,14.3196],[121.2055,14.4201],[121.1723,14.5024],[121.1394,14.5274],[121.1253,14.5249],[121.1184,14.5483],[121.1245,14.5568],[121.1189,14.5659],[121.1258,14.5948],[121.1184,14.6091],[121.131,14.6276],[121.1474,14.625],[121.1521,14.6458],[121.15,14.6557],[121.1262,14.6635],[121.1305,14.6889],[121.1461,14.7187],[121.1366,14.7261],[121.1374,14.7386],[121.2058,14.8264],[121.2428,14.8339],[121.2684,14.8486],[121.3081,14.8905],[121.3421,14.8893]]]}},{"type":"Feature","properties":{"code":"PH-MNL","name":"Taguig","name_ko":"타기그","name_en":"Taguig City","name_ja":"タギッグ","name_zh":"达义","name_es":"Taguig","name_fr":"Taguig","name_de":"Taguig City","name_ru":"Тагиг","name_pt":"Taguig","name_vi":"Taguig"},"geometry":{"type":"Polygon","coordinates":[[[121.1253,14.5249],[121.1347,14.4541],[121.0727,14.4696],[121.0559,14.4649],[121.0571,14.502],[121.0446,14.5072],[121.0321,14.5275],[121.0559,14.5378],[121.052,14.5543],[121.0653,14.5573],[121.0731,14.5512],[121.0697,14.5314],[121.0917,14.543],[121.1094,14.5409],[121.1253,14.5249]]]}},{"type":"Feature","properties":{"code":"PH-MNL","name":"Marikina","name_ko":"마리키나","name_en":"Marikina","name_ja":"マリキナ","name_zh":"马里基纳","name_es":"Mariquina","name_fr":"Marikina","name_de":"Marikina City","name_ru":"Марикина","name_pt":"Marikina","name_vi":"Marikina"},"geometry":{"type":"Polygon","coordinates":[[[121.1262,14.6635],[121.15,14.6557],[121.1474,14.625],[121.131,14.6276],[121.1184,14.6091],[121.0969,14.6151],[121.0921,14.6086],[121.0887,14.6177],[121.0982,14.6363],[121.0951,14.6445],[121.1029,14.6445],[121.1262,14.6635]]]}},{"type":"Feature","properties":{"code":"PH-MNL","name":"Pasig","name_ko":"파시그","name_en":"Pasig","name_ja":"パシッグ","name_zh":"帕西格","name_es":"Pásig","name_fr":"Pasig","name_de":"Pasig City","name_ru":"Пасиг","name_pt":"Pasig","name_vi":"Pasig"},"geometry":{"type":"Polygon","coordinates":[[[121.1184,14.6091],[121.1258,14.5948],[121.1189,14.5659],[121.1245,14.5568],[121.1184,14.5483],[121.1253,14.5249],[121.1094,14.5409],[121.0805,14.5478],[121.0796,14.5568],[121.0645,14.5646],[121.0714,14.5836],[121.096,14.5845],[121.1038,14.5974],[121.0921,14.6086],[121.0969,14.6151],[121.1184,14.6091]]]}},{"type":"Feature","properties":{"code":"PH-QUI","name":"Quirino","name_ko":"키리노","name_en":"Quirino","name_ja":"キリノ","name_zh":"季里诺省","name_es":"Quirino","name_fr":"Quirino","name_de":"Quirino","name_ru":"Кирино","name_pt":"Quirino","name_vi":"Quirino"},"geometry":{"type":"Polygon","coordinates":[[[122.0375,16.5076],[121.8724,16.2819],[121.8083,16.2187],[121.4477,15.9243],[121.3361,16.0763],[121.3216,16.1062],[121.2876,16.2596],[121.2927,16.2683],[121.4113,16.334],[121.4217,16.3463],[121.4307,16.4026],[121.3893,16.4068],[121.37,16.4176],[121.3579,16.4335],[121.3997,16.6512],[121.4276,16.6355],[121.466,16.6294],[121.5405,16.6296],[121.5699,16.6106],[121.7382,16.4039],[121.752,16.3957],[122.0375,16.5076]]]}},{"type":"Feature","properties":{"code":"PH-ISA","name":"Santiago","name_ko":"산티아고","name_en":"Santiago","name_ja":"サンティアゴ","name_zh":"圣地亚哥河","name_es":"Santiago","name_fr":"Santiago","name_de":"Santiago","name_ru":"Сантьяго","name_pt":"Santiago","name_vi":"Santiago"},"geometry":{"type":"Polygon","coordinates":[[[121.5699,16.6106],[121.5405,16.6296],[121.488,16.6295],[121.5036,16.68],[121.4763,16.7226],[121.3901,16.6943],[121.3354,16.7643],[121.3412,16.7809],[121.3654,16.7836],[121.3743,16.7954],[121.4096,16.8048],[121.4264,16.8316],[121.479,16.8307],[121.6081,16.7139],[121.6028,16.6434],[121.5699,16.6106]]]}},{"type":"Feature","properties":{"code":"PH-NUV","name":"Nueva Vizcaya","name_ko":"누에바비스카야","name_en":"Nueva Vizcaya","name_ja":"ヌエヴァ・ヴィスカヤ","name_zh":"新比斯开省","name_es":"Nueva Vizcaya","name_fr":"Nueva Vizcaya","name_de":"Nueva Vizcaya","name_ru":"Нуэва-Виская","name_pt":"Nova Vizcaya","name_vi":"Nueva Vizcaya"},"geometry":{"type":"Polygon","coordinates":[[[121.4477,15.9243],[121.2673,15.7776],[121.2074,15.8982],[121.1948,15.9423],[121.1848,16.0498],[121.1675,16.0809],[121.138,16.1013],[121.095,16.1178],[121.0137,16.1358],[120.9444,16.1329],[120.9102,16.1214],[120.8865,16.1007],[120.8638,16.1634],[120.847,16.1748],[120.7566,16.2007],[120.7545,16.2305],[120.7618,16.262],[120.7769,16.2906],[120.7987,16.3123],[120.8154,16.3193],[120.8401,16.3173],[120.8565,16.3254],[120.8915,16.39],[120.9065,16.4612],[120.9026,16.5974],[121.2369,16.6529],[121.2802,16.6649],[121.3026,16.6957],[121.3207,16.7085],[121.3373,16.7422],[121.3354,16.7643],[121.3798,16.7129],[121.3968,16.6822],[121.3997,16.6512],[121.3579,16.4335],[121.37,16.4176],[121.3893,16.4068],[121.4307,16.4026],[121.4266,16.3647],[121.4113,16.334],[121.2927,16.2683],[121.2876,16.2596],[121.3216,16.1062],[121.3361,16.0763],[121.4477,15.9243]]]}},{"type":"Feature","properties":{"code":"PH-BEN","name":"Benguet","name_ko":"벵게트","name_en":"Benguet","name_ja":"ベンゲット","name_zh":"本格特省","name_es":"Benguet","name_fr":"Benguet","name_de":"Benguet","name_ru":"Бенгет","name_pt":"Benguet","name_vi":"Benguet"},"geometry":{"type":"Polygon","coordinates":[[[120.526,16.2321],[120.5044,16.2839],[120.4885,16.3441],[120.472,16.4638],[120.4829,16.5162],[120.5143,16.5665],[120.595,16.6526],[120.6188,16.6939],[120.6378,16.8601],[120.6622,16.8958],[120.739,16.9052],[120.7735,16.921],[120.8085,16.8792],[120.8509,16.8463],[120.8794,16.7987],[120.9026,16.5974],[120.9065,16.4612],[120.8915,16.39],[120.8565,16.3254],[120.8401,16.3173],[120.8154,16.3193],[120.7987,16.3123],[120.7769,16.2906],[120.7618,16.262],[120.7545,16.2305],[120.7566,16.2007],[120.6705,16.1869],[120.526,16.2321]],[[120.6526,16.3536],[120.6448,16.432],[120.5639,16.4346],[120.5847,16.3589],[120.6526,16.3536]]]}},{"type":"Feature","properties":{"code":"PH-IFU","name":"Ifugao","name_ko":"이푸가오","name_en":"Ifugao","name_ja":"イフガオ","name_zh":"伊富高省","name_es":"Ifugao","name_fr":"Ifugao","name_de":"Ifugao","name_ru":"Ифугао","name_pt":"Ifugao","name_vi":"Ifugao"},"geometry":{"type":"Polygon","coordinates":[[[121.5635,17.0866],[121.5765,17.012],[121.571,16.911],[121.5492,16.892],[121.5248,16.8454],[121.479,16.8307],[121.4264,16.8316],[121.4096,16.8048],[121.3743,16.7954],[121.3654,16.7836],[121.3412,16.7809],[121.3354,16.7643],[121.3373,16.7422],[121.3207,16.7085],[121.3026,16.6957],[121.2802,16.6649],[121.2369,16.6529],[120.9026,16.5974],[120.8794,16.7987],[120.8509,16.8463],[120.8692,16.852],[120.9194,16.8447],[120.9362,16.856],[120.9745,16.951],[121.0095,16.983],[121.0531,17.0048],[121.0988,17.0142],[121.2252,17.0099],[121.3754,17.0733],[121.435,17.086],[121.5635,17.0866]]]}},{"type":"Feature","properties":{"code":"PH-MOU","name":"Mountain Province","name_ko":"마운틴","name_en":"Mountain","name_ja":"マウンテン州","name_zh":"高山省","name_es":"La Montaña","name_fr":"Mountain","name_de":"Mountain","name_ru":"Горная провинция","name_pt":"da Montanha","name_vi":"Mountain"},"geometry":{"type":"Polygon","coordinates":[[[121.5706,17.2501],[121.5697,17.1272],[121.5635,17.0866],[121.435,17.086],[121.3754,17.0733],[121.2252,17.0099],[121.0988,17.0142],[121.0531,17.0048],[121.0095,16.983],[120.9745,16.951],[120.9547,16.9104],[120.9456,16.8719],[120.9362,16.856],[120.9194,16.8447],[120.8692,16.852],[120.8509,16.8463],[120.8085,16.8792],[120.7735,16.921],[120.7881,16.9589],[120.781,17.0706],[120.7913,17.1056],[120.8101,17.1421],[120.8375,17.1706],[120.8968,17.1876],[120.9073,17.2038],[120.9148,17.2493],[121.0948,17.1851],[121.1945,17.1681],[121.2692,17.1919],[121.3412,17.2575],[121.3845,17.2866],[121.4242,17.2983],[121.5706,17.2501]]]}},{"type":"Feature","properties":{"code":"PH-TAR","name":"Tarlac","name_ko":"타를라크","name_en":"Tarlac","name_ja":"タルラック","name_zh":"丹辘省","name_es":"Tarlac","name_fr":"Tarlac","name_de":"Tarlac","name_ru":"Тарлак","name_pt":"Tarlac","name_vi":"Tarlac"},"geometry":{"type":"Polygon","coordinates":[[[120.7636,15.2594],[120.7479,15.2737],[120.6954,15.2629],[120.5562,15.2542],[120.4654,15.2211],[120.4028,15.1709],[120.3806,15.169],[120.3495,15.2251],[120.3081,15.2737],[120.2727,15.293],[120.1953,15.3211],[120.1637,15.3432],[120.1438,15.4065],[120.1694,15.4802],[120.247,15.614],[120.3066,15.6437],[120.3316,15.6653],[120.3575,15.7183],[120.3743,15.7399],[120.3952,15.7529],[120.4181,15.7503],[120.4907,15.7157],[120.5367,15.7427],[120.5628,15.7676],[120.6012,15.8698],[120.6273,15.8187],[120.6425,15.7108],[120.6622,15.6579],[120.6959,15.6224],[120.7631,15.6112],[120.7628,15.5969],[120.7326,15.5518],[120.7473,15.4998],[120.7552,15.4261],[120.7442,15.3406],[120.7822,15.2885],[120.7763,15.2595],[120.7636,15.2594]]]}},{"type":"Feature","properties":{"code":"PH-APA","name":"Apayao","name_ko":"아파야오","name_en":"Apayao","name_ja":"アパヤオ","name_zh":"阿巴尧省","name_es":"Apayao","name_fr":"Apayao","name_de":"Apayao","name_ru":"Апаяо","name_pt":"Apayao","name_vi":"Apayao"},"geometry":{"type":"Polygon","coordinates":[[[120.9385,17.9671],[120.9336,17.982],[120.9471,17.9965],[120.9414,18.0979],[120.9463,18.1158],[120.9821,18.1702],[120.9708,18.1935],[120.9175,18.2221],[120.9092,18.2407],[120.9123,18.2533],[120.9441,18.2724],[120.9537,18.2915],[120.956,18.3124],[120.9458,18.3763],[120.9571,18.4468],[120.9995,18.4682],[121.043,18.5066],[121.0592,18.5317],[121.0728,18.5362],[121.0868,18.5303],[121.1003,18.4849],[121.1255,18.4668],[121.2279,18.4352],[121.2785,18.4113],[121.457,18.3019],[121.4786,18.2704],[121.4868,18.2316],[121.4847,18.1859],[121.4616,18.0983],[121.3762,17.9415],[121.3593,17.8951],[121.3184,17.8426],[121.319,17.8235],[121.3415,17.8071],[121.3866,17.8013],[121.4007,17.7884],[121.4288,17.7176],[121.2966,17.7018],[121.219,17.6824],[121.1268,17.6835],[121.1155,17.7821],[121.1029,17.8162],[121.0847,17.8347],[121.0256,17.8388],[121.0055,17.8644],[120.9811,17.9457],[120.9642,17.9595],[120.9385,17.9671]]]}},{"type":"Feature","properties":{"code":"PH-KAL","name":"Kalinga","name_ko":"칼링가","name_en":"Kalinga","name_ja":"カリンガ","name_zh":"卡林阿省","name_es":"Kalinga","name_fr":"Kalinga","name_de":"Kalinga","name_ru":"Калинга","name_pt":"Kalinga","name_vi":"Kalinga"},"geometry":{"type":"Polygon","coordinates":[[[121.4288,17.7176],[121.5664,17.5634],[121.6379,17.529],[121.6529,17.5182],[121.6701,17.4897],[121.658,17.4648],[121.613,17.4202],[121.6039,17.3974],[121.5944,17.3276],[121.5719,17.271],[121.5706,17.2501],[121.4242,17.2983],[121.3845,17.2866],[121.3412,17.2575],[121.2692,17.1919],[121.1945,17.1681],[121.0948,17.1851],[120.9148,17.2493],[120.9264,17.2816],[120.983,17.366],[120.9924,17.3968],[120.9969,17.4615],[121.0081,17.4898],[121.0286,17.5075],[121.1035,17.5463],[121.1176,17.5756],[121.0999,17.6301],[121.0995,17.6612],[121.1047,17.6675],[121.1268,17.6835],[121.219,17.6824],[121.2966,17.7018],[121.4288,17.7176]]]}},{"type":"Feature","properties":{"code":"PH-ABR","name":"Abra","name_ko":"아브라","name_en":"Abra","name_ja":"アブラ","name_zh":"阿布拉省","name_es":"Abra","name_fr":"Abra","name_de":"Abra","name_ru":"Абра","name_pt":"Abra","name_vi":"Abra"},"geometry":{"type":"Polygon","coordinates":[[[120.8883,17.9458],[120.9179,17.9485],[120.9385,17.9671],[120.9642,17.9595],[120.9811,17.9457],[120.9911,17.9261],[121.001,17.8754],[121.0256,17.8388],[121.0847,17.8347],[121.1029,17.8162],[121.1155,17.7821],[121.128,17.6979],[121.1213,17.6759],[121.0995,17.6612],[121.0999,17.6301],[121.1176,17.5756],[121.1035,17.5463],[121.0286,17.5075],[121.0081,17.4898],[120.9969,17.4615],[120.9924,17.3968],[120.983,17.366],[120.9264,17.2816],[120.9073,17.2038],[120.8968,17.1876],[120.8738,17.1821],[120.813,17.2118],[120.7961,17.2057],[120.754,17.1585],[120.7304,17.1557],[120.6987,17.1782],[120.6861,17.1985],[120.6748,17.2615],[120.6273,17.2732],[120.612,17.2999],[120.5726,17.3056],[120.5496,17.3176],[120.5355,17.3383],[120.5338,17.3673],[120.5858,17.4509],[120.5858,17.4798],[120.5504,17.4999],[120.5258,17.5033],[120.4767,17.4941],[120.4672,17.4992],[120.4828,17.588],[120.4978,17.6298],[120.5527,17.7321],[120.5962,17.7965],[120.6182,17.819],[120.647,17.8335],[120.6988,17.8466],[120.7437,17.8926],[120.8278,17.9435],[120.8883,17.9458]]]}},{"type":"Feature","properties":{"code":"PH-CAS","name":"Naga","name_ko":"나가","name_en":"Naga","name_ja":"ナが","name_zh":"那牙","name_es":"Naga","name_fr":"Naga","name_de":"Naga City","name_ru":"Нага","name_pt":"Naga","name_vi":"Naga"},"geometry":{"type":"Polygon","coordinates":[[[123.2934,13.6633],[123.3683,13.6199],[123.2342,13.5686],[123.1396,13.6199],[123.2934,13.6633]]]}},{"type":"Feature","properties":{"code":"PH-PAM","name":"Angeles","name_ko":"앤젤러스","name_en":"Angeles","name_ja":"アンヘレス","name_zh":"安赫莱斯","name_es":"Angeles","name_fr":"Ángeles","name_de":"Angeles","name_ru":"Анджелес","name_pt":"Angeles","name_vi":"Angeles"},"geometry":{"type":"Polygon","coordinates":[[[120.637,15.1789],[120.637,15.1163],[120.5926,15.1032],[120.5534,15.1346],[120.5117,15.145],[120.5691,15.1763],[120.637,15.1789]]]}},{"type":"Feature","properties":{"code":"PH-BEN","name":"Baguio","name_ko":"바기오","name_en":"Baguio","name_ja":"バギオ","name_zh":"碧瑶","name_es":"Baguio","name_fr":"Baguio","name_de":"Baguio","name_ru":"Багио","name_pt":"Baguio","name_vi":"Baguio"},"geometry":{"type":"Polygon","coordinates":[[[120.5639,16.4346],[120.6448,16.432],[120.6526,16.3536],[120.5847,16.3589],[120.5639,16.4346]]]}},{"type":"Feature","properties":{"code":"PH-MNL","name":"Makati","name_ko":"마카티","name_en":"Makati","name_ja":"マカティ","name_zh":"马卡迪","name_es":"Macati","name_fr":"Makati","name_de":"Makati City","name_ru":"Мака́ти","name_pt":"Makati","name_vi":"Makati"},"geometry":{"type":"Polygon","coordinates":[[[121.0744,14.5305],[121.0679,14.5435],[121.0731,14.5512],[121.0653,14.5573],[121.052,14.5543],[121.0559,14.5378],[121.0321,14.5275],[121.0226,14.5296],[121.0174,14.5465],[121.0062,14.5577],[121.0265,14.575],[121.0446,14.5625],[121.0645,14.5646],[121.0796,14.5568],[121.0744,14.5305]]]}},{"type":"Feature","properties":{"code":"PH-MNL","name":"Pateros","name_ko":"파테로스","name_en":"Pateros","name_ja":"パテロス","name_zh":"帕特罗斯","name_es":"Pateros","name_fr":"Pateros","name_de":"Pateros","name_ru":"Патерос","name_pt":"Pateros","name_vi":"Pateros"},"geometry":{"type":"Polygon","coordinates":[[[121.0774,14.5348],[121.0805,14.5478],[121.0908,14.5473],[121.0848,14.5357],[121.0774,14.5348]]]}},{"type":"Feature","properties":{"code":"PH-MNL","name":"Mandaluyong City","name_ko":"만달루용 시티","name_en":"Mandaluyong","name_ja":"マンダルヨン","name_zh":"曼达卢永市","name_es":"Ciudad de Mandaluyong","name_fr":"Mandaluyong","name_de":"Mandaluyong City","name_ru":"Мандальюионг","name_pt":"Cidade de Mandaluyong","name_vi":"Thành phố Mandaluyong"},"geometry":{"type":"Polygon","coordinates":[[[121.0446,14.5625],[121.0265,14.575],[121.0373,14.5888],[121.0446,14.5849],[121.0714,14.594],[121.0727,14.5806],[121.0645,14.5646],[121.0446,14.5625]]]}},{"type":"Feature","properties":{"code":"PH-MNL","name":"San Juan","name_ko":"산 후안","name_en":"San Juan","name_ja":"サンフアン","name_zh":"圣胡安河","name_es":"San Juan","name_fr":"San Juan","name_de":"San Juan","name_ru":"Сити-оф-Сан-Хуан","name_pt":"San Juan","name_vi":"San Juan"},"geometry":{"type":"Polygon","coordinates":[[[121.0347,14.6069],[121.0697,14.5996],[121.0714,14.594],[121.0446,14.5849],[121.03,14.5974],[121.0347,14.6069]]]}}]}