{"type":"FeatureCollection","features":[{"type":"Feature","properties":{"id":"SVN-1033","code":"SI-090","name":"Piran","name_ko":"피란","name_en":"Piran","name_ja":"ピラン","name_zh":"皮兰","name_es":"Piran","name_fr":"Piran","name_de":"Piran","name_ru":"Пиран","name_pt":"Piran","name_vi":"Piran"},"geometry":{"type":"Polygon","coordinates":[[[13.6429,45.4594],[13.6241,45.4627],[13.5895,45.4888],[13.596,45.5181],[13.5786,45.5234],[13.5686,45.5393],[13.6109,45.538],[13.6221,45.5068],[13.6417,45.4896],[13.6575,45.4922],[13.6628,45.507],[13.6915,45.4978],[13.66,45.46],[13.6429,45.4594]]]}},{"type":"Feature","properties":{"id":"SVN-1044","code":"SI-078","name":"Moravske Toplice","name_ko":"모라브스케 토플리체 지방 자치제","name_en":"Moravske Toplice","name_ja":"モラフスケ・トプリツェ","name_zh":"摩拉瓦-托普利采","name_es":"Municipalidad del Moravske Toplice","name_fr":"Moravske Toplice","name_de":"Gemeinde Moravske Toplice","name_ru":"Моравске Топлице","name_pt":"Moravske Toplice","name_vi":"Đô thị tự trị Moravske Toplice"},"geometry":{"type":"Polygon","coordinates":[[[16.2995,46.7795],[16.3142,46.7433],[16.3434,46.7142],[16.3573,46.7158],[16.3576,46.699],[16.3654,46.6967],[16.3562,46.6847],[16.3407,46.6889],[16.3342,46.6838],[16.3175,46.6608],[16.3144,46.6451],[16.2765,46.6573],[16.2686,46.6515],[16.2259,46.6555],[16.1921,46.6721],[16.1787,46.6976],[16.1756,46.7187],[16.2106,46.745],[16.2237,46.7469],[16.2577,46.78],[16.2995,46.7795]]]}},{"type":"Feature","properties":{"id":"SVN-196","code":"SI-033","name":"Šalovci","name_ko":"샬로우치","name_en":"Šalovci","name_ja":"シャロフツィ","name_zh":"沙洛夫齊","name_es":"Šalovci","name_fr":"Šalovci","name_de":"Šalovci","name_ru":"Шаловци","name_pt":"Šalovci","name_vi":"Šalovci"},"geometry":{"type":"Polygon","coordinates":[[[16.3111,46.7975],[16.2963,46.7782],[16.2577,46.78],[16.2664,46.802],[16.2588,46.8179],[16.1795,46.8585],[16.272,46.864],[16.2822,46.8599],[16.3031,46.8356],[16.2968,46.807],[16.3111,46.7975]]]}},{"type":"Feature","properties":{"id":"SVN-201","code":"SI-161","name":"Hodoš","name_ko":"호도스 지방 자치제","name_en":"Hodoš","name_ja":"ホドシュ","name_zh":"霍多什鎮","name_es":"Municipalidad Hodoš","name_fr":"Hodos","name_de":"Gemeinde Hodoš","name_ru":"Ходош","name_pt":"Hodos","name_vi":"Đô thị tự trị Hodos"},"geometry":{"type":"Polygon","coordinates":[[[16.2974,46.847],[16.3298,46.8344],[16.3111,46.7975],[16.2959,46.8102],[16.3031,46.8223],[16.2974,46.847]]]}},{"type":"Feature","properties":{"id":"SVN-928","code":"SI-031","name":"Gornji Petrovci","name_ko":"고르니페트로브치 지방 자치제","name_en":"Gornji Petrovci","name_ja":"ゴルニ・ペトロフツィ","name_zh":"上彼得羅夫齊鎮","name_es":"Municipalidad del Gornji Petrovci","name_fr":"Gornji Petrovci","name_de":"Gemeinde Gornji Petrovci","name_ru":"Горни-Петровцы","name_pt":"Gornji Petrovci","name_vi":"Đô thị tự trị Gornji Petrovci"},"geometry":{"type":"Polygon","coordinates":[[[16.1354,46.8558],[16.1795,46.8585],[16.2445,46.8278],[16.2653,46.8096],[16.2577,46.78],[16.2237,46.7469],[16.2106,46.745],[16.1934,46.7623],[16.2039,46.7819],[16.2019,46.7903],[16.1645,46.8105],[16.1501,46.8265],[16.1252,46.833],[16.1229,46.8434],[16.1302,46.8567],[16.1354,46.8558]]]}},{"type":"Feature","properties":{"id":"SVN-197","code":"SI-056","name":"Kuzma","name_ko":"쿠즈마","name_en":"Kuzma","name_ja":"クズマ","name_zh":"库兹马","name_es":"Municipalidad del Kuzma","name_fr":"Kuzma","name_de":"Kuzma","name_ru":"Кузма","name_pt":"Kuzma","name_vi":"Đô thị tự trị Kuzma"},"geometry":{"type":"Polygon","coordinates":[[[16.094,46.8628],[16.1302,46.8567],[16.1229,46.8434],[16.1252,46.833],[16.0988,46.8321],[16.056,46.8161],[16.0529,46.8461],[16.094,46.8628]]]}},{"type":"Feature","properties":{"id":"SVN-264","code":"SI-059","name":"Lendava","name_ko":"렌다바","name_en":"Lendava","name_ja":"レンダヴァ","name_zh":"伦达瓦","name_es":"Lendava","name_fr":"Lendava","name_de":"Lendava","name_ru":"Лендава","name_pt":"Lendava","name_vi":"Lendava"},"geometry":{"type":"Polygon","coordinates":[[[16.3722,46.6363],[16.3946,46.619],[16.4302,46.6044],[16.4671,46.5647],[16.5008,46.5448],[16.5153,46.5017],[16.4813,46.519],[16.4404,46.519],[16.4063,46.5395],[16.3695,46.5406],[16.3579,46.547],[16.3517,46.5395],[16.3441,46.547],[16.3286,46.5487],[16.3345,46.5565],[16.3675,46.5629],[16.3975,46.5782],[16.3785,46.5998],[16.3479,46.6153],[16.3722,46.6363]]]}},{"type":"Feature","properties":{"id":"SVN-271","code":"SI-156","name":"Dobrovnik","name_ko":"도브로브니크","name_en":"Dobrovnik","name_ja":"ドブロヴニク","name_zh":"多布罗夫尼克","name_es":"Dobrovnik","name_fr":"Dobrovnik","name_de":"Gemeinde Dobrovnik","name_ru":"Добровник","name_pt":"Dobrovnik","name_vi":"Dobrovnik"},"geometry":{"type":"Polygon","coordinates":[[[16.4026,46.6631],[16.3776,46.6529],[16.3684,46.643],[16.3722,46.6363],[16.3479,46.6153],[16.3144,46.6451],[16.3175,46.6608],[16.3407,46.6889],[16.3562,46.6847],[16.3732,46.67],[16.4026,46.6631]]]}},{"type":"Feature","properties":{"id":"SVN-1043","code":"SI-047","name":"Kobilje","name_ko":"코빌레","name_en":"Kobilje","name_ja":"コビリェ","name_zh":"科比列","name_es":"Kobilje","name_fr":"Kobilje","name_de":"Kobilje","name_ru":"Кобилье","name_pt":"Kobilje","name_vi":"Kobilje"},"geometry":{"type":"Polygon","coordinates":[[[16.3662,46.6965],[16.405,46.6873],[16.4105,46.6684],[16.3926,46.6643],[16.3639,46.6749],[16.3562,46.6847],[16.3662,46.6965]]]}},{"type":"Feature","properties":{"id":"SVN-1014","code":"SI-053","name":"Kranjska Gora","name_ko":"크란스카고라","name_en":"Kranjska Gora","name_ja":"クランスカ・ゴーラ","name_zh":"克拉尼斯卡戈拉","name_es":"Kranjska Gora","name_fr":"Kranjska Gora","name_de":"Kranjska Gora","name_ru":"Краньска-Гора","name_pt":"Kranjska Gora","name_vi":"Đô thị tự trị Kranjska Gora"},"geometry":{"type":"Polygon","coordinates":[[[13.6859,46.464],[13.701,46.5197],[13.7821,46.5078],[13.8607,46.5153],[13.8909,46.5118],[13.9823,46.4819],[14.0149,46.4825],[14.0123,46.4606],[13.9924,46.4448],[13.918,46.4075],[13.8479,46.3812],[13.8113,46.413],[13.7674,46.4331],[13.7384,46.4403],[13.7023,46.4302],[13.687,46.4317],[13.6903,46.454],[13.6859,46.464]]]}},{"type":"Feature","properties":{"id":"SVN-1023","code":"SI-006","name":"Bovec","name_ko":"보베츠 지방 자치제","name_en":"Bovec","name_ja":"ボヴェツ","name_zh":"博韋茨鎮","name_es":"Municipalidad del Bovec","name_fr":"Municipalité de Bovec","name_de":"Gemeinde Bovec","name_ru":"Бовец","name_pt":"Bovec","name_vi":"Đô thị tự trị Bovec"},"geometry":{"type":"Polygon","coordinates":[[[13.6588,46.4451],[13.6775,46.4521],[13.6859,46.464],[13.6903,46.454],[13.687,46.4317],[13.7023,46.4302],[13.7384,46.4403],[13.7674,46.4331],[13.8113,46.413],[13.8417,46.3822],[13.828,46.3691],[13.7495,46.3353],[13.7274,46.3017],[13.6715,46.2949],[13.5501,46.302],[13.5261,46.2944],[13.5273,46.2815],[13.5152,46.2772],[13.449,46.2872],[13.3956,46.3067],[13.4341,46.3539],[13.53,46.3883],[13.6002,46.4426],[13.6588,46.4451]]]}},{"type":"Feature","properties":{"id":"SVN-1029","code":"SI-046","name":"Kobarid","name_ko":"코바리드 지방 자치제","name_en":"Kobarid","name_ja":"コバリード","name_zh":"科巴里德","name_es":"Kobarid","name_fr":"Kobarid","name_de":"Gemeinde Kobarid","name_ru":"Кобарид","name_pt":"Kobarid","name_vi":"Kobarid"},"geometry":{"type":"Polygon","coordinates":[[[13.4101,46.208],[13.3847,46.2433],[13.3653,46.2903],[13.3956,46.3067],[13.449,46.2872],[13.5152,46.2772],[13.5273,46.2815],[13.5261,46.2944],[13.5501,46.302],[13.6715,46.2949],[13.7274,46.3017],[13.7367,46.2861],[13.709,46.2774],[13.6924,46.2387],[13.6853,46.234],[13.6293,46.2242],[13.6228,46.2005],[13.6369,46.1911],[13.6274,46.1817],[13.559,46.1841],[13.5102,46.214],[13.4683,46.2234],[13.4228,46.2286],[13.4374,46.2109],[13.4101,46.208]]]}},{"type":"Feature","properties":{"id":"SVN-1018","code":"SI-128","name":"Tolmin","name_ko":"톨민","name_en":"Tolmin","name_ja":"トールミン","name_zh":"托尔明","name_es":"Tolmin","name_fr":"Tolmin","name_de":"Tolmin","name_ru":"Толмин","name_pt":"Tolmin","name_vi":"Đô thị tự trị Tolmin"},"geometry":{"type":"Polygon","coordinates":[[[13.6411,46.1714],[13.6374,46.1804],[13.6274,46.1817],[13.6369,46.1911],[13.6228,46.2005],[13.624,46.2189],[13.6342,46.2276],[13.6853,46.234],[13.6924,46.2387],[13.702,46.2688],[13.7266,46.2859],[13.7367,46.2861],[13.7708,46.262],[13.8209,46.2418],[13.8657,46.2317],[13.997,46.2394],[14.0051,46.2266],[13.9893,46.1946],[13.8936,46.1542],[13.8861,46.1345],[13.8996,46.1131],[13.9078,46.0764],[13.8822,46.0633],[13.8636,46.0632],[13.862,46.0554],[13.8746,46.043],[13.8671,46.0372],[13.8659,46.007],[13.8383,46.0192],[13.8204,46.036],[13.8113,46.05],[13.8,46.1036],[13.7807,46.109],[13.7689,46.1016],[13.6969,46.1363],[13.6665,46.1752],[13.6411,46.1714]]]}},{"type":"Feature","properties":{"id":"SVN-1028","code":"SI-044","name":"Kanal","name_ko":"카날오브소치","name_en":"Kanal ob Soči","name_ja":"カナル","name_zh":"卡那尔","name_es":"Kanal ob Soči","name_fr":"Kanal","name_de":"Kanal ob Soči","name_ru":"Канал-об-Сочи","name_pt":"Kanal ob Soči","name_vi":"Kanal ob Soči"},"geometry":{"type":"Polygon","coordinates":[[[13.5226,46.0753],[13.6164,46.125],[13.645,46.1617],[13.6411,46.1714],[13.6665,46.1752],[13.6969,46.1363],[13.7689,46.1016],[13.7669,46.0819],[13.7398,46.0582],[13.6814,46.067],[13.6549,46.0547],[13.6254,46.0273],[13.6435,46.0048],[13.6366,46.0011],[13.604,46.0129],[13.5711,46.0386],[13.5565,46.0587],[13.5226,46.0753]]]}},{"type":"Feature","properties":{"id":"SVN-1024","code":"SI-007","name":"Brda","name_ko":"브르다","name_en":"Brda","name_ja":"ブルダ","name_zh":"布尔达","name_es":"Brda","name_fr":"Brda","name_de":"Brda","name_ru":"Брда","name_pt":"Brda","name_vi":"Đô thị tự trị Brda"},"geometry":{"type":"Polygon","coordinates":[[[13.4618,46.0064],[13.49,46.0256],[13.4903,46.0389],[13.4823,46.0448],[13.5226,46.0753],[13.5565,46.0587],[13.5711,46.0386],[13.6262,45.9966],[13.5394,45.969],[13.5094,45.9674],[13.4618,46.0064]]]}},{"type":"Feature","properties":{"id":"SVN-260","code":"SI-084","name":"Nova Goriška","name_ko":"노바고리차","name_en":"Nova Gorica","name_ja":"ノヴァ・ゴリツァ","name_zh":"新戈里察","name_es":"Nova Gorica","name_fr":"Nova Gorica","name_de":"Nova Gorica","name_ru":"Нова-Горица","name_pt":"Nova Gorica","name_vi":"Nova Gorica"},"geometry":{"type":"Polygon","coordinates":[[[13.6153,45.9459],[13.6228,45.9664],[13.6007,45.9846],[13.6262,45.9966],[13.604,46.0129],[13.6406,46.0021],[13.6254,46.0273],[13.6549,46.0547],[13.6814,46.067],[13.7398,46.0582],[13.7669,46.0819],[13.7689,46.1016],[13.7807,46.109],[13.8,46.1036],[13.8113,46.05],[13.8204,46.036],[13.8383,46.0192],[13.8659,46.007],[13.844,45.9934],[13.844,45.9837],[13.7989,45.9609],[13.7531,45.9143],[13.7328,45.9059],[13.8206,45.8497],[13.834,45.8355],[13.7624,45.8445],[13.7092,45.865],[13.6653,45.868],[13.6293,45.879],[13.6206,45.8892],[13.6851,45.913],[13.6873,45.9222],[13.6153,45.9459]]]}},{"type":"Feature","properties":{"id":"SVN-261","code":"SI-183","name":"Šempeter-Vrtojba","name_ko":"솀페테르브르토이바","name_en":"Šempeter–Vrtojba","name_ja":"シェンペテル＝ヴロトイバ","name_zh":"塞姆皮特-普羅特伊巴","name_es":"Šempeter-Vrtojba","name_fr":"Šempeter-Vrtojba","name_de":"Šempeter-Vrtojba","name_ru":"Шемпетер-Вртойба","name_pt":"Šempeter-Vrtojba","name_vi":"Šempeter-Vrtojba"},"geometry":{"type":"Polygon","coordinates":[[[13.5993,45.9123],[13.6153,45.9459],[13.6873,45.9222],[13.6851,45.913],[13.6665,45.9101],[13.647,45.8972],[13.5993,45.9123]]]}},{"type":"Feature","properties":{"id":"SVN-1032","code":"SI-075","name":"Miren-Kostanjevica","name_ko":"미렌코스타네비차","name_en":"Miren–Kostanjevica","name_ja":"ミレン＝コスタニェヴィツァ","name_zh":"米伦-科斯塔涅维察","name_es":"Miren-Kostanjevica","name_fr":"Miren-Kostanjevica","name_de":"Miren-Kostanjevica","name_ru":"Мирен-Костаньевица","name_pt":"Miren-Kostanjevica","name_vi":"Miren-Kostanjevica"},"geometry":{"type":"Polygon","coordinates":[[[13.5742,45.819],[13.566,45.8303],[13.5693,45.8645],[13.5993,45.9123],[13.647,45.8972],[13.6206,45.8892],[13.6392,45.8743],[13.7092,45.865],[13.7064,45.8464],[13.6701,45.8226],[13.5742,45.819]]]}},{"type":"Feature","properties":{"id":"SVN-1030","code":"SI-049","name":"Komen","name_ko":"코멘","name_en":"Komen","name_ja":"コメン","name_zh":"科門","name_es":"Komen","name_fr":"Komen","name_de":"Komen","name_ru":"Комен","name_pt":"Komen","name_vi":"Komen"},"geometry":{"type":"Polygon","coordinates":[[[13.5885,45.8065],[13.5742,45.819],[13.6701,45.8226],[13.7064,45.8464],[13.7092,45.865],[13.7624,45.8445],[13.8119,45.842],[13.858,45.8265],[13.8859,45.8287],[13.9025,45.8102],[13.8527,45.7996],[13.7319,45.7913],[13.7058,45.7797],[13.6999,45.7705],[13.6603,45.792],[13.5885,45.8065]]]}},{"type":"Feature","properties":{"id":"SVN-1034","code":"SI-111","name":"Sežana","name_ko":"세자나 지방 자치제","name_en":"Sežana","name_ja":"セジャーナ","name_zh":"塞扎納鎮","name_es":"Municipalidad del Sežana","name_fr":"Municipalité de Sežana","name_de":"Gemeinde Sežana","name_ru":"Сежана","name_pt":"Sezana","name_vi":"Đô thị tự trị Sezana"},"geometry":{"type":"Polygon","coordinates":[[[13.8936,45.6338],[13.8584,45.6494],[13.7787,45.7434],[13.7095,45.7653],[13.6999,45.7705],[13.7058,45.7797],[13.7319,45.7913],[13.8527,45.7996],[13.9025,45.8102],[13.9835,45.7729],[13.9899,45.765],[13.9756,45.7485],[13.9567,45.74],[13.9679,45.7053],[13.9365,45.6704],[13.9437,45.6611],[13.9384,45.6426],[13.9089,45.6438],[13.8936,45.6338]]]}},{"type":"Feature","properties":{"id":"SVN-1026","code":"SI-035","name":"Hrpelje-Kozina","name_ko":"흐르펠레코지나","name_en":"Hrpelje-Kozina","name_ja":"フルペリェ＝コジナ","name_zh":"赫尔佩列-科济纳","name_es":"Municipalidad del Hrpelje-Kozina","name_fr":"Hrpelje-Kozina","name_de":"Hrpelje-Kozina","name_ru":"Хрпелье-Козина","name_pt":"Hrpelje-Kozina","name_vi":"Hrpelje-Kozina"},"geometry":{"type":"Polygon","coordinates":[[[13.8679,45.6022],[13.9089,45.6438],[13.9714,45.6331],[14.0397,45.6024],[14.0664,45.601],[14.0898,45.6141],[14.1045,45.6047],[14.0904,45.5702],[14.1056,45.566],[14.0872,45.518],[14.1121,45.5014],[14.1182,45.4918],[14.1167,45.473],[14.0667,45.4803],[14.0283,45.5027],[13.9875,45.5119],[13.9522,45.546],[13.8946,45.5598],[13.88,45.5725],[13.8679,45.6022]]]}},{"type":"Feature","properties":{"id":"SVN-1031","code":"SI-050","name":"Koper","name_ko":"코페르","name_en":"Koper","name_ja":"コペル","name_zh":"科佩爾市","name_es":"Municipio de Koper","name_fr":"Koper","name_de":"Koper","name_ru":"Копер","name_pt":"Koper","name_vi":"Koper"},"geometry":{"type":"Polygon","coordinates":[[[13.8005,45.5813],[13.8478,45.5847],[13.8679,45.6022],[13.88,45.5725],[13.8946,45.5598],[13.9522,45.546],[13.9838,45.5195],[13.9875,45.5119],[13.9719,45.5142],[13.9615,45.5039],[13.9615,45.4931],[13.9826,45.4753],[13.9698,45.463],[13.923,45.449],[13.889,45.4236],[13.8199,45.4326],[13.7593,45.4632],[13.66,45.46],[13.6932,45.4954],[13.6628,45.507],[13.6743,45.5207],[13.6751,45.5447],[13.7529,45.5529],[13.7424,45.5698],[13.7118,45.5932],[13.7611,45.5962],[13.8005,45.5813]]]}},{"type":"Feature","properties":{"id":"SVN-931","code":"SI-105","name":"Rogašovci","name_ko":"로가쇼우치","name_en":"Rogašovci","name_ja":"ロガショフツィ","name_zh":"羅加舍夫齊","name_es":"Rogašovci","name_fr":"Rogašovci","name_de":"Rogašovci","name_ru":"Рогашовци","name_pt":"Rogašovci","name_vi":"Rogašovci"},"geometry":{"type":"Polygon","coordinates":[[[16.0284,46.8369],[16.0529,46.8461],[16.0521,46.7701],[16.0636,46.7642],[16.0555,46.756],[16.0248,46.759],[16.0049,46.774],[15.971,46.7751],[15.9782,46.8091],[15.972,46.8206],[15.9876,46.83],[16.0284,46.8369]]]}},{"type":"Feature","properties":{"id":"SVN-926","code":"SI-152","name":"Cankova","name_ko":"찬토바 지방 자치제","name_en":"Cankova","name_ja":"ツァンコヴァ","name_zh":"灿科瓦","name_es":"Municipalidad del Cankova","name_fr":"Cankova","name_de":"Gemeinde Cankova","name_ru":"Канкова","name_pt":"Cankova","name_vi":"Đô thị tự trị Cankova"},"geometry":{"type":"Polygon","coordinates":[[[16.0167,46.6707],[16.0146,46.6937],[16.0033,46.7092],[15.982,46.7185],[15.9705,46.743],[15.971,46.7751],[16.0049,46.774],[16.0248,46.759],[16.0555,46.756],[16.0534,46.7198],[16.0591,46.7092],[16.1083,46.6904],[16.1044,46.6716],[16.123,46.6439],[16.1103,46.6239],[16.0421,46.6627],[16.0167,46.6707]]]}},{"type":"Feature","properties":{"id":"SVN-927","code":"SI-029","name":"Gornja Radgona","name_ko":"고르냐 라드고나","name_en":"Gornja Radgona","name_ja":"ゴルニャ・ラドゴナ","name_zh":"上拉德戈納鎮","name_es":"Gornja Radgona","name_fr":"Gornja Radgona","name_de":"Gemeinde Gornja Radgona","name_ru":"Горня Радгона","name_pt":"Gornja Radgona","name_vi":"Gornja Radgona"},"geometry":{"type":"Polygon","coordinates":[[[15.9676,46.6946],[15.987,46.6922],[16.0166,46.6708],[16.0417,46.6627],[16.0077,46.6328],[16.0136,46.5937],[15.9783,46.586],[15.9333,46.5964],[15.9164,46.6108],[15.9133,46.6241],[15.9311,46.6383],[15.8881,46.6459],[15.8886,46.6628],[15.9321,46.6652],[15.9676,46.6946]]]}},{"type":"Feature","properties":{"id":"SVN-5884","code":"SI-195","name":"Apace","name_ko":"아페스","name_en":"Apače","name_ja":"アパチェ","name_zh":"阿帕切鎮","name_es":"Municipio de Apače","name_fr":"Apace","name_de":"Apače","name_ru":"Апаче","name_pt":"Apače","name_vi":"Apace"},"geometry":{"type":"Polygon","coordinates":[[[15.8507,46.7245],[15.9676,46.6946],[15.9321,46.6652],[15.8886,46.6628],[15.8273,46.6864],[15.7846,46.7122],[15.8507,46.7245]]]}},{"type":"Feature","properties":{"id":"SVN-986","code":"SI-118","name":"Šentilj","name_ko":"셴틸","name_en":"Šentilj","name_ja":"シェンティリ","name_zh":"申蒂利","name_es":"Šentilj","name_fr":"Šentilj","name_de":"Šentilj","name_ru":"Шентиль","name_pt":"Šentilj","name_vi":"Šentilj"},"geometry":{"type":"Polygon","coordinates":[[[15.7287,46.703],[15.7846,46.7122],[15.8043,46.6998],[15.8039,46.6825],[15.7928,46.6657],[15.8002,46.6469],[15.7784,46.6482],[15.7706,46.6343],[15.7306,46.6733],[15.6942,46.6768],[15.6778,46.6489],[15.6457,46.6428],[15.6224,46.6667],[15.6217,46.6782],[15.633,46.6896],[15.636,46.7176],[15.6521,46.7108],[15.7287,46.703]]]}},{"type":"Feature","properties":{"id":"SVN-959","code":"SI-055","name":"Kungota","name_ko":"쿤고타","name_en":"Kungota","name_ja":"クンゴタ","name_zh":"昆戈塔","name_es":"Kungota","name_fr":"Kungota","name_de":"Kungota","name_ru":"Кунгота","name_pt":"Kungota","name_vi":"Kungota"},"geometry":{"type":"Polygon","coordinates":[[[15.6037,46.673],[15.6217,46.6782],[15.6224,46.6667],[15.6457,46.6428],[15.6643,46.6036],[15.6471,46.5941],[15.5984,46.6281],[15.5368,46.6363],[15.5203,46.6477],[15.5307,46.6638],[15.546,46.6719],[15.6037,46.673]]]}},{"type":"Feature","properties":{"id":"SVN-256","code":"SI-070","name":"Maribor","name_ko":"마리보르 도시 지방 자치제","name_en":"Maribor","name_ja":"マリボル","name_zh":"馬里博爾市","name_es":"Ciudad Maribor","name_fr":"Maribor","name_de":"Maribor","name_ru":"Марибор","name_pt":"Cidade Municipal de Maribor","name_vi":"Đô thị tự trị Maribor"},"geometry":{"type":"Polygon","coordinates":[[[15.5139,46.6325],[15.5203,46.6477],[15.5368,46.6363],[15.5908,46.6304],[15.6471,46.5941],[15.6798,46.5928],[15.7207,46.5693],[15.7547,46.5733],[15.7693,46.5594],[15.7381,46.5327],[15.7232,46.5271],[15.7201,46.5213],[15.7317,46.5048],[15.6085,46.5166],[15.5638,46.5099],[15.5503,46.518],[15.5604,46.5621],[15.5486,46.5722],[15.547,46.5881],[15.528,46.6007],[15.5139,46.6325]]]}},{"type":"Feature","properties":{"id":"SVN-234","code":"SI-178","name":"Selnica ob Dravi","name_ko":"셀니차오브드라비","name_en":"Selnica ob Dravi","name_ja":"セルニツァ・オブ・ドラヴィ","name_zh":"德拉維河畔賽爾尼察","name_es":"Selnica ob Dravi","name_fr":"Selnica ob Dravi","name_de":"Selnica ob Dravi","name_ru":"Сельница-об-Драви","name_pt":"Selnica ob Dravi","name_vi":"Selnica ob Dravi"},"geometry":{"type":"Polygon","coordinates":[[[15.4627,46.6146],[15.4926,46.6183],[15.5139,46.6325],[15.528,46.6007],[15.547,46.5881],[15.5486,46.5722],[15.5604,46.5621],[15.4828,46.5345],[15.4581,46.5386],[15.4617,46.5683],[15.4349,46.5925],[15.4412,46.6196],[15.4354,46.6272],[15.4627,46.6146]]]}},{"type":"Feature","properties":{"id":"SVN-981","code":"SI-101","name":"Radlje ob Dravi","name_ko":"라들레오브드라비","name_en":"Radlje ob Dravi","name_ja":"ラドリェ・オブ・ドラヴィ","name_zh":"德拉瓦河畔拉德列","name_es":"Municipalidad de Radjle del Dravi","name_fr":"Radlje ob Dravi","name_de":"Radlje ob Dravi","name_ru":"Радле-об-Драви","name_pt":"Radlje ob Dravi","name_vi":"Radlje ob Dravi"},"geometry":{"type":"Polygon","coordinates":[[[15.1726,46.6414],[15.3328,46.6436],[15.3292,46.6192],[15.2845,46.5986],[15.2704,46.5726],[15.2148,46.5475],[15.1993,46.5292],[15.1806,46.534],[15.1761,46.5475],[15.1874,46.5688],[15.1838,46.5773],[15.2016,46.582],[15.2116,46.6017],[15.1835,46.6195],[15.1726,46.6414]]]}},{"type":"Feature","properties":{"id":"SVN-974","code":"SI-081","name":"Muta","name_ko":"무타","name_en":"Muta","name_ja":"ムタ","name_zh":"穆塔","name_es":"Muta","name_fr":"Muta","name_de":"Muta","name_ru":"Мута","name_pt":"Muta","name_vi":"Đô thị tự trị Muta"},"geometry":{"type":"Polygon","coordinates":[[[15.1056,46.6463],[15.1726,46.6414],[15.1835,46.6195],[15.1545,46.6036],[15.1258,46.6012],[15.1048,46.6117],[15.0888,46.6344],[15.0857,46.6478],[15.1056,46.6463]]]}},{"type":"Feature","properties":{"id":"SVN-947","code":"SI-025","name":"Dravograd","name_ko":"드라보그라드 지방 자치제","name_en":"Dravograd","name_ja":"ドラボグラード","name_zh":"德拉沃格勒鎮","name_es":"Dravograd","name_fr":"Dravograd","name_de":"Gemeinde Dravograd","name_ru":"Дравоград","name_pt":"Dravograd","name_vi":"Đô thị tự trị Dravograd"},"geometry":{"type":"Polygon","coordinates":[[[15.062,46.6496],[15.0857,46.6478],[15.1048,46.6117],[15.1258,46.6012],[15.1119,46.5987],[15.1039,46.5868],[15.1034,46.57],[15.0643,46.5423],[15.0246,46.5381],[15.0105,46.5504],[15.0142,46.5591],[15.0075,46.5689],[14.9663,46.5969],[14.9434,46.6007],[14.9195,46.615],[14.948,46.6193],[14.9672,46.6003],[15.0044,46.6368],[15.062,46.6496]]]}},{"type":"Feature","properties":{"id":"SVN-214","code":"SI-093","name":"Podvelka","name_ko":"포드벨카","name_en":"Podvelka","name_ja":"ポドヴェルカ","name_zh":"波德韦尔卡","name_es":"Podvelka","name_fr":"Podvelka","name_de":"Podvelka","name_ru":"Подвелка","name_pt":"Podvelka","name_vi":"Podvelka"},"geometry":{"type":"Polygon","coordinates":[[[15.3881,46.6456],[15.4354,46.6272],[15.4412,46.6196],[15.4349,46.5925],[15.4434,46.5847],[15.4304,46.5748],[15.3714,46.5873],[15.3666,46.5688],[15.3228,46.5107],[15.3172,46.5275],[15.3206,46.5375],[15.2704,46.5726],[15.2845,46.5986],[15.3292,46.6192],[15.3328,46.6436],[15.3881,46.6456]]]}},{"type":"Feature","properties":{"id":"SVN-217","code":"SI-103","name":"Ravne na Koroškem","name_ko":"라우네나코로슈켐","name_en":"Ravne na Koroškem","name_ja":"ラヴネ・ナ・コロシュケム","name_zh":"拉夫内纳科罗什凯姆","name_es":"Ravne na Koroškem","name_fr":"Ravne na Koroškem","name_de":"Ravne na Koroškem","name_ru":"Равне-на-Корошкем","name_pt":"Ravne na Koroškem","name_vi":"Ravne na Koroškem"},"geometry":{"type":"Polygon","coordinates":[[[14.8941,46.6052],[14.9195,46.615],[14.9434,46.6007],[14.9663,46.5969],[15.0075,46.5689],[15.0142,46.5591],[15.0022,46.5142],[14.992,46.4987],[14.9656,46.4895],[14.9434,46.4908],[14.924,46.5048],[14.9479,46.5214],[14.9453,46.5627],[14.8941,46.6052]]]}},{"type":"Feature","properties":{"id":"SVN-233","code":"SI-175","name":"Prevalje","name_ko":"프레발레","name_en":"Prevalje","name_ja":"プレヴァリェ","name_zh":"普雷瓦列","name_es":"Prevalje","name_fr":"Prevalje","name_de":"Prevalje","name_ru":"Превалье","name_pt":"Prevalje","name_vi":"Prevalje"},"geometry":{"type":"Polygon","coordinates":[[[14.8771,46.6036],[14.8941,46.6052],[14.9453,46.5627],[14.9479,46.5214],[14.924,46.5048],[14.8995,46.5044],[14.9026,46.5166],[14.8634,46.5519],[14.8145,46.5513],[14.8504,46.6011],[14.8771,46.6036]]]}},{"type":"Feature","properties":{"id":"SVN-970","code":"SI-074","name":"Mežica","name_ko":"메지카","name_en":"Mežica","name_ja":"メージツァ","name_zh":"梅日察","name_es":"Mežica","name_fr":"Mežica","name_de":"Mežica","name_ru":"Межица","name_pt":"Mežica","name_vi":"Mežica"},"geometry":{"type":"Polygon","coordinates":[[[14.7967,46.5194],[14.8145,46.5513],[14.8531,46.5535],[14.8781,46.5421],[14.8818,46.5309],[14.9026,46.5166],[14.8947,46.4977],[14.8862,46.4965],[14.7967,46.5194]]]}},{"type":"Feature","properties":{"id":"SVN-944","code":"SI-016","name":"Črna na Koroškem","name_ko":"치르나나코로슈켐","name_en":"Črna na Koroškem","name_ja":"チュルナ・ナ・コロシュケム","name_zh":"科罗什卡地区奇尔纳","name_es":"Črna na Koroškem","name_fr":"Črna na Koroškem","name_de":"Črna na Koroškem","name_ru":"Чрна-на-Корошкем","name_pt":"Črna na Koroškem","name_vi":"Đô thị tự trị Crna na Koroskem"},"geometry":{"type":"Polygon","coordinates":[[[14.7353,46.4933],[14.783,46.5033],[14.7967,46.5194],[14.8734,46.4973],[14.924,46.5048],[14.9434,46.4908],[14.9656,46.4895],[14.9559,46.4472],[14.8917,46.4235],[14.8041,46.4251],[14.7757,46.4319],[14.7546,46.4215],[14.7221,46.448],[14.6758,46.4543],[14.6725,46.4598],[14.68,46.4589],[14.7097,46.4925],[14.7264,46.4977],[14.7353,46.4933]]]}},{"type":"Feature","properties":{"id":"SVN-1019","code":"SI-131","name":"Tržič","name_ko":"트르지치","name_en":"Tržič","name_ja":"トルジッチ","name_zh":"特尔日奇","name_es":"Tržič","name_fr":"Tržič","name_de":"Tržič","name_ru":"Тржич","name_pt":"Tržič","name_vi":"Tržič"},"geometry":{"type":"Polygon","coordinates":[[[14.2423,46.4382],[14.3622,46.4359],[14.3958,46.441],[14.4371,46.4189],[14.4082,46.373],[14.4055,46.3516],[14.3505,46.3484],[14.3303,46.3368],[14.3263,46.3214],[14.3007,46.319],[14.2672,46.3261],[14.2504,46.3475],[14.2552,46.3902],[14.2529,46.4135],[14.2382,46.4253],[14.2423,46.4382]]]}},{"type":"Feature","properties":{"id":"SVN-259","code":"SI-192","name":"Žirovnica","name_ko":"지로우니차","name_en":"Žirovnica","name_ja":"ジロヴニツァ","name_zh":"日羅夫尼察","name_es":"Žirovnica","name_fr":"Žirovnica","name_de":"Žirovnica","name_ru":"Жировница","name_pt":"Žirovnica","name_vi":"Žirovnica"},"geometry":{"type":"Polygon","coordinates":[[[14.1479,46.4404],[14.2423,46.4382],[14.2382,46.4253],[14.2146,46.417],[14.1905,46.3869],[14.1375,46.3722],[14.1209,46.3927],[14.1294,46.4251],[14.1479,46.4404]]]}},{"type":"Feature","properties":{"id":"SVN-258","code":"SI-041","name":"Jesenice","name_ko":"예세니체","name_en":"Jesenice","name_ja":"イェセニツェ","name_zh":"耶塞尼采","name_es":"Jesenice","name_fr":"Jesenice","name_de":"Gemeinde Jesenice","name_ru":"Есенице","name_pt":"Jesenice","name_vi":"Jesenice"},"geometry":{"type":"Polygon","coordinates":[[[14.0325,46.4847],[14.081,46.476],[14.1479,46.4404],[14.1294,46.4251],[14.1279,46.4068],[14.1016,46.4036],[13.9924,46.4448],[14.0123,46.4606],[14.0149,46.4825],[14.0325,46.4847]]]}},{"type":"Feature","properties":{"id":"SVN-251","code":"SI-180","name":"Solcava","name_ko":"솔카바","name_en":"Solčava","name_ja":"ソルチャヴァ","name_zh":"索尔卡瓦","name_es":"Solcava","name_fr":"Solčava","name_de":"Solčava","name_ru":"Солчава","name_pt":"Solčava","name_vi":"Solcava"},"geometry":{"type":"Polygon","coordinates":[[[14.6666,46.4605],[14.7337,46.4424],[14.7546,46.4215],[14.7402,46.4071],[14.743,46.3929],[14.6694,46.3646],[14.5957,46.3614],[14.5687,46.3688],[14.5621,46.3917],[14.5754,46.4197],[14.5901,46.4344],[14.6317,46.4406],[14.6666,46.4605]]]}},{"type":"Feature","properties":{"id":"SVN-237","code":"SI-163","name":"Jezersko","name_ko":"예제르스코","name_en":"Jezersko","name_ja":"イェゼルスコ","name_zh":"耶泽尔斯科","name_es":"Municipalidad del Jezersko","name_fr":"Jezersko","name_de":"Jezersko","name_ru":"Езерско","name_pt":"Jezersko","name_vi":"Đô thị tự trị Jezersko"},"geometry":{"type":"Polygon","coordinates":[[[14.5403,46.3786],[14.5577,46.3839],[14.5621,46.3917],[14.5687,46.3688],[14.5359,46.3603],[14.4498,46.3671],[14.427,46.3505],[14.4055,46.3516],[14.4082,46.373],[14.4371,46.4189],[14.4677,46.4127],[14.5022,46.4184],[14.5403,46.3786]]]}},{"type":"Feature","properties":{"id":"SVN-263","code":"SI-015","name":"Črenšovci","name_ko":"치렌쇼우치","name_en":"Črenšovci","name_ja":"チュレンショフツィ","name_zh":"奇伦绍夫齐","name_es":"Municipalidad del Črenšovci","name_fr":"Črenšovci","name_de":"Črenšovci","name_ru":"Креншовцы","name_pt":"Črenšovci","name_vi":"Črenšovci"},"geometry":{"type":"Polygon","coordinates":[[[16.3403,46.5438],[16.3107,46.531],[16.2922,46.5347],[16.2816,46.5472],[16.268,46.5398],[16.2475,46.5539],[16.287,46.5782],[16.3005,46.5973],[16.3345,46.5776],[16.3379,46.5638],[16.3286,46.5487],[16.3403,46.5438]]]}},{"type":"Feature","properties":{"id":"SVN-265","code":"SI-063","name":"Ljutomer","name_ko":"류토메르","name_en":"Ljutomer","name_ja":"リュトメル","name_zh":"柳托梅爾","name_es":"Ljutomer","name_fr":"Ljutomer","name_de":"Ljutomer","name_ru":"Лютомер","name_pt":"Ljutomer","name_vi":"Ljutomer"},"geometry":{"type":"Polygon","coordinates":[[[16.3107,46.531],[16.3015,46.5271],[16.2776,46.5339],[16.2349,46.4933],[16.2342,46.4849],[16.2219,46.4754],[16.2039,46.4729],[16.1707,46.4957],[16.1366,46.4892],[16.0203,46.5113],[16.0283,46.5333],[16.0456,46.5453],[16.0978,46.539],[16.1428,46.5258],[16.166,46.5278],[16.175,46.5357],[16.1767,46.5601],[16.2042,46.568],[16.2168,46.5841],[16.2541,46.5474],[16.268,46.5398],[16.2816,46.5472],[16.2922,46.5347],[16.3107,46.531]]]}},{"type":"Feature","properties":{"id":"SVN-269","code":"SI-176","name":"Razkrižje","name_ko":"라즈크리제 지방 자치제","name_en":"Razkrižje","name_ja":"ラスクリジイェ","name_zh":"拉茲科日列","name_es":"Municipalidad del Razkrižje","name_fr":"Municipalité de Razkrižje","name_de":"Gemeinde Razkrižje","name_ru":"Разкрижье","name_pt":"Razkrizje","name_vi":"Đô thị tự trị Razkrizje"},"geometry":{"type":"Polygon","coordinates":[[[16.3015,46.5271],[16.2609,46.5136],[16.2596,46.5193],[16.2776,46.5339],[16.3015,46.5271]]]}},{"type":"Feature","properties":{"id":"SVN-1047","code":"SI-087","name":"Ormož","name_ko":"오르모","name_en":"Ormož","name_ja":"オルモジュ","name_zh":"奥尔莫日","name_es":"Ormož","name_fr":"Ormož","name_de":"Ormož","name_ru":"Ормож","name_pt":"Ormoz","name_vi":"Ormoz"},"geometry":{"type":"Polygon","coordinates":[[[16.2342,46.4849],[16.2494,46.4375],[16.2509,46.405],[16.2741,46.3921],[16.2803,46.3762],[16.2087,46.3671],[16.1775,46.3756],[16.1439,46.3947],[16.0943,46.3723],[16.0757,46.3845],[16.0506,46.4249],[16.0261,46.4323],[16.0391,46.4493],[16.04,46.4686],[16.0141,46.5075],[16.0203,46.5113],[16.1366,46.4892],[16.1707,46.4957],[16.2039,46.4729],[16.2219,46.4754],[16.2342,46.4849]]]}},{"type":"Feature","properties":{"id":"SVN-1050","code":"SI-143","name":"Zavrc","name_ko":"자우르치","name_en":"Zavrč","name_ja":"ザヴルチ","name_zh":"薩弗爾奇","name_es":"Zavrč","name_fr":"Zavrč","name_de":"Zavrč","name_ru":"Заврч","name_pt":"Zavrč","name_vi":"Zavrč"},"geometry":{"type":"Polygon","coordinates":[[[16.0887,46.3731],[16.058,46.3775],[16.0596,46.3323],[16.0499,46.3167],[16.0314,46.3583],[16.0407,46.3796],[16.0552,46.3881],[16.0757,46.3845],[16.0887,46.3731]]]}},{"type":"Feature","properties":{"id":"SVN-1041","code":"SI-028","name":"Gorišnica","name_ko":"고리슈니차","name_en":"Gorišnica","name_ja":"ゴリシュニツァ","name_zh":"戈里什尼察","name_es":"Municipalidad del Gorišnica","name_fr":"Gorišnica","name_de":"Gorišnica","name_ru":"Горишница","name_pt":"Gorišnica","name_vi":"Đô thị tự trị Gorisnica"},"geometry":{"type":"Polygon","coordinates":[[[16.0499,46.3167],[16.0192,46.2988],[15.9937,46.2906],[15.9891,46.2953],[15.9673,46.3492],[15.9693,46.3619],[15.9984,46.373],[15.9831,46.4166],[15.9955,46.4288],[16.0119,46.4349],[16.0506,46.4249],[16.0757,46.3845],[16.0552,46.3881],[16.0407,46.3796],[16.0315,46.3641],[16.0499,46.3167]]]}},{"type":"Feature","properties":{"id":"SVN-222","code":"SI-135","name":"Videm","name_ko":"비뎀","name_en":"Videm","name_ja":"ヴィデム","name_zh":"維代姆鎮","name_es":"Videm","name_fr":"Videm","name_de":"Videm","name_ru":"Видем","name_pt":"Videm","name_vi":"Videm"},"geometry":{"type":"Polygon","coordinates":[[[15.9937,46.2906],[15.9487,46.2842],[15.9189,46.2728],[15.9105,46.3381],[15.8799,46.3504],[15.8422,46.3469],[15.8284,46.3337],[15.8251,46.3085],[15.8011,46.3206],[15.8133,46.3389],[15.8025,46.3549],[15.8188,46.3591],[15.8315,46.3948],[15.8502,46.3819],[15.8963,46.3969],[15.9285,46.3869],[15.9426,46.3696],[15.9693,46.3619],[15.9673,46.3492],[15.9937,46.2906]]]}},{"type":"Feature","properties":{"id":"SVN-232","code":"SI-172","name":"Podlehnik","name_ko":"포들레흐니크","name_en":"Podlehnik","name_ja":"ポドレフニク","name_zh":"波德莱赫尼克","name_es":"Municipalidad del Podlehnik","name_fr":"Podlehnik","name_de":"Podlehnik","name_ru":"Подлехник","name_pt":"Podlehnik","name_vi":"Podlehnik"},"geometry":{"type":"Polygon","coordinates":[[[15.9189,46.2728],[15.8809,46.2593],[15.8669,46.2818],[15.8251,46.3085],[15.8318,46.3394],[15.8689,46.3515],[15.9105,46.3381],[15.9189,46.2728]]]}},{"type":"Feature","properties":{"id":"SVN-231","code":"SI-191","name":"Žetale","name_ko":"제탈레","name_en":"Žetale","name_ja":"ジェタレ","name_zh":"熱塔雷","name_es":"Minicipalidad del Žetale","name_fr":"Žetale","name_de":"Žetale","name_ru":"Жетале","name_pt":"Žetale","name_vi":"Žetale"},"geometry":{"type":"Polygon","coordinates":[[[15.8809,46.2593],[15.8342,46.2584],[15.7995,46.2486],[15.7579,46.262],[15.7618,46.2858],[15.8011,46.3206],[15.8669,46.2818],[15.8809,46.2593]]]}},{"type":"Feature","properties":{"id":"SVN-983","code":"SI-107","name":"Rogatec","name_ko":"로가테츠","name_en":"Rogatec","name_ja":"ロガテツ","name_zh":"羅加泰茨","name_es":"Municipalidad del Rogatec","name_fr":"Rogatec","name_de":"Rogatec","name_ru":"Рогатец","name_pt":"Rogatec","name_vi":"Đô thị tự trị Rogatec"},"geometry":{"type":"Polygon","coordinates":[[[15.7995,46.2486],[15.7689,46.2194],[15.7498,46.2108],[15.678,46.2145],[15.7084,46.2517],[15.7413,46.2661],[15.7995,46.2486]]]}},{"type":"Feature","properties":{"id":"SVN-982","code":"SI-106","name":"Rogaška Slatina","name_ko":"로가슈카슬라티나","name_en":"Rogaška Slatina","name_ja":"ロガーシュカ・スラティナ","name_zh":"羅加什卡-斯拉蒂那","name_es":"Rogaška Slatina","name_fr":"Rogaska Slatina","name_de":"Rogaška Slatina","name_ru":"Рогашка-Слатина","name_pt":"Rogaska Slatina","name_vi":"Rogaška Slatina"},"geometry":{"type":"Polygon","coordinates":[[[15.678,46.2145],[15.6398,46.2077],[15.6266,46.1952],[15.5859,46.236],[15.5658,46.2737],[15.577,46.2818],[15.6089,46.2838],[15.653,46.2737],[15.6849,46.2741],[15.7038,46.2642],[15.7413,46.2661],[15.7084,46.2517],[15.678,46.2145]]]}},{"type":"Feature","properties":{"id":"SVN-213","code":"SI-149","name":"Bistrica ob Sotli","name_ko":"비스트리차오브소틀리 지방 자치제","name_en":"Bistrica ob Sotli","name_ja":"ビストリツァ・オプ・ソトリ","name_zh":"索特拉河畔比斯特里察","name_es":"Municipio de Bistrica ob Sotli","name_fr":"Municipalité de Bistrica ob Sotli","name_de":"Gemeinde Bistrica ob Sotli","name_ru":"Бистрица-об-Сотли","name_pt":"Bistrica de Sotli","name_vi":"Đô thị tự trị Bistrica ob Sotli"},"geometry":{"type":"Polygon","coordinates":[[[15.6266,46.1952],[15.59,46.1387],[15.5899,46.1135],[15.6038,46.091],[15.6236,46.0764],[15.6076,46.0659],[15.599,46.0691],[15.5993,46.086],[15.5846,46.1086],[15.536,46.1304],[15.5455,46.1552],[15.5675,46.1647],[15.6133,46.2043],[15.6266,46.1952]]]}},{"type":"Feature","properties":{"id":"SVN-255","code":"SI-092","name":"Podcetrtek","name_ko":"포드체트르테크","name_en":"Podčetrtek","name_ja":"ポッチェトルテク","name_zh":"波德切特泰克","name_es":"Podčetrtek","name_fr":"Podčetrtek","name_de":"Podčetrtek","name_ru":"Подчертрек","name_pt":"Podčetrtek","name_vi":"Podčetrtek"},"geometry":{"type":"Polygon","coordinates":[[[15.6236,46.0764],[15.6717,46.0574],[15.6929,46.0416],[15.6678,46.0264],[15.6633,46.0322],[15.6312,46.0342],[15.6196,46.0409],[15.6076,46.0659],[15.6236,46.0764]]]}},{"type":"Feature","properties":{"id":"SVN-938","code":"SI-009","name":"Brežice","name_ko":"브레지체 지방 자치제","name_en":"Brežice","name_ja":"ブレージツェ","name_zh":"布雷日采鎮","name_es":"Brežice","name_fr":"Brežice","name_de":"Gemeinde Brežice","name_ru":"Брежице","name_pt":"Brezice","name_vi":"Đô thị tự trị Brezice"},"geometry":{"type":"Polygon","coordinates":[[[15.6929,46.0416],[15.698,46.0362],[15.6742,45.9932],[15.6756,45.9252],[15.6594,45.8888],[15.6755,45.856],[15.6761,45.8417],[15.6661,45.8317],[15.6261,45.8202],[15.5497,45.8237],[15.5129,45.8669],[15.5101,45.8822],[15.5153,45.894],[15.5565,45.9082],[15.5669,45.9201],[15.5714,45.9722],[15.5837,45.994],[15.6238,46.0037],[15.6929,46.0416]]]}},{"type":"Feature","properties":{"id":"SVN-958","code":"SI-054","name":"Krško","name_ko":"크르슈코 지방 자치제","name_en":"Krško","name_ja":"クルシュコ","name_zh":"克爾什科鎮","name_es":"Municipalidad del Krško","name_fr":"Krško","name_de":"Gemeinde Krško","name_ru":"Кршко","name_pt":"Krsko","name_vi":"Đô thị tự trị của Krsko"},"geometry":{"type":"Polygon","coordinates":[[[15.5497,45.8237],[15.5235,45.8268],[15.4854,45.8102],[15.4403,45.8115],[15.4356,45.8021],[15.4411,45.7822],[15.4298,45.7757],[15.4011,45.8099],[15.3881,45.8766],[15.3506,45.8917],[15.3542,45.9164],[15.3715,45.9511],[15.4294,46.0006],[15.4167,46.0332],[15.4184,46.0633],[15.4926,46.0677],[15.5249,46.0593],[15.5484,46.0441],[15.5647,46],[15.5837,45.994],[15.5714,45.9722],[15.5669,45.9201],[15.5565,45.9082],[15.5153,45.894],[15.5101,45.8822],[15.5129,45.8669],[15.5497,45.8237]]]}},{"type":"Feature","properties":{"id":"SVN-987","code":"SI-119","name":"Šentjernej","name_ko":"셴체르네이","name_en":"Šentjernej","name_ja":"シェントイェルニェイ","name_zh":"申特耶爾內伊","name_es":"Municipalidad del Šentjernej","name_fr":"Šentjernej","name_de":"Šentjernej","name_ru":"Шентджернедж","name_pt":"Šentjernej","name_vi":"Šentjernej"},"geometry":{"type":"Polygon","coordinates":[[[15.4298,45.7757],[15.331,45.7525],[15.3205,45.7825],[15.2792,45.8204],[15.2713,45.8419],[15.2809,45.8558],[15.3295,45.8747],[15.3439,45.8683],[15.361,45.8837],[15.3881,45.8766],[15.4011,45.8099],[15.4298,45.7757]]]}},{"type":"Feature","properties":{"id":"SVN-212","code":"SI-085","name":"Novo Mesto","name_ko":"노보메스토 지방 자치 도시","name_en":"Novo Mesto","name_ja":"ノヴォ・メスト","name_zh":"新梅斯托市","name_es":"Novo Mesto","name_fr":"Novo Mesto","name_de":"Stadtgemeinde Novo mesto","name_ru":"Ново-Место","name_pt":"Cidade Municipal do Novo","name_vi":"Đô thị tự trị Novo Mesto"},"geometry":{"type":"Polygon","coordinates":[[[15.331,45.7525],[15.2635,45.7304],[15.2499,45.7137],[15.1908,45.6844],[15.1262,45.6819],[15.1028,45.6844],[15.1241,45.7068],[15.0806,45.7442],[15.0581,45.7811],[15.086,45.8061],[15.1127,45.8204],[15.1186,45.8426],[15.1352,45.8491],[15.1448,45.8733],[15.1847,45.8675],[15.2178,45.8796],[15.2386,45.9244],[15.2885,45.8985],[15.3061,45.8812],[15.3037,45.8645],[15.2809,45.8558],[15.2713,45.8419],[15.2792,45.8204],[15.3205,45.7825],[15.331,45.7525]]]}},{"type":"Feature","properties":{"id":"SVN-969","code":"SI-073","name":"Metlika","name_ko":"메틀리카","name_en":"Metlika","name_ja":"メトリカ","name_zh":"梅特利卡","name_es":"Metlika","name_fr":"Metlika","name_de":"Metlika","name_ru":"Метлика","name_pt":"Metlika","name_vi":"Metlika"},"geometry":{"type":"Polygon","coordinates":[[[15.2499,45.7137],[15.2919,45.6756],[15.3049,45.6721],[15.3308,45.6846],[15.3738,45.6402],[15.2974,45.6257],[15.2879,45.6103],[15.2686,45.6017],[15.2822,45.5715],[15.2614,45.5824],[15.2532,45.5968],[15.2237,45.6],[15.225,45.6083],[15.2488,45.6148],[15.2682,45.6361],[15.2835,45.6434],[15.2746,45.6632],[15.251,45.6813],[15.2364,45.7025],[15.2281,45.7027],[15.2499,45.7137]]]}},{"type":"Feature","properties":{"id":"SVN-945","code":"SI-017","name":"Crnomelj","name_ko":"치르노멜 지방 자치제","name_en":"Črnomelj","name_ja":"チュルノメリ","name_zh":"奇爾諾梅利鎮","name_es":"Črnomelj","name_fr":"Municipalité de Črnomelj","name_de":"Gemeinde Črnomelj","name_ru":"Чрномель","name_pt":"Cronmelj","name_vi":"Đô thị tự trị Črnomelj"},"geometry":{"type":"Polygon","coordinates":[[[15.2822,45.5715],[15.2967,45.523],[15.311,45.5059],[15.3614,45.482],[15.3252,45.4528],[15.2816,45.451],[15.1842,45.4256],[15.1393,45.43],[15.0661,45.4739],[15.0867,45.4992],[15.1213,45.5116],[15.113,45.5203],[15.0797,45.5145],[15.0698,45.5229],[15.0819,45.5424],[15.1006,45.5461],[15.0836,45.5636],[15.0736,45.6019],[15.1054,45.5945],[15.1332,45.5963],[15.174,45.6174],[15.2068,45.6146],[15.225,45.6083],[15.2237,45.6],[15.2532,45.5968],[15.2614,45.5824],[15.2822,45.5715]]]}},{"type":"Feature","properties":{"id":"SVN-207","code":"SI-048","name":"Kocevje","name_ko":"코체베","name_en":"Kočevje","name_ja":"コチェーヴィエ","name_zh":"科切维","name_es":"Kočevje","name_fr":"Kočevje","name_de":"Kočevje","name_ru":"Кочевье","name_pt":"Kočevje","name_vi":"Kočevje"},"geometry":{"type":"Polygon","coordinates":[[[15.0661,45.4739],[15.0562,45.4799],[15.0074,45.4808],[14.9773,45.4917],[14.9653,45.5115],[14.9378,45.5263],[14.9017,45.5214],[14.8646,45.5311],[14.8485,45.5242],[14.8356,45.5017],[14.8171,45.5013],[14.7392,45.5536],[14.711,45.6281],[14.7318,45.647],[14.7547,45.6395],[14.7778,45.6487],[14.8224,45.7279],[14.7959,45.7431],[14.8137,45.7577],[14.8465,45.7596],[14.8697,45.7522],[14.877,45.7439],[14.8958,45.7451],[14.9264,45.7692],[14.9821,45.7663],[14.9836,45.7492],[14.972,45.7116],[14.9766,45.7029],[15.0201,45.665],[15.0246,45.6475],[15.0564,45.6068],[15.0736,45.6019],[15.0836,45.5636],[15.1006,45.5506],[15.1006,45.5461],[15.0819,45.5424],[15.0698,45.5229],[15.0797,45.5145],[15.113,45.5203],[15.1208,45.5165],[15.1181,45.5087],[15.0867,45.4992],[15.0661,45.4739]]]}},{"type":"Feature","properties":{"id":"SVN-245","code":"SI-165","name":"Kostel","name_ko":"코스텔 지방 자치제","name_en":"Kostel","name_ja":"コステル","name_zh":"科斯泰尔","name_es":"Municipalidad del Kostel","name_fr":"municipalité de Kostel","name_de":"Gemeinde Kostel","name_ru":"Костел","name_pt":"Kostel","name_vi":"Đô thị tự trị Kostel"},"geometry":{"type":"Polygon","coordinates":[[[14.9773,45.4917],[14.9626,45.4931],[14.9226,45.5149],[14.9044,45.5144],[14.9008,45.4931],[14.8816,45.4698],[14.8388,45.459],[14.7972,45.4652],[14.7812,45.4933],[14.6883,45.522],[14.6685,45.534],[14.6717,45.5568],[14.6637,45.5702],[14.7237,45.597],[14.7392,45.5536],[14.8171,45.5013],[14.8356,45.5017],[14.8485,45.5242],[14.8646,45.5311],[14.9017,45.5214],[14.9439,45.5254],[14.9653,45.5115],[14.9773,45.4917]]]}},{"type":"Feature","properties":{"id":"SVN-965","code":"SI-066","name":"Loški Potok","name_ko":"로슈키포토크","name_en":"Loški Potok","name_ja":"ロシュキ・ポトク","name_zh":"洛什基波托克","name_es":"Loški Potok","name_fr":"Loški Potok","name_de":"Loški Potok","name_ru":"Лошки-Поток","name_pt":"Loški Potok","name_vi":"Loški Potok"},"geometry":{"type":"Polygon","coordinates":[[[14.6637,45.5702],[14.6031,45.6036],[14.5939,45.6162],[14.5919,45.6634],[14.5809,45.6678],[14.5691,45.6643],[14.5375,45.7344],[14.55,45.7383],[14.6196,45.7289],[14.6766,45.6831],[14.7312,45.6673],[14.7352,45.6521],[14.7266,45.6378],[14.711,45.6281],[14.7237,45.597],[14.6637,45.5702]]]}},{"type":"Feature","properties":{"id":"SVN-209","code":"SI-065","name":"Loška dolina","name_ko":"로슈카돌리나","name_en":"Loška Dolina","name_ja":"ロシュカ・ドリナ","name_zh":"罗斯卡得利亚","name_es":"Loška Dolina","name_fr":"Loška Dolina","name_de":"Loška Dolina","name_ru":"Лошка-Долина","name_pt":"Loška Dolina","name_vi":"Loška Dolina"},"geometry":{"type":"Polygon","coordinates":[[[14.5691,45.6643],[14.4986,45.5962],[14.4915,45.5792],[14.4389,45.5807],[14.4439,45.5946],[14.4219,45.6169],[14.4258,45.6616],[14.3934,45.6893],[14.3862,45.7075],[14.4106,45.7101],[14.4784,45.7479],[14.5082,45.7311],[14.5252,45.7289],[14.5375,45.7344],[14.5691,45.6643]]]}},{"type":"Feature","properties":{"id":"SVN-954","code":"SI-038","name":"Ilirska Bistrica","name_ko":"일리르스카 비스트리카","name_en":"Ilirska Bistrica","name_ja":"イリルスカ・ビストリツァ","name_zh":"伊利爾斯卡比斯特里察鎮","name_es":"Municipio de Ilirska Bistrica","name_fr":"Ilirska Bistrica","name_de":"Gemeinde Ilirska Bistrica","name_ru":"Илирска-Бистрица","name_pt":"Ilirska Bistrica","name_vi":"Ilirska Bistrica"},"geometry":{"type":"Polygon","coordinates":[[[14.4915,45.5792],[14.4821,45.5424],[14.4689,45.5256],[14.3728,45.4778],[14.3268,45.4749],[14.2187,45.4972],[14.1167,45.473],[14.1182,45.4918],[14.1121,45.5014],[14.0872,45.518],[14.1056,45.566],[14.0904,45.5702],[14.1045,45.6047],[14.0898,45.6141],[14.0906,45.6242],[14.2267,45.6333],[14.2466,45.6441],[14.317,45.6595],[14.3326,45.6719],[14.3473,45.6722],[14.3786,45.652],[14.4262,45.644],[14.4219,45.6169],[14.4439,45.5946],[14.4389,45.5807],[14.4915,45.5792]]]}},{"type":"Feature","properties":{"id":"SVN-1027","code":"SI-040","name":"Izola","name_ko":"이졸라","name_en":"Izola","name_ja":"イゾラ","name_zh":"伊佐拉","name_es":"Izola","name_fr":"Izola","name_de":"Izola","name_ru":"Изола","name_pt":"Izola","name_vi":"Izola"},"geometry":{"type":"Polygon","coordinates":[[[13.6109,45.538],[13.6751,45.5447],[13.6743,45.5207],[13.6575,45.4922],[13.6466,45.4882],[13.6221,45.5068],[13.6109,45.538]]]}},{"type":"Feature","properties":{"id":"SVN-976","code":"SI-089","name":"Pesnica","name_ko":"페스니차","name_en":"Pesnica","name_ja":"ペスニツァ","name_zh":"佩斯尼察","name_es":"Pesnica","name_fr":"Pesnica","name_de":"Pesnica","name_ru":"Песница","name_pt":"Pesnica","name_vi":"Pesnica"},"geometry":{"type":"Polygon","coordinates":[[[15.7448,46.5685],[15.7207,46.5693],[15.6798,46.5928],[15.6471,46.5941],[15.6643,46.6036],[15.6457,46.6428],[15.6778,46.6489],[15.6915,46.6764],[15.7352,46.6704],[15.7706,46.6343],[15.7607,46.6149],[15.7547,46.5733],[15.7448,46.5685]]]}},{"type":"Feature","properties":{"id":"SVN-948","code":"SI-026","name":"Duplek","name_ko":"두플레크","name_en":"Duplek","name_ja":"ドゥプレク","name_zh":"杜普莱克","name_es":"Duplek","name_fr":"Duplek","name_de":"Duplek","name_ru":"Дуплек","name_pt":"Duplek","name_vi":"Duplek"},"geometry":{"type":"Polygon","coordinates":[[[15.7317,46.5048],[15.7208,46.5236],[15.7537,46.547],[15.7849,46.545],[15.8177,46.5149],[15.8104,46.5063],[15.8163,46.4973],[15.7815,46.4677],[15.7394,46.4918],[15.7317,46.5048]]]}},{"type":"Feature","properties":{"id":"SVN-228","code":"SI-169","name":"Miklavž na Dravskem polju","name_ko":"미클라우시나드라우스켐폴류","name_en":"Miklavž na Dravskem Polju","name_ja":"ミクラヴジュ・ナ・ドラフスケム・ポリュ","name_zh":"德拉夫什卡波卢地区米克拉夫兹","name_es":"Miklavž na Dravskem Polju","name_fr":"Miklavž na Dravskem polju","name_de":"Miklavž na Dravskem Polju","name_ru":"Миклавж-на-Дравскем-Полю","name_pt":"Miklavž na Dravskem polju","name_vi":"Miklavž na Dravskem Polju"},"geometry":{"type":"Polygon","coordinates":[[[15.6965,46.5121],[15.7331,46.5032],[15.7233,46.4917],[15.7328,46.4744],[15.717,46.46],[15.6951,46.4866],[15.7005,46.4981],[15.6965,46.5121]]]}},{"type":"Feature","properties":{"id":"SVN-229","code":"SI-160","name":"Hoce-Slivnica","name_ko":"호체슬리우니차","name_en":"Hoče-Slivnica","name_ja":"ホチェ＝スリヴニツァ","name_zh":"霍采-斯利夫尼察","name_es":"Hoče-Slivnica","name_fr":"Hoče-Slivnica","name_de":"Hoče-Slivnica","name_ru":"Хоче-Сливница","name_pt":"Hoče-Slivnica","name_vi":"Hoče - Slivnica"},"geometry":{"type":"Polygon","coordinates":[[[15.6085,46.5166],[15.6965,46.5121],[15.7005,46.4981],[15.6951,46.4866],[15.7095,46.465],[15.654,46.4606],[15.613,46.4766],[15.5458,46.4832],[15.5394,46.4974],[15.5638,46.5099],[15.6085,46.5166]]]}},{"type":"Feature","properties":{"id":"SVN-208","code":"SI-058","name":"Lenart","name_ko":"레나르트 지방 자치제","name_en":"Lenart","name_ja":"レナルト","name_zh":"来纳尔特","name_es":"Municipalidad del Lenart","name_fr":"Municipalité de Lenart","name_de":"Gemeinde Lenart","name_ru":"Ленарт","name_pt":"Lenart","name_vi":"Đô thị tự trị Lenart"},"geometry":{"type":"Polygon","coordinates":[[[15.7784,46.6482],[15.8183,46.6454],[15.8346,46.6149],[15.8754,46.6059],[15.8982,46.5843],[15.9151,46.5858],[15.9333,46.5964],[15.9559,46.5882],[15.9196,46.5653],[15.9285,46.5419],[15.9241,46.5344],[15.8921,46.5464],[15.8676,46.5337],[15.8545,46.5063],[15.8163,46.4973],[15.8104,46.5063],[15.8177,46.5149],[15.8152,46.5202],[15.791,46.5346],[15.7849,46.545],[15.7537,46.547],[15.7693,46.5594],[15.7547,46.5733],[15.7607,46.6149],[15.7784,46.6482]]]}},{"type":"Feature","properties":{"id":"SVN-200","code":"SI-181","name":"Sveta Ana","name_ko":"스베타아나","name_en":"Sveta Ana","name_ja":"スヴェタ・アナ","name_zh":"圣安娜","name_es":"Sveta Ana","name_fr":"Sveta Ana","name_de":"Sveta Ana","name_ru":"Света-Ана","name_pt":"Sveta Ana","name_vi":"Sveta Ana"},"geometry":{"type":"Polygon","coordinates":[[[15.8002,46.6469],[15.7928,46.6657],[15.8039,46.6825],[15.8043,46.6998],[15.8886,46.6628],[15.8881,46.6459],[15.8748,46.6364],[15.8568,46.6073],[15.8293,46.619],[15.8183,46.6454],[15.8002,46.6469]]]}},{"type":"Feature","properties":{"id":"SVN-235","code":"SI-167","name":"Lovrenc na Pohorju","name_ko":"로우렌츠나포호류","name_en":"Lovrenc na Pohorju","name_ja":"ロヴェンツェ・ナ・ポホリュ","name_zh":"波霍列山区洛夫伦茨","name_es":"Lovrenc na Pohorju","name_fr":"Lovrenc na Pohorju","name_de":"Lovrenc na Pohorju","name_ru":"Ловренц-на-Похорью","name_pt":"Lovrenc na Pohorju","name_vi":"Lovrenc na Pohorju"},"geometry":{"type":"Polygon","coordinates":[[[15.376,46.5887],[15.4304,46.5748],[15.4434,46.5847],[15.4617,46.5683],[15.4597,46.55],[15.4499,46.5419],[15.4406,46.5185],[15.4152,46.4995],[15.4082,46.4777],[15.3812,46.4688],[15.3591,46.4802],[15.3157,46.4822],[15.3121,46.4925],[15.3292,46.5248],[15.3666,46.5688],[15.3691,46.5839],[15.376,46.5887]]]}},{"type":"Feature","properties":{"id":"SVN-257","code":"SI-177","name":"Ribnica na Pohorju","name_ko":"리브니차나포호류","name_en":"Ribnica na Pohorju","name_ja":"リブニツァ・ナ・ポホリュ","name_zh":"波霍爾尤爾地區里布尼察","name_es":"Municipalidad Ribnica na Pohorju","name_fr":"Ribnica na Pohorju","name_de":"Ribnica na Pohorju","name_ru":"Рибница-на-Похорью","name_pt":"Ribnica na Pohorju","name_vi":"Ribnica na Pohorju"},"geometry":{"type":"Polygon","coordinates":[[[15.2704,46.5726],[15.3206,46.5375],[15.3172,46.5275],[15.3228,46.5107],[15.3121,46.4925],[15.2227,46.497],[15.1888,46.5172],[15.2148,46.5475],[15.2704,46.5726]]]}},{"type":"Feature","properties":{"id":"SVN-991","code":"SI-112","name":"Slovenj Gradec","name_ko":"슬로벤그라데츠 도시 지방 자치제","name_en":"Slovenj Gradec","name_ja":"スロヴェニ・グラデツ","name_zh":"斯洛文尼格拉代茨市","name_es":"Slovenj Gradec","name_fr":"Slovenj Gradec","name_de":"Gemeinde Slovenj Gradec","name_ru":"Словень-Градец","name_pt":"Cidade Slovenj Gradec","name_vi":"Đô thị tự trị Slovenj Gradec"},"geometry":{"type":"Polygon","coordinates":[[[14.9656,46.4895],[14.9985,46.5058],[15.0105,46.5504],[15.0246,46.5381],[15.0643,46.5423],[15.1034,46.57],[15.1433,46.5336],[15.1957,46.5109],[15.1861,46.4919],[15.1512,46.4602],[15.1495,46.4497],[15.1349,46.4439],[15.1236,46.422],[15.0986,46.4338],[15.0922,46.4342],[15.0893,46.4265],[14.9563,46.4599],[14.9656,46.4895]]]}},{"type":"Feature","properties":{"id":"SVN-1005","code":"SI-141","name":"Vuzenica","name_ko":"부제니차","name_en":"Vuzenica","name_ja":"ヴゼニツァ","name_zh":"弗贊尼卡","name_es":"Vuzenica","name_fr":"Vuzenica","name_de":"Vuzenica","name_ru":"Вузеница","name_pt":"Vuzenica","name_vi":"Vuzenica"},"geometry":{"type":"Polygon","coordinates":[[[15.1835,46.6195],[15.2116,46.6017],[15.2016,46.582],[15.1838,46.5773],[15.1874,46.5688],[15.1755,46.5426],[15.1806,46.534],[15.1993,46.5292],[15.1888,46.5172],[15.1433,46.5336],[15.1034,46.57],[15.1039,46.5868],[15.1119,46.5987],[15.1545,46.6036],[15.1835,46.6195]]]}},{"type":"Feature","properties":{"id":"SVN-215","code":"SI-095","name":"Preddvor","name_ko":"프레드보르","name_en":"Preddvor","name_ja":"プレッドヴォル","name_zh":"普雷德沃尔","name_es":"Preddvor","name_fr":"Preddvor","name_de":"Preddvor","name_ru":"Преддвор","name_pt":"Preddvor","name_vi":"Đô thị tự trị Preddvor"},"geometry":{"type":"Polygon","coordinates":[[[14.4672,46.2916],[14.3798,46.2893],[14.3668,46.3037],[14.3866,46.307],[14.4055,46.3516],[14.427,46.3505],[14.4447,46.3664],[14.5359,46.3603],[14.5456,46.3527],[14.5445,46.3366],[14.5531,46.3213],[14.544,46.312],[14.5153,46.2998],[14.4672,46.2916]]]}},{"type":"Feature","properties":{"id":"SVN-985","code":"SI-117","name":"Šenčur","name_ko":"셴추르","name_en":"Šenčur","name_ja":"シェンチュル","name_zh":"申丘爾","name_es":"Municipalidad del Šenčur","name_fr":"Šenčur","name_de":"Šenčur","name_ru":"Шенчур","name_pt":"Šenčur","name_vi":"Šenčur"},"geometry":{"type":"Polygon","coordinates":[[[14.4172,46.2889],[14.4672,46.2916],[14.4491,46.2763],[14.4422,46.2552],[14.4445,46.2232],[14.4674,46.1989],[14.4587,46.1933],[14.4065,46.1918],[14.3842,46.2217],[14.4172,46.2889]]]}},{"type":"Feature","properties":{"id":"SVN-942","code":"SI-012","name":"Cerklje na Gorenjskem","name_ko":"체르클레나고렌스켐","name_en":"Cerklje na Gorenjskem","name_ja":"ツェルクニェ・ナ・ゴレニスケム","name_zh":"戈雷尼斯卡地区采尔克列","name_es":"Cerklje na Gorenjskem","name_fr":"Cerklje na Gorenjskem","name_de":"Cerklje na Gorenjskem","name_ru":"Церкле-на-Гореньскем","name_pt":"Cerklje na Gorenjskem","name_vi":"Cerklje na Gorenjskem"},"geometry":{"type":"Polygon","coordinates":[[[14.4672,46.2916],[14.5153,46.2998],[14.544,46.312],[14.5437,46.2988],[14.5699,46.2615],[14.5685,46.2536],[14.5007,46.2029],[14.4629,46.2061],[14.4445,46.2232],[14.4422,46.2552],[14.4491,46.2763],[14.4672,46.2916]]]}},{"type":"Feature","properties":{"id":"SVN-206","code":"SI-043","name":"Kamnik","name_ko":"캄니크 지방 자치제","name_en":"Kamnik","name_ja":"カムニーク","name_zh":"卡姆尼克鎮","name_es":"Municipalidad Kamnik","name_fr":"Kamnik","name_de":"Gemeinde Kamnik","name_ru":"Камник","name_pt":"Kamnik","name_vi":"Đô thị tự trị Kamnik"},"geometry":{"type":"Polygon","coordinates":[[[14.544,46.312],[14.5531,46.3213],[14.5445,46.3366],[14.5456,46.3527],[14.5359,46.3603],[14.5687,46.3688],[14.5957,46.3614],[14.6399,46.3664],[14.6467,46.3339],[14.6706,46.3106],[14.6801,46.2906],[14.7057,46.2869],[14.704,46.2698],[14.7141,46.2631],[14.753,46.2543],[14.8548,46.2529],[14.9301,46.2188],[14.8989,46.2087],[14.7698,46.1959],[14.7159,46.2022],[14.6831,46.1992],[14.6577,46.2066],[14.6095,46.1885],[14.5901,46.1891],[14.5799,46.1924],[14.5827,46.1981],[14.5525,46.2432],[14.5641,46.2473],[14.5699,46.2615],[14.5533,46.2786],[14.544,46.312]]]}},{"type":"Feature","properties":{"id":"SVN-967","code":"SI-071","name":"Medvode","name_ko":"메드보데","name_en":"Medvode","name_ja":"メドヴォデ","name_zh":"梅德沃代","name_es":"Medvode","name_fr":"Medvode","name_de":"Medvode","name_ru":"Медводе","name_pt":"Medvode","name_vi":"Medvode"},"geometry":{"type":"Polygon","coordinates":[[[14.3938,46.1603],[14.4143,46.1705],[14.4065,46.1918],[14.4587,46.1933],[14.4692,46.1435],[14.4604,46.134],[14.4225,46.1231],[14.4207,46.1174],[14.4379,46.0974],[14.4086,46.0829],[14.3719,46.0901],[14.3504,46.0834],[14.325,46.0983],[14.3278,46.1186],[14.3378,46.1346],[14.3938,46.1603]]]}},{"type":"Feature","properties":{"id":"SVN-1013","code":"SI-052","name":"Kranj","name_ko":"크란","name_en":"Kranj","name_ja":"クラーニ","name_zh":"克拉尼","name_es":"Kranj","name_fr":"Kranj","name_de":"Kranj","name_ru":"Крань","name_pt":"Kranj","name_vi":"Kranj"},"geometry":{"type":"Polygon","coordinates":[[[14.4065,46.1918],[14.4143,46.1705],[14.3938,46.1603],[14.3798,46.1815],[14.3642,46.1832],[14.3654,46.1956],[14.338,46.1929],[14.2759,46.2108],[14.2695,46.2144],[14.278,46.2267],[14.2754,46.2341],[14.2081,46.2557],[14.1665,46.2813],[14.1791,46.2842],[14.2343,46.2732],[14.2746,46.2749],[14.325,46.2547],[14.3347,46.2705],[14.3113,46.2971],[14.3286,46.3141],[14.3303,46.3368],[14.3595,46.3508],[14.4055,46.3516],[14.3866,46.307],[14.3668,46.3037],[14.3798,46.2893],[14.4172,46.2889],[14.3831,46.2245],[14.4065,46.1918]]]}},{"type":"Feature","properties":{"id":"SVN-1017","code":"SI-122","name":"Škofja Loka","name_ko":"슈코퍄로카 지방 자치제","name_en":"Škofja Loka","name_ja":"シュコーフィア・ロカ","name_zh":"斯科菲亞洛卡","name_es":"Škofja Loka","name_fr":"Škofja Loka","name_de":"Škofja Loka","name_ru":"Шкофья-Лока","name_pt":"Skofja Loka","name_vi":"Đô thị tự trị Skofja Loka"},"geometry":{"type":"Polygon","coordinates":[[[14.2486,46.243],[14.2772,46.2321],[14.2697,46.2195],[14.2759,46.2108],[14.338,46.1929],[14.3654,46.1956],[14.3642,46.1832],[14.3798,46.1815],[14.3938,46.1603],[14.3378,46.1346],[14.3278,46.1186],[14.325,46.0983],[14.2673,46.1065],[14.232,46.0999],[14.2112,46.0881],[14.2008,46.1025],[14.2,46.12],[14.207,46.1301],[14.2005,46.141],[14.2228,46.1708],[14.2043,46.1809],[14.162,46.1794],[14.1698,46.1887],[14.2255,46.2068],[14.2486,46.243]]]}},{"type":"Feature","properties":{"id":"SVN-1020","code":"SI-146","name":"Železniki","name_ko":"젤레즈니키","name_en":"Železniki","name_ja":"ジェレズニキ","name_zh":"热莱兹尼基","name_es":"Železniki","name_fr":"Železniki","name_de":"Železniki","name_ru":"Железники","name_pt":"Železniki","name_vi":"Železniki"},"geometry":{"type":"Polygon","coordinates":[[[14.1665,46.2813],[14.2081,46.2557],[14.2486,46.243],[14.2352,46.2282],[14.2304,46.2107],[14.1698,46.1887],[14.162,46.1794],[14.0977,46.1704],[14.0737,46.1581],[14.0675,46.1673],[13.9885,46.1807],[13.9893,46.1946],[14.005,46.2199],[13.997,46.2393],[14.0096,46.2465],[14.0291,46.2501],[14.0853,46.2439],[14.0935,46.2465],[14.099,46.2674],[14.1106,46.2813],[14.1665,46.2813]]]}},{"type":"Feature","properties":{"id":"SVN-1009","code":"SI-004","name":"Bohinj","name_ko":"보힌","name_en":"Bohinj","name_ja":"ボーヒニ","name_zh":"博希尼","name_es":"Municipalidad del Cayo","name_fr":"Municipalité de Bohinj","name_de":"Gemeinde Bohinj","name_ru":"Бохинь","name_pt":"Bohinj","name_vi":"Khu tự trị Bohinj"},"geometry":{"type":"Polygon","coordinates":[[[14.1791,46.2842],[14.1106,46.2813],[14.099,46.2674],[14.0935,46.2465],[14.0853,46.2439],[14.0291,46.2501],[13.997,46.2393],[13.8806,46.2301],[13.8209,46.2418],[13.7708,46.262],[13.7367,46.2861],[13.7274,46.3017],[13.7495,46.3353],[13.828,46.3691],[13.8417,46.3822],[13.8789,46.3665],[13.9471,46.3598],[14.0093,46.3364],[14.0436,46.3152],[14.0867,46.316],[14.1016,46.2989],[14.1111,46.3067],[14.1716,46.305],[14.1801,46.2988],[14.1791,46.2842]]]}},{"type":"Feature","properties":{"id":"SVN-1015","code":"SI-082","name":"Naklo","name_ko":"나클로 지방 자치제","name_en":"Naklo","name_ja":"ナクロ","name_zh":"納克洛鎮","name_es":"Municipalidad del Naklo","name_fr":"Naklo","name_de":"Gemeinde Naklo","name_ru":"Накло","name_pt":"Naklo","name_vi":"Đô thị tự trị Naklo"},"geometry":{"type":"Polygon","coordinates":[[[14.3263,46.3214],[14.3286,46.3141],[14.3113,46.2971],[14.3347,46.2705],[14.33,46.2565],[14.2746,46.2749],[14.2661,46.2972],[14.2672,46.3261],[14.3007,46.319],[14.3263,46.3214]]]}},{"type":"Feature","properties":{"id":"SVN-1016","code":"SI-102","name":"Radovljica","name_ko":"라도울리차","name_en":"Radovljica","name_ja":"ラドヴリツァ","name_zh":"拉多夫利察","name_es":"Radovljica","name_fr":"Radovljica","name_de":"Radovljica","name_ru":"Радовлица","name_pt":"Radovljica","name_vi":"Đô thị tự trị Radovljica"},"geometry":{"type":"Polygon","coordinates":[[[14.2343,46.2732],[14.1791,46.2842],[14.1801,46.2988],[14.1716,46.305],[14.1111,46.3067],[14.1162,46.3182],[14.1508,46.3468],[14.1375,46.3722],[14.1905,46.3869],[14.2146,46.417],[14.2382,46.4253],[14.2529,46.4135],[14.2486,46.3533],[14.2672,46.3261],[14.2661,46.2972],[14.2746,46.2749],[14.2343,46.2732]]]}},{"type":"Feature","properties":{"id":"SVN-995","code":"SI-126","name":"Šoštanj","name_ko":"쇼슈탄","name_en":"Šoštanj","name_ja":"ショーシュタニ","name_zh":"绍什塔尼","name_es":"Šoštanj","name_fr":"Šoštanj","name_de":"Šoštanj","name_ru":"Шоштань","name_pt":"Šoštanj","name_vi":"Šoštanj"},"geometry":{"type":"Polygon","coordinates":[[[14.9563,46.4599],[15.0893,46.4265],[15.0877,46.3999],[15.0698,46.3718],[15.0666,46.3517],[15.0139,46.3645],[14.9999,46.3772],[15.0025,46.3865],[14.9935,46.3944],[14.963,46.3943],[14.9395,46.4013],[14.9022,46.3939],[14.9009,46.4176],[14.8917,46.4235],[14.9559,46.4472],[14.9563,46.4599]]]}},{"type":"Feature","properties":{"id":"SVN-963","code":"SI-062","name":"Ljubno","name_ko":"류브노","name_en":"Ljubno","name_ja":"リュブノ","name_zh":"柳布诺","name_es":"Ljubno","name_fr":"Ljubno","name_de":"Ljubno","name_ru":"Любно","name_pt":"Ljubno","name_vi":"Ljubno"},"geometry":{"type":"Polygon","coordinates":[[[14.8917,46.4235],[14.9009,46.4176],[14.9022,46.3939],[14.8817,46.3525],[14.8815,46.3377],[14.8669,46.3155],[14.848,46.3161],[14.7976,46.3434],[14.7808,46.3385],[14.8069,46.3885],[14.8041,46.4251],[14.8917,46.4235]]]}},{"type":"Feature","properties":{"id":"SVN-210","code":"SI-067","name":"Luce","name_ko":"루체","name_en":"Luče","name_ja":"ルチェ","name_zh":"卢切","name_es":"Municipalidad del Luce","name_fr":"Luče","name_de":"Luče","name_ru":"Люче","name_pt":"Luče","name_vi":"Đô thị tự trị Luce"},"geometry":{"type":"Polygon","coordinates":[[[14.8041,46.4251],[14.8069,46.3885],[14.7808,46.3385],[14.7313,46.3108],[14.7057,46.2869],[14.6801,46.2906],[14.6706,46.3106],[14.6467,46.3339],[14.6399,46.3664],[14.6694,46.3646],[14.7265,46.3834],[14.743,46.3929],[14.7402,46.4071],[14.7699,46.4313],[14.8041,46.4251]]]}},{"type":"Feature","properties":{"id":"SVN-966","code":"SI-068","name":"Lukovica","name_ko":"루코비차","name_en":"Lukovica","name_ja":"ルコヴィツァ","name_zh":"卢科维察","name_es":"Lukovica","name_fr":"Lukovica","name_de":"Lukovica","name_ru":"Луковица","name_pt":"Lukovica","name_vi":"Đô thị tự trị Lukovica"},"geometry":{"type":"Polygon","coordinates":[[[14.7698,46.1959],[14.8989,46.2087],[14.9017,46.191],[14.8857,46.1773],[14.8168,46.1705],[14.8284,46.1603],[14.7721,46.1684],[14.7299,46.1622],[14.6838,46.144],[14.6505,46.1646],[14.6635,46.1857],[14.6831,46.1992],[14.7159,46.2022],[14.7698,46.1959]]]}},{"type":"Feature","properties":{"id":"SVN-199","code":"SI-148","name":"Benedikt","name_ko":"베네딕트 지방 자치제","name_en":"Benedikt","name_ja":"ベネディクト","name_zh":"贝内迪克特","name_es":"Benedikt","name_fr":"Benedikt","name_de":"Benedikt","name_ru":"Бенедикт","name_pt":"Benedikt","name_vi":"Đô thị tự trị Benedikt"},"geometry":{"type":"Polygon","coordinates":[[[15.9024,46.5835],[15.8628,46.611],[15.8748,46.6364],[15.8881,46.6459],[15.9311,46.6383],[15.9133,46.6241],[15.9164,46.6108],[15.9333,46.5964],[15.9024,46.5835]]]}},{"type":"Feature","properties":{"id":"SVN-960","code":"SI-057","name":"Laško","name_ko":"라슈코","name_en":"Laško","name_ja":"ラーシュコ","name_zh":"拉什科","name_es":"Laško","name_fr":"Laško","name_de":"Laško","name_ru":"Лашко","name_pt":"Laško","name_vi":"Đô thị tự trị Lasko"},"geometry":{"type":"Polygon","coordinates":[[[15.3709,46.1357],[15.3827,46.1082],[15.3801,46.0892],[15.3684,46.0721],[15.3168,46.0687],[15.2871,46.0591],[15.2767,46.0761],[15.2539,46.0833],[15.1939,46.0822],[15.2049,46.0664],[15.2019,46.0608],[15.1634,46.0925],[15.1434,46.1015],[15.149,46.11],[15.1767,46.1033],[15.1885,46.1162],[15.1717,46.1382],[15.1348,46.1615],[15.1133,46.1834],[15.204,46.1882],[15.2164,46.1982],[15.2291,46.192],[15.2573,46.1971],[15.3014,46.1889],[15.3014,46.1791],[15.2887,46.1701],[15.2938,46.1655],[15.3633,46.1813],[15.375,46.1678],[15.3671,46.1496],[15.3709,46.1357]]]}},{"type":"Feature","properties":{"id":"SVN-252","code":"SI-154","name":"Dobje","name_ko":"도베","name_en":"Dobje","name_ja":"ドビェ","name_zh":"多别","name_es":"Dobje","name_fr":"Dobje","name_de":"Dobje","name_ru":"Добье","name_pt":"Dobje","name_vi":"Dobje"},"geometry":{"type":"Polygon","coordinates":[[[15.3827,46.1082],[15.3709,46.1357],[15.4033,46.1522],[15.4118,46.1521],[15.4403,46.1286],[15.4356,46.1181],[15.4201,46.1257],[15.3984,46.1095],[15.3827,46.1082]]]}},{"type":"Feature","properties":{"id":"SVN-219","code":"SI-108","name":"Ruše","name_ko":"루셰 지방 자치제","name_en":"Ruše","name_ja":"ルシェ","name_zh":"魯舍鎮","name_es":"Ruše","name_fr":"Municipalité de Ruše","name_de":"Gemeinde Ruše","name_ru":"Руше","name_pt":"Ruse","name_vi":"Đô thị tự trị Ruse"},"geometry":{"type":"Polygon","coordinates":[[[15.5638,46.5099],[15.5394,46.4974],[15.5005,46.4993],[15.4082,46.4777],[15.4152,46.4995],[15.4406,46.5185],[15.4499,46.5419],[15.4597,46.55],[15.4581,46.5386],[15.4828,46.5345],[15.5604,46.5621],[15.5503,46.518],[15.5638,46.5099]]]}},{"type":"Feature","properties":{"id":"SVN-1003","code":"SI-138","name":"Vodice","name_ko":"보디체","name_en":"Vodice","name_ja":"ヴォディツェ","name_zh":"沃迪采","name_es":"Vodice","name_fr":"Vodice","name_de":"Vodice","name_ru":"Водице","name_pt":"Vodice","name_vi":"Vodice"},"geometry":{"type":"Polygon","coordinates":[[[14.4692,46.1435],[14.4587,46.1933],[14.4674,46.1989],[14.4629,46.2061],[14.5007,46.2029],[14.5246,46.1771],[14.5378,46.1742],[14.537,46.1613],[14.5139,46.1456],[14.4764,46.1388],[14.4692,46.1435]]]}},{"type":"Feature","properties":{"id":"SVN-225","code":"SI-164","name":"Komenda","name_ko":"코멘다","name_en":"Komenda","name_ja":"コメンダ","name_zh":"科门达","name_es":"Komenda","name_fr":"Komenda","name_de":"Komenda","name_ru":"Коменда","name_pt":"Komenda","name_vi":"Đô thị tự trị Komenda"},"geometry":{"type":"Polygon","coordinates":[[[14.5378,46.1742],[14.5246,46.1771],[14.5007,46.2029],[14.5525,46.2432],[14.5827,46.1981],[14.5378,46.1742]]]}},{"type":"Feature","properties":{"id":"SVN-968","code":"SI-072","name":"Mengeš","name_ko":"멘게시","name_en":"Mengeš","name_ja":"メンゲシュ","name_zh":"门盖什","name_es":"Mengeš","name_fr":"Mengeš","name_de":"Mengeš","name_ru":"Менгеш","name_pt":"Mengeš","name_vi":"Đô thị tự trị Menges"},"geometry":{"type":"Polygon","coordinates":[[[14.5139,46.1456],[14.537,46.1613],[14.5378,46.1742],[14.5827,46.1981],[14.5799,46.1924],[14.5901,46.1891],[14.5837,46.1765],[14.5898,46.1477],[14.5206,46.1324],[14.5139,46.1456]]]}},{"type":"Feature","properties":{"id":"SVN-1004","code":"SI-140","name":"Vrhnika","name_ko":"브르흐니카 지방 자치제","name_en":"Vrhnika","name_ja":"ブルフニカ","name_zh":"弗爾赫尼卡鎮","name_es":"Municipalidad del Vrhnika","name_fr":"Municipalité de Vrhnika","name_de":"Gemeinde Vrhnika","name_ru":"Врхника","name_pt":"Vrhnika","name_vi":"Vrhnika Đô thị tự trị"},"geometry":{"type":"Polygon","coordinates":[[[14.2441,46.0202],[14.2405,46.0055],[14.2738,45.9939],[14.283,46.0039],[14.342,46.014],[14.3853,46.0322],[14.3968,46.0241],[14.3974,46.0109],[14.3722,45.9939],[14.3753,45.9805],[14.3656,45.9655],[14.3442,45.9611],[14.3337,45.9433],[14.3575,45.8892],[14.3763,45.8715],[14.3648,45.8675],[14.3094,45.8912],[14.2992,45.8857],[14.2857,45.9074],[14.2604,45.9292],[14.2143,45.9525],[14.2198,45.9892],[14.2298,45.995],[14.1963,46.0081],[14.1904,46.0247],[14.2441,46.0202]]]}},{"type":"Feature","properties":{"id":"SVN-250","code":"SI-162","name":"Horjul","name_ko":"호률","name_en":"Horjul","name_ja":"ホリュル","name_zh":"霍尔尤尔","name_es":"Horjul","name_fr":"Horjul","name_de":"Horjul","name_ru":"Хорьюл","name_pt":"Horjul","name_vi":"Đô thị tự trị Horjul"},"geometry":{"type":"Polygon","coordinates":[[[14.2738,45.9939],[14.2405,46.0055],[14.2464,46.0131],[14.2435,46.0315],[14.2526,46.0397],[14.2824,46.0456],[14.3232,46.0427],[14.3431,46.0291],[14.342,46.014],[14.283,46.0039],[14.2738,45.9939]]]}},{"type":"Feature","properties":{"id":"SVN-198","code":"SI-153","name":"Cerkvenjak","name_ko":"체르크베냐크 지방 자치제","name_en":"Cerkvenjak","name_ja":"ツェルクヴェニャク","name_zh":"采尔克韦尼亚克","name_es":"Municipalidad del Cerkvenjak","name_fr":"Municipalité de Cerkvenjak","name_de":"Gemeinde Cerkvenjak","name_ru":"Церквеняк","name_pt":"Cerkvenjak","name_vi":"Đô thị tự trị Cerkvenjak"},"geometry":{"type":"Polygon","coordinates":[[[15.9285,46.5419],[15.9196,46.5653],[15.9264,46.5736],[15.9559,46.5882],[15.9783,46.586],[15.9685,46.5662],[15.9867,46.5467],[15.9542,46.533],[15.9285,46.5419]]]}},{"type":"Feature","properties":{"id":"SVN-236","code":"SI-186","name":"Trzin","name_ko":"트르진","name_en":"Trzin","name_ja":"トルジン","name_zh":"特尔津","name_es":"Trzin","name_fr":"Trzin","name_de":"Trzin","name_ru":"Трзин","name_pt":"Trzin","name_vi":"Trzin"},"geometry":{"type":"Polygon","coordinates":[[[14.5206,46.1324],[14.5898,46.1477],[14.5758,46.1344],[14.5693,46.1078],[14.5397,46.1162],[14.5206,46.1324]]]}},{"type":"Feature","properties":{"id":"SVN-929","code":"SI-097","name":"Puconci","name_ko":"푸콘치","name_en":"Puconci","name_ja":"プツォンツィ","name_zh":"普孔奇","name_es":"Puconci","name_fr":"Puconci","name_de":"Puconci","name_ru":"Пукончи","name_pt":"Puconci","name_vi":"Puconci"},"geometry":{"type":"Polygon","coordinates":[[[16.0974,46.7621],[16.112,46.7674],[16.1269,46.7875],[16.1364,46.8294],[16.1501,46.8265],[16.1645,46.8105],[16.2019,46.7903],[16.2039,46.7819],[16.1934,46.7623],[16.2106,46.745],[16.1756,46.7187],[16.1787,46.6976],[16.1514,46.69],[16.1083,46.6904],[16.0665,46.7043],[16.0534,46.7198],[16.0555,46.756],[16.0636,46.7642],[16.0974,46.7621]]]}},{"type":"Feature","properties":{"id":"SVN-202","code":"SI-158","name":"Grad","name_ko":"그라드","name_en":"Grad","name_ja":"グラード","name_zh":"格拉德","name_es":"Grad","name_fr":"Grad","name_de":"Grad","name_ru":"Град","name_pt":"Grad","name_vi":"Đô thị tự trị Grad"},"geometry":{"type":"Polygon","coordinates":[[[16.1364,46.8294],[16.1269,46.7875],[16.112,46.7674],[16.0974,46.7621],[16.0521,46.7701],[16.056,46.8161],[16.0988,46.8321],[16.1364,46.8294]]]}},{"type":"Feature","properties":{"id":"SVN-1045","code":"SI-080","name":"Murska Sobota","name_ko":"무르스카소보타 도시 지방 자치제","name_en":"Murska Sobota","name_ja":"ムルスカ・ソボタ","name_zh":"穆爾斯卡索博塔市","name_es":"Ciudad Municipalidad Murska Sobota","name_fr":"Murska Sobota","name_de":"Gemeinde Murska Sobota","name_ru":"Мурска-Собота","name_pt":"Cidade Municipal de Murska Sobota","name_vi":"Đô thị tự trị Murska Sobota"},"geometry":{"type":"Polygon","coordinates":[[[16.1514,46.69],[16.1787,46.6976],[16.1982,46.6669],[16.2408,46.6536],[16.1608,46.6059],[16.1103,46.6239],[16.123,46.6439],[16.1044,46.6716],[16.1083,46.6904],[16.1514,46.69]]]}},{"type":"Feature","properties":{"id":"SVN-268","code":"SI-182","name":"Sveti Andraž v Slovenskih Goricah","name_ko":"스베티안드라시우슬로벤스키흐고리차흐","name_en":"Sveti Andraž v Slovenskih Goricah","name_ja":"スヴェティ・アンドラジュ・フ・スロヴェンスキフ・ゴリツァフ","name_zh":"斯洛文尼亚丘陵内斯韦提安德拉日","name_es":"Sveti Andraž v Slovenskih Goricah","name_fr":"Sveti Andraž v Slovenskih goricah","name_de":"Sveti Andraž v Slovenskih goricah","name_ru":"Свети-Андраж","name_pt":"Sveti Andraž v Slovenskih goricah","name_vi":"Sveti Andraž v Slovenskih goricah"},"geometry":{"type":"Polygon","coordinates":[[[15.9241,46.5344],[15.9285,46.5419],[15.9592,46.5334],[15.9867,46.5467],[16.0074,46.5244],[15.9622,46.5109],[15.9495,46.5016],[15.9472,46.4872],[15.9286,46.5041],[15.9337,46.5227],[15.9241,46.5344]]]}},{"type":"Feature","properties":{"id":"SVN-940","code":"SI-008","name":"Brezovica","name_ko":"브레조비차","name_en":"Brezovica","name_ja":"ブレゾヴィツァ","name_zh":"布雷佐维察","name_es":"Municipalidad del Brezovica","name_fr":"Brezovica","name_de":"Brezovica","name_ru":"Брезовица","name_pt":"Brezovica","name_vi":"Brezovica"},"geometry":{"type":"Polygon","coordinates":[[[14.4073,46.0358],[14.4289,46.029],[14.4578,46.0054],[14.436,45.9868],[14.4355,45.9799],[14.4451,45.9741],[14.4591,45.9482],[14.4669,45.906],[14.4902,45.8809],[14.4422,45.8635],[14.4175,45.8709],[14.407,45.8916],[14.4148,45.9226],[14.3842,45.9393],[14.3701,45.952],[14.3656,45.9655],[14.3753,45.9805],[14.3722,45.9939],[14.3974,46.0109],[14.3968,46.0241],[14.3853,46.0322],[14.4073,46.0358]]]}},{"type":"Feature","properties":{"id":"SVN-204","code":"SI-021","name":"Dobrova-Polhov Gradec","name_ko":"도브로바폴호우그라데츠","name_en":"Dobrova–Polhov Gradec","name_ja":"ドブロヴァ＝ポルホフ・グラデツ","name_zh":"多布罗瓦-霍尔尤尔-波尔霍夫格拉代茨","name_es":"Dobrova-Polhov Gradec","name_fr":"Dobrova-Polhov Gradec","name_de":"Dobrova-Polhov Gradec","name_ru":"Доброва-Полхов Градец","name_pt":"Dobrova-Polhov Gradec","name_vi":"Dobrova-Polhov Gradec"},"geometry":{"type":"Polygon","coordinates":[[[14.4289,46.029],[14.4073,46.0358],[14.3853,46.0322],[14.342,46.014],[14.3431,46.0291],[14.3232,46.0427],[14.2571,46.0412],[14.2435,46.0315],[14.2441,46.0202],[14.1904,46.0247],[14.1929,46.0347],[14.1868,46.0379],[14.2068,46.0601],[14.2112,46.0881],[14.232,46.0999],[14.2673,46.1065],[14.325,46.0983],[14.3504,46.0834],[14.3719,46.0901],[14.4208,46.0811],[14.4399,46.0502],[14.4396,46.0338],[14.4289,46.029]]]}},{"type":"Feature","properties":{"id":"SVN-1011","code":"SI-027","name":"Gorenja vas-Poljane","name_ko":"고레냐바스폴랴네","name_en":"Občina Gorenja vas-Poljane","name_ja":"ゴレニャ・ヴァス＝ポリャネ","name_zh":"戈雷尼亚村-波利亚内","name_es":"Gorenja vas-Poljane","name_fr":"Gorenja vas-Poljane","name_de":"Gorenja vas-Poljane","name_ru":"Горенья-вас-Поляне","name_pt":"Gorenja vas-Poljane","name_vi":"Đô thị tự trị Gorenja Vas–Poljane"},"geometry":{"type":"Polygon","coordinates":[[[14.2112,46.0881],[14.2068,46.0601],[14.1868,46.0379],[14.1299,46.0732],[14.0502,46.0851],[14.033,46.0816],[14.0301,46.0732],[14.0219,46.0822],[14.0278,46.1016],[14.0737,46.1581],[14.0977,46.1704],[14.2043,46.1809],[14.2228,46.1708],[14.2005,46.141],[14.207,46.1301],[14.2,46.12],[14.2008,46.1025],[14.2112,46.0881]]]}},{"type":"Feature","properties":{"id":"SVN-964","code":"SI-064","name":"Logatec","name_ko":"로가테츠","name_en":"Logatec","name_ja":"ロガテツ","name_zh":"洛加泰茨","name_es":"Logatec","name_fr":"Logatec","name_de":"Logatec","name_ru":"Логатец","name_pt":"Logatec","name_vi":"Logatec"},"geometry":{"type":"Polygon","coordinates":[[[14.1868,46.0379],[14.1929,46.0347],[14.1963,46.0081],[14.2298,45.995],[14.2198,45.9892],[14.2143,45.9525],[14.2604,45.9292],[14.2857,45.9074],[14.2992,45.8857],[14.2765,45.8461],[14.1997,45.8724],[14.1791,45.8755],[14.126,45.8688],[14.1042,45.9062],[14.1018,45.9304],[14.1161,45.9616],[14.1108,45.9733],[14.1373,45.9923],[14.1387,46.0058],[14.1712,46.0202],[14.1868,46.0379]]]}},{"type":"Feature","properties":{"id":"SVN-230","code":"SI-185","name":"Trnovska vas","name_ko":"트르노브스카바스","name_en":"Trnovska Vas","name_ja":"トルノフスカ・ヴァス","name_zh":"特尔诺沃村","name_es":"Trnovska vas","name_fr":"Trnovska vas","name_de":"Trnovska vas","name_ru":"Трновска-Вас","name_pt":"Trnovska vas","name_vi":"Trnovska Vas"},"geometry":{"type":"Polygon","coordinates":[[[15.8921,46.5464],[15.9303,46.5298],[15.9342,46.5189],[15.9286,46.5041],[15.8673,46.5001],[15.8545,46.5063],[15.8676,46.5337],[15.8921,46.5464]]]}},{"type":"Feature","properties":{"id":"SVN-203","code":"SI-018","name":"Destrnik","name_ko":"데스트르니크","name_en":"Destrnik","name_ja":"デストルニク","name_zh":"代斯特尔尼克","name_es":"Municipalidad del Destrnik","name_fr":"Destrnik","name_de":"Destrnik","name_ru":"Дестрник","name_pt":"Destrnik","name_vi":"Đô thị tự trị Destrnik"},"geometry":{"type":"Polygon","coordinates":[[[15.8234,46.4949],[15.8545,46.5063],[15.8673,46.5001],[15.9286,46.5041],[15.9472,46.4872],[15.8929,46.4523],[15.87,46.46],[15.8234,46.4949]]]}},{"type":"Feature","properties":{"id":"SVN-979","code":"SI-098","name":"Race-Fram","name_ko":"라체프람","name_en":"Rače–Fram","name_ja":"ラチェ＝フラム","name_zh":"拉切-弗拉姆","name_es":"Rače-Fram","name_fr":"Rače-Fram","name_de":"Rače-Fram","name_ru":"Раче-Фрам","name_pt":"Rače-Fram","name_vi":"Rače - Fram"},"geometry":{"type":"Polygon","coordinates":[[[15.7095,46.465],[15.7345,46.4283],[15.6875,46.4086],[15.6676,46.4237],[15.5571,46.4687],[15.5458,46.4832],[15.613,46.4766],[15.6588,46.4599],[15.7095,46.465]]]}},{"type":"Feature","properties":{"id":"SVN-996","code":"SI-115","name":"Starše","name_ko":"스타르셰","name_en":"Starše","name_ja":"スタルチェ","name_zh":"斯塔爾舍","name_es":"Starše","name_fr":"Starše","name_de":"Starše","name_ru":"Старше","name_pt":"Starše","name_vi":"Starše"},"geometry":{"type":"Polygon","coordinates":[[[15.7331,46.5032],[15.7394,46.4918],[15.7815,46.4677],[15.8015,46.468],[15.8186,46.4548],[15.8056,46.4491],[15.8005,46.4316],[15.7823,46.4348],[15.7345,46.4283],[15.717,46.46],[15.7328,46.4744],[15.7233,46.4917],[15.7331,46.5032]]]}},{"type":"Feature","properties":{"id":"SVN-241","code":"SI-189","name":"Vransko","name_ko":"브란스코","name_en":"Vransko","name_ja":"ヴランスコ","name_zh":"弗蘭斯科","name_es":"Vransko","name_fr":"Vransko","name_de":"Vransko","name_ru":"Вранско","name_pt":"Vransko","name_vi":"Vransko"},"geometry":{"type":"Polygon","coordinates":[[[14.9101,46.2105],[14.9301,46.2188],[14.8849,46.2405],[14.9003,46.2633],[14.9457,46.2747],[14.9549,46.2836],[14.9703,46.2838],[15.01,46.258],[14.9749,46.2184],[14.9707,46.1978],[14.9374,46.1919],[14.9153,46.2014],[14.9101,46.2105]]]}},{"type":"Feature","properties":{"id":"SVN-1001","code":"SI-133","name":"Velenje","name_ko":"벨레네","name_en":"Velenje","name_ja":"ヴェレニエ","name_zh":"韋萊涅市","name_es":"Velenje","name_fr":"Velenje","name_de":"Velenje","name_ru":"Веленье","name_pt":"Velenje","name_vi":"Velenje"},"geometry":{"type":"Polygon","coordinates":[[[15.0922,46.4342],[15.1755,46.4091],[15.1758,46.394],[15.1903,46.3884],[15.2047,46.3539],[15.2063,46.342],[15.1965,46.3277],[15.1816,46.3252],[15.1461,46.3358],[15.1228,46.317],[15.0666,46.3517],[15.0698,46.3718],[15.0877,46.3999],[15.0922,46.4342]]]}},{"type":"Feature","properties":{"id":"SVN-244","code":"SI-173","name":"Polzela","name_ko":"폴젤라","name_en":"Polzela","name_ja":"ポルゼラ","name_zh":"波尔泽拉","name_es":"Municipalidad del Polzela","name_fr":"Polzela","name_de":"Polzela","name_ru":"Ползела","name_pt":"Polzela","name_vi":"Polzela"},"geometry":{"type":"Polygon","coordinates":[[[15.0666,46.3517],[15.1228,46.317],[15.1216,46.2936],[15.104,46.255],[15.095,46.2577],[15.0513,46.3073],[15.0581,46.3145],[15.0666,46.3517]]]}},{"type":"Feature","properties":{"id":"SVN-994","code":"SI-125","name":"Šmartno ob Paki","name_ko":"슈마르트노오브파키","name_en":"Šmartno ob Paki","name_ja":"シュマルトノ・オプ・パキ","name_zh":"帕卡河畔什馬爾特諾","name_es":"Municipalidad Šmartno ob Paki","name_fr":"Šmartno ob Paki","name_de":"Šmartno ob Paki","name_ru":"Шмартно-об-Паки","name_pt":"Šmartno ob Paki","name_vi":"Šmartno ob Paki"},"geometry":{"type":"Polygon","coordinates":[[[14.9999,46.3772],[15.0139,46.3645],[15.0666,46.3517],[15.0581,46.3145],[15.0513,46.3073],[15.0373,46.3244],[15.0084,46.3372],[14.9987,46.356],[14.9999,46.3772]]]}},{"type":"Feature","properties":{"id":"SVN-973","code":"SI-079","name":"Mozirje","name_ko":"모지레","name_en":"Mozirje","name_ja":"モジリェ","name_zh":"莫济列","name_es":"Mozirje","name_fr":"Mozirje","name_de":"Mozirje","name_ru":"Мозирье","name_pt":"Mozirje","name_vi":"Mozirje"},"geometry":{"type":"Polygon","coordinates":[[[14.8669,46.3155],[14.8815,46.3377],[14.8817,46.3525],[14.9022,46.3939],[14.9395,46.4013],[14.963,46.3943],[14.9935,46.3944],[15.0019,46.3881],[14.9987,46.356],[15.0084,46.3372],[14.9706,46.3029],[14.9664,46.3187],[14.9538,46.3258],[14.9248,46.31],[14.877,46.301],[14.8669,46.3155]]]}},{"type":"Feature","properties":{"id":"SVN-1002","code":"SI-137","name":"Vitanje","name_ko":"비타네","name_en":"Vitanje","name_ja":"ヴィタニェ","name_zh":"維塔涅","name_es":"Vitanje","name_fr":"Vitanje","name_de":"Vitanje","name_ru":"Витанье","name_pt":"Vitanje","name_vi":"Vitanje"},"geometry":{"type":"Polygon","coordinates":[[[15.3312,46.3652],[15.2677,46.365],[15.2325,46.3925],[15.2735,46.4433],[15.3248,46.4512],[15.3369,46.4459],[15.3268,46.4391],[15.3253,46.4292],[15.3584,46.3976],[15.354,46.3831],[15.3312,46.3652]]]}},{"type":"Feature","properties":{"id":"SVN-223","code":"SI-139","name":"Vojnik","name_ko":"보이니크 지방 자치제","name_en":"Vojnik","name_ja":"ヴォイニク","name_zh":"沃伊尼克","name_es":"Municipalidad del Vojnik","name_fr":"Municipalité deVojnik","name_de":"Gemeinde Vojnik","name_ru":"Войник","name_pt":"Vojnik kommune","name_vi":"Đô thị tự trị Vojnik"},"geometry":{"type":"Polygon","coordinates":[[[15.2677,46.365],[15.3312,46.3652],[15.3388,46.3494],[15.3688,46.334],[15.3644,46.3242],[15.3765,46.3113],[15.3736,46.3004],[15.3799,46.2946],[15.3638,46.2801],[15.3585,46.2605],[15.3016,46.2739],[15.2701,46.3073],[15.2401,46.3205],[15.2592,46.3356],[15.2677,46.365]]]}},{"type":"Feature","properties":{"id":"SVN-1007","code":"SI-144","name":"Zrece","name_ko":"즈레체","name_en":"Zreče","name_ja":"ズレチェ","name_zh":"茲雷切","name_es":"Municipalidad del Zreče","name_fr":"Zreče","name_de":"Zreče","name_ru":"Жрече","name_pt":"Zreče","name_vi":"Zreče"},"geometry":{"type":"Polygon","coordinates":[[[15.3312,46.3652],[15.354,46.3831],[15.3584,46.3976],[15.3253,46.4292],[15.3268,46.4391],[15.3369,46.4459],[15.3248,46.4512],[15.327,46.4585],[15.3157,46.4822],[15.3351,46.4774],[15.3385,46.4654],[15.3525,46.4526],[15.4228,46.4246],[15.4099,46.4055],[15.419,46.3933],[15.4091,46.3809],[15.4252,46.3713],[15.4122,46.3548],[15.3881,46.3563],[15.3688,46.334],[15.3388,46.3494],[15.3312,46.3652]]]}},{"type":"Feature","properties":{"id":"SVN-971","code":"SI-076","name":"Mislinja","name_ko":"미슬리냐","name_en":"Mislinja","name_ja":"ミスリニャ","name_zh":"米斯利尼亚","name_es":"Mislinja","name_fr":"Mislinja","name_de":"Mislinja","name_ru":"Мислиня","name_pt":"Mislinja","name_vi":"Mislinja"},"geometry":{"type":"Polygon","coordinates":[[[15.3121,46.4925],[15.3177,46.4697],[15.327,46.4585],[15.3248,46.4512],[15.2735,46.4433],[15.2325,46.3925],[15.1903,46.3884],[15.1758,46.394],[15.1755,46.4091],[15.1236,46.422],[15.1349,46.4439],[15.1495,46.4497],[15.1512,46.4602],[15.1861,46.4919],[15.1957,46.5109],[15.2227,46.497],[15.3121,46.4925]]]}},{"type":"Feature","properties":{"id":"SVN-1006","code":"SI-05","name":"Zasavska","name_ko":"자사브스카","name_en":"Zagorje ob Savi","name_ja":"ザサヴスカ","name_zh":"薩瓦河畔扎戈列鎮","name_es":"Zasavska","name_fr":"Zagorje ob Savi","name_de":"Zagorje ob Savi","name_ru":"Засавский регион","name_pt":"Zagorje ob Savi","name_vi":"Zasavska"},"geometry":{"type":"Polygon","coordinates":[[[14.9113,46.0929],[14.8924,46.1089],[14.8905,46.1278],[14.8393,46.1296],[14.8348,46.137],[14.8406,46.149],[14.8168,46.1705],[14.8927,46.1792],[14.9017,46.191],[14.8989,46.2087],[14.9101,46.2105],[14.9153,46.2014],[14.9374,46.1919],[14.9999,46.199],[15.0128,46.1822],[14.9859,46.1668],[14.9991,46.1681],[15.0134,46.1559],[15.0313,46.1259],[15.0147,46.1167],[14.9999,46.1191],[14.9762,46.1122],[14.9515,46.0974],[14.9113,46.0929]]]}},{"type":"Feature","properties":{"id":"SVN-961","code":"SI-060","name":"Litija","name_ko":"리티야","name_en":"Litija","name_ja":"リティヤ","name_zh":"利蒂亚","name_es":"Litija","name_fr":"Litija","name_de":"Litija","name_ru":"Лития","name_pt":"Litija","name_vi":"Litija"},"geometry":{"type":"Polygon","coordinates":[[[14.8348,46.137],[14.8393,46.1296],[14.8905,46.1278],[14.8924,46.1089],[14.9113,46.0929],[14.9515,46.0974],[14.9999,46.1191],[15.0047,46.0989],[14.9931,46.0853],[15.0024,46.0564],[15.0268,46.0544],[15.0715,46.0647],[15.0783,46.0485],[15.0941,46.0403],[15.0933,46.0307],[15.1161,46.0042],[15.0406,46.0006],[15.0241,45.9702],[14.9999,45.9644],[14.9545,45.9751],[14.9359,46.0183],[14.8657,46.07],[14.8442,46.073],[14.8058,46.0597],[14.7361,46.0656],[14.7124,46.0793],[14.7499,46.0932],[14.754,46.1002],[14.8063,46.1155],[14.8348,46.137]]]}},{"type":"Feature","properties":{"id":"SVN-949","code":"SI-030","name":"Gornji Grad","name_ko":"고르니그라드","name_en":"Gornji Grad","name_ja":"ゴルニ・グラード","name_zh":"戈尔尼格勒","name_es":"Municipalidad del Gornji Grad","name_fr":"Gornji Grad","name_de":"Gornji Grad","name_ru":"Горний Град","name_pt":"Gornji Grad","name_vi":"Đô thị tự trị Gornji Grad"},"geometry":{"type":"Polygon","coordinates":[[[14.7976,46.3434],[14.848,46.3161],[14.8669,46.3155],[14.877,46.301],[14.8621,46.279],[14.8548,46.2529],[14.753,46.2543],[14.704,46.2698],[14.7057,46.2869],[14.7313,46.3108],[14.7976,46.3434]]]}},{"type":"Feature","properties":{"id":"SVN-943","code":"SI-013","name":"Cerknica","name_ko":"체르크니차 지방 자치제","name_en":"Cerknica","name_ja":"ツェルクニツァ","name_zh":"采爾克尼察鎮","name_es":"Municipalidad del Cerknica","name_fr":"Cerknica","name_de":"Gemeinde Cerknica","name_ru":"Церкница","name_pt":"Cerknica","name_vi":"Đô thị tự trị Cerknica"},"geometry":{"type":"Polygon","coordinates":[[[14.4358,45.8629],[14.4902,45.8809],[14.4982,45.8704],[14.4971,45.8518],[14.5051,45.8408],[14.4571,45.8172],[14.4422,45.8005],[14.4466,45.7892],[14.4925,45.7557],[14.4106,45.7101],[14.3862,45.7075],[14.3277,45.7398],[14.3232,45.7541],[14.2875,45.7629],[14.2583,45.7906],[14.2793,45.8372],[14.2765,45.8461],[14.2992,45.8857],[14.3094,45.8912],[14.3648,45.8675],[14.3763,45.8715],[14.3931,45.8604],[14.4175,45.8709],[14.4358,45.8629]]]}},{"type":"Feature","properties":{"id":"SVN-1000","code":"SI-134","name":"Velike Lašče","name_ko":"벨리케라슈체 지방 자치제","name_en":"Velike Lašče","name_ja":"ヴェリケ・ラシチェ","name_zh":"韋利克拉什切","name_es":"Velike Lašče","name_fr":"Velike Lašče","name_de":"Gemeinde Velike Lašče","name_ru":"Велике-Лашче","name_pt":"Velike Lasce Kommune","name_vi":"Đô thị tự trị Velike Lasce"},"geometry":{"type":"Polygon","coordinates":[[[14.5051,45.8408],[14.4902,45.8809],[14.5079,45.8845],[14.5701,45.8676],[14.5865,45.8823],[14.5853,45.8963],[14.5916,45.895],[14.6009,45.9089],[14.6402,45.8748],[14.6388,45.8493],[14.6692,45.8373],[14.6877,45.818],[14.6278,45.7983],[14.5642,45.7901],[14.5296,45.8129],[14.5051,45.8408]]]}},{"type":"Feature","properties":{"id":"SVN-937","code":"SI-005","name":"Borovnica","name_ko":"보로브니차 지방 자치제","name_en":"Borovnica","name_ja":"ボロヴニツァ","name_zh":"博羅夫尼察鎮","name_es":"Municipalidad del Borovnica","name_fr":"Municipalité de Borovnica","name_de":"Gemeinde Borovnica","name_ru":"Боровница","name_pt":"Borovnica","name_vi":"Đô thị tự trị Borovnica"},"geometry":{"type":"Polygon","coordinates":[[[14.3931,45.8604],[14.3575,45.8892],[14.3375,45.9255],[14.3337,45.9433],[14.3442,45.9611],[14.3656,45.9655],[14.3701,45.952],[14.3842,45.9393],[14.4148,45.9226],[14.407,45.8916],[14.4175,45.8709],[14.3931,45.8604]]]}},{"type":"Feature","properties":{"id":"SVN-978","code":"SI-094","name":"Postojna","name_ko":"포스토이나 지방 자치제","name_en":"Postojna","name_ja":"ポストイナ","name_zh":"波斯托伊納鎮","name_es":"Municipalidad del Postojina","name_fr":"Municipalité de Postojna","name_de":"Gemeinde Postojna","name_ru":"Постойна","name_pt":"Postojna","name_vi":"Đô thị tự trị Postojna"},"geometry":{"type":"Polygon","coordinates":[[[14.2765,45.8461],[14.2793,45.8372],[14.2583,45.7906],[14.2875,45.7629],[14.3232,45.7541],[14.2565,45.7267],[14.1339,45.7036],[14.0934,45.7143],[14.0721,45.7434],[14.0372,45.761],[14.0587,45.8086],[14.046,45.8369],[14.0931,45.8488],[14.126,45.8688],[14.1791,45.8755],[14.1997,45.8724],[14.2765,45.8461]]]}},{"type":"Feature","properties":{"id":"SVN-977","code":"SI-091","name":"Pivka","name_ko":"피우카","name_en":"Pivka","name_ja":"ピフカ","name_zh":"皮夫卡","name_es":"Municipalidad del Pivka","name_fr":"Pivka","name_de":"Gemeinde Pivka","name_ru":"Пивка","name_pt":"Pivka","name_vi":"Đô thị tự trị Pivka"},"geometry":{"type":"Polygon","coordinates":[[[14.3232,45.7541],[14.3277,45.7398],[14.3862,45.7075],[14.3934,45.6893],[14.4258,45.6616],[14.4262,45.644],[14.3786,45.652],[14.3473,45.6722],[14.3326,45.6719],[14.317,45.6595],[14.2855,45.655],[14.2156,45.6313],[14.1275,45.6304],[14.1028,45.6228],[14.0799,45.6279],[14.0832,45.6356],[14.0625,45.6865],[14.0717,45.7027],[14.0934,45.7143],[14.1339,45.7036],[14.1722,45.7068],[14.2565,45.7267],[14.3232,45.7541]]]}},{"type":"Feature","properties":{"id":"SVN-239","code":"SI-155","name":"Dobrna","name_ko":"도브르나","name_en":"Dobrna","name_ja":"ドブラナ","name_zh":"多布爾納鎮","name_es":"Občina Dobrna","name_fr":"Dobrna","name_de":"Dobrna","name_ru":"Добрна","name_pt":"Dobrna","name_vi":"Dobrna"},"geometry":{"type":"Polygon","coordinates":[[[15.2677,46.365],[15.2592,46.3356],[15.2261,46.3174],[15.1965,46.3277],[15.2063,46.3457],[15.1903,46.3884],[15.2325,46.3925],[15.2677,46.365]]]}},{"type":"Feature","properties":{"id":"SVN-941","code":"SI-011","name":"Celje","name_ko":"첼레의 도시 지방 자치제","name_en":"Celje","name_ja":"ツェリエ","name_zh":"采列市","name_es":"Ciudad del Celje","name_fr":"Celje","name_de":"Stadtgemeinde Celje","name_ru":"Целе","name_pt":"Cidade Municipal de Celje","name_vi":"Đô thị tự trị của Celje"},"geometry":{"type":"Polygon","coordinates":[[[15.2261,46.3174],[15.2401,46.3205],[15.2701,46.3073],[15.3016,46.2739],[15.3585,46.2605],[15.3394,46.229],[15.3082,46.2183],[15.31,46.1938],[15.3014,46.1889],[15.2573,46.1971],[15.2182,46.1931],[15.224,46.2362],[15.2181,46.2702],[15.2261,46.2854],[15.2261,46.3174]]]}},{"type":"Feature","properties":{"id":"SVN-975","code":"SI-083","name":"Nazarje","name_ko":"나자레","name_en":"Nazarje","name_ja":"ナザリェ","name_zh":"纳扎列","name_es":"Municipalidad del Nazarje","name_fr":"Nazarje","name_de":"Nazarje","name_ru":"Назарье","name_pt":"Nazarje","name_vi":"Đô thị tự trị Nazarje"},"geometry":{"type":"Polygon","coordinates":[[[14.8849,46.2405],[14.8548,46.2529],[14.8621,46.279],[14.877,46.301],[14.9248,46.31],[14.9538,46.3258],[14.9664,46.3187],[14.9703,46.2838],[14.9549,46.2836],[14.9457,46.2747],[14.9003,46.2633],[14.8849,46.2405]]]}},{"type":"Feature","properties":{"id":"SVN-205","code":"SI-023","name":"Domžale","name_ko":"돔잘레","name_en":"Domžale","name_ja":"ドムジャレ","name_zh":"多姆扎萊鎮","name_es":"Municipio de Domžale","name_fr":"Domžale","name_de":"Gemeinde Domžale","name_ru":"Домжале","name_pt":"Domžale","name_vi":"Domžale"},"geometry":{"type":"Polygon","coordinates":[[[14.5898,46.1477],[14.5837,46.1765],[14.5901,46.1891],[14.6095,46.1885],[14.6519,46.2061],[14.6831,46.1992],[14.6635,46.1857],[14.6505,46.1646],[14.6838,46.144],[14.6745,46.1389],[14.6752,46.1327],[14.6894,46.1257],[14.6872,46.1173],[14.6664,46.1176],[14.6174,46.0984],[14.5943,46.0966],[14.5923,46.1055],[14.5693,46.1078],[14.5758,46.1344],[14.5898,46.1477]]]}},{"type":"Feature","properties":{"id":"SVN-955","code":"SI-039","name":"Ivancna Gorica","name_ko":"이반치나고리차","name_en":"Ivančna Gorica","name_ja":"イヴァンチュナ・ゴリツァ","name_zh":"伊万奇纳戈里察","name_es":"Municipalidad del Ivančna Gorica","name_fr":"Ivančna Gorica","name_de":"Ivančna Gorica","name_ru":"Иванчна Горица","name_pt":"Ivančna Gorica","name_vi":"Ivančna Gorica"},"geometry":{"type":"Polygon","coordinates":[[[14.7402,45.9981],[14.7814,46.0085],[14.8559,46],[14.8657,46.0064],[14.8775,46.0021],[14.9056,45.9729],[14.9273,45.963],[14.882,45.9326],[14.8688,45.8874],[14.8765,45.8571],[14.8474,45.8509],[14.8562,45.8251],[14.8558,45.8078],[14.8489,45.7997],[14.8046,45.7975],[14.7847,45.8083],[14.7588,45.8374],[14.7681,45.8668],[14.7473,45.8924],[14.7502,45.9079],[14.7366,45.9271],[14.7332,45.947],[14.7148,45.9526],[14.7175,45.9657],[14.7402,45.9981]]]}},{"type":"Feature","properties":{"id":"SVN-962","code":"SI-061","name":"Ljubljana","name_ko":"류블랴나","name_en":"Ljubljana","name_ja":"リュブリャナ","name_zh":"卢布尔雅那市","name_es":"Municipalidad de la Liubliana","name_fr":"municipalité de Ljubljana","name_de":"Stadtgemeinde Ljubljana","name_ru":"Любляна","name_pt":"Liubliana","name_vi":"Ljubljana"},"geometry":{"type":"Polygon","coordinates":[[[14.7496,46.003],[14.7402,45.9981],[14.7012,46.0109],[14.6607,45.9898],[14.6306,45.9892],[14.587,46.0154],[14.563,46.0188],[14.5355,46.0131],[14.5333,45.9902],[14.5029,45.9976],[14.4451,45.9741],[14.4355,45.9799],[14.436,45.9868],[14.4578,46.0054],[14.4289,46.029],[14.4396,46.0338],[14.4399,46.0502],[14.4241,46.0782],[14.4086,46.0829],[14.4379,46.0974],[14.4207,46.1174],[14.4269,46.1265],[14.4604,46.134],[14.4692,46.1435],[14.4764,46.1388],[14.5139,46.1456],[14.5397,46.1162],[14.5923,46.1055],[14.5958,46.0884],[14.6156,46.0801],[14.6779,46.0826],[14.7234,46.0734],[14.7361,46.0656],[14.7313,46.0507],[14.7513,46.0281],[14.7496,46.003]]]}},{"type":"Feature","properties":{"id":"SVN-5885","code":"SI-194","name":"Šmartno in Litiji","name_ko":"슈마르트노프리리티이","name_en":"Šmartno pri Litiji","name_ja":"シュマルトノ・プリ・リティイ","name_zh":"利蒂伊附近什馬爾特諾","name_es":"Šmartno pri Litiji","name_fr":"Šmartno pri Litiji","name_de":"Šmartno pri Litiji","name_ru":"Шмартно-при-Литии","name_pt":"Šmartno pri Litiji","name_vi":"Šmartno pri Litiji"},"geometry":{"type":"Polygon","coordinates":[[[14.7496,46.003],[14.7513,46.0281],[14.7313,46.0507],[14.7361,46.0656],[14.8058,46.0597],[14.8442,46.073],[14.8657,46.07],[14.9359,46.0183],[14.9545,45.9751],[14.9273,45.963],[14.9056,45.9729],[14.8775,46.0021],[14.8657,46.0064],[14.8559,46],[14.8109,46.0078],[14.7496,46.003]]]}},{"type":"Feature","properties":{"id":"SVN-953","code":"SI-037","name":"Ig","name_ko":"이그","name_en":"Ig","name_ja":"イグ","name_zh":"伊格鎮","name_es":"Municipalidad del Ig","name_fr":"Ig","name_de":"Ig","name_ru":"Иг","name_pt":"Ig","name_vi":"Đô thị tự trị Ig"},"geometry":{"type":"Polygon","coordinates":[[[14.5133,45.998],[14.5333,45.9902],[14.5541,45.9724],[14.5615,45.9437],[14.5569,45.9211],[14.5667,45.902],[14.5853,45.8963],[14.5865,45.8823],[14.5701,45.8676],[14.5079,45.8845],[14.4902,45.8809],[14.4669,45.906],[14.4591,45.9482],[14.4451,45.9741],[14.4743,45.9831],[14.4805,45.9919],[14.5133,45.998]]]}},{"type":"Feature","properties":{"id":"SVN-946","code":"SI-022","name":"Dol pri Ljubljani","name_ko":"돌프리류블랴니","name_en":"Dol pri Ljubljani","name_ja":"ドル・プリ・リュブリャニ","name_zh":"卢布尔雅那附近多尔","name_es":"Dol pri Ljubljani","name_fr":"Dol pri Ljubljani","name_de":"Dol pri Ljubljani","name_ru":"Доль-при-Любляне","name_pt":"Dol pri Ljubljani","name_vi":"Dol pri Ljubljani"},"geometry":{"type":"Polygon","coordinates":[[[14.754,46.1002],[14.7447,46.0905],[14.6922,46.0779],[14.6779,46.0826],[14.6156,46.0801],[14.5958,46.0884],[14.5943,46.0966],[14.6174,46.0984],[14.6664,46.1176],[14.7159,46.11],[14.7263,46.1003],[14.754,46.1002]]]}},{"type":"Feature","properties":{"id":"SVN-243","code":"SI-174","name":"Prebold","name_ko":"프레볼트","name_en":"Prebold","name_ja":"プレボルド","name_zh":"普雷博尔德","name_es":"Prebold","name_fr":"Prebold","name_de":"Prebold","name_ru":"Преболд","name_pt":"Prebold","name_vi":"Đô thị tự trị Prebold"},"geometry":{"type":"Polygon","coordinates":[[[15.095,46.2577],[15.1431,46.2316],[15.1357,46.227],[15.1309,46.1951],[15.1183,46.1879],[15.0777,46.1844],[15.0451,46.1933],[15.0525,46.2113],[15.0511,46.2261],[15.0666,46.2305],[15.095,46.2577]]]}},{"type":"Feature","properties":{"id":"SVN-972","code":"SI-077","name":"Moravce","name_ko":"모라우체","name_en":"Moravče","name_ja":"モラフチェ","name_zh":"摩拉夫切","name_es":"Municipalidad del Moravče","name_fr":"Moravče","name_de":"Moravče","name_ru":"Моравче","name_pt":"Moravče","name_vi":"Moravče"},"geometry":{"type":"Polygon","coordinates":[[[14.8348,46.137],[14.8063,46.1155],[14.7347,46.099],[14.6872,46.1173],[14.6894,46.1257],[14.6752,46.1327],[14.6745,46.1389],[14.7299,46.1622],[14.7721,46.1684],[14.8284,46.1603],[14.8406,46.149],[14.8348,46.137]]]}},{"type":"Feature","properties":{"id":"SVN-253","code":"SI-020","name":"Dobrepolje","name_ko":"도브레폴레","name_en":"Dobrepolje","name_ja":"ドブレポリェ","name_zh":"多布雷波列鎮","name_es":"Minicipalidad Dobrepolje","name_fr":"Dobrepolje","name_de":"Dobrepolje","name_ru":"Добреполье","name_pt":"Dobrepolje","name_vi":"Dobrepolje"},"geometry":{"type":"Polygon","coordinates":[[[14.7518,45.8833],[14.7681,45.8668],[14.7588,45.8374],[14.7847,45.8083],[14.8046,45.7975],[14.8025,45.7803],[14.8137,45.7577],[14.7959,45.7431],[14.6877,45.818],[14.6692,45.8373],[14.637,45.8539],[14.6402,45.8748],[14.6646,45.8887],[14.7231,45.8764],[14.7518,45.8833]]]}},{"type":"Feature","properties":{"id":"SVN-980","code":"SI-099","name":"Radece","name_ko":"라데체","name_en":"Radeče","name_ja":"ラデチェ","name_zh":"拉代切","name_es":"Radeče","name_fr":"Radeče","name_de":"Radeče","name_ru":"Радече","name_pt":"Radeče","name_vi":"Radeče"},"geometry":{"type":"Polygon","coordinates":[[[15.0941,46.0403],[15.0783,46.0485],[15.0715,46.0647],[15.089,46.0679],[15.0877,46.0776],[15.102,46.0813],[15.1063,46.0935],[15.1284,46.086],[15.1634,46.0925],[15.2069,46.051],[15.2403,46.0337],[15.2207,46.0295],[15.1445,46.0425],[15.0941,46.0403]]]}},{"type":"Feature","properties":{"id":"SVN-997","code":"SI-127","name":"Štore","name_ko":"슈토레","name_en":"Štore","name_ja":"シュトレ","name_zh":"什托雷","name_es":"Štore","name_fr":"Štore","name_de":"Štore","name_ru":"Шторе","name_pt":"Štore","name_vi":"Štore"},"geometry":{"type":"Polygon","coordinates":[[[15.3323,46.2297],[15.3618,46.2224],[15.3664,46.213],[15.3633,46.1813],[15.3123,46.1662],[15.2901,46.1674],[15.31,46.1938],[15.3082,46.2183],[15.3323,46.2297]]]}},{"type":"Feature","properties":{"id":"SVN-992","code":"SI-114","name":"Slovenske Konjice","name_ko":"슬로벤스케코니체","name_en":"Slovenske Konjice","name_ja":"スロヴェンスケ・コニツェ","name_zh":"斯洛文尼亚科尼采","name_es":"Slovenske Konjice","name_fr":"Slovenske Konjice","name_de":"Slovenske Konjice","name_ru":"Словенске-Конице","name_pt":"Slovenske Konjice","name_vi":"Slovenske Konjice"},"geometry":{"type":"Polygon","coordinates":[[[15.3765,46.3113],[15.3644,46.3242],[15.3821,46.3517],[15.3937,46.3585],[15.4122,46.3548],[15.4252,46.3713],[15.4616,46.3582],[15.503,46.3595],[15.5323,46.35],[15.5478,46.3339],[15.5579,46.2935],[15.5525,46.2777],[15.53,46.2766],[15.3962,46.3019],[15.3765,46.3113]]]}},{"type":"Feature","properties":{"id":"SVN-1021","code":"SI-147","name":"Žiri","name_ko":"지리","name_en":"Žiri","name_ja":"ジリ","name_zh":"日里","name_es":"Žiri","name_fr":"Žiri","name_de":"Žiri","name_ru":"Жири","name_pt":"Žiri","name_vi":"Žiri"},"geometry":{"type":"Polygon","coordinates":[[[14.0502,46.0851],[14.1406,46.0697],[14.1868,46.0379],[14.1712,46.0202],[14.1387,46.0058],[14.1112,46.0126],[14.0965,46.0322],[14.0818,46.0348],[14.054,46.063],[14.0301,46.0732],[14.033,46.0816],[14.0502,46.0851]]]}},{"type":"Feature","properties":{"id":"SVN-226","code":"SI-171","name":"Oplotnica","name_ko":"오플로트니차","name_en":"Oplotnica","name_ja":"オプロトニツァ","name_zh":"奥普洛特尼察","name_es":"Oplotnica","name_fr":"Oplotnica","name_de":"Oplotnica","name_ru":"Оплотница","name_pt":"Oplotnica","name_vi":"Oplotnica"},"geometry":{"type":"Polygon","coordinates":[[[15.4616,46.3582],[15.4091,46.3809],[15.419,46.3933],[15.4099,46.4055],[15.4228,46.4246],[15.4407,46.4188],[15.4603,46.3978],[15.4947,46.3925],[15.503,46.3595],[15.4616,46.3582]]]}},{"type":"Feature","properties":{"id":"SVN-1010","code":"SI-014","name":"Cerkno","name_ko":"체르크노 지방 자치제","name_en":"Cerkno","name_ja":"ツェルクノ","name_zh":"采爾克諾鎮","name_es":"Municipalidad del Cerkno","name_fr":"Commune de Cerkno","name_de":"Gemeinde Cerkno","name_ru":"Церкно","name_pt":"Cerkno","name_vi":"Đô thị tự trị Cerkno"},"geometry":{"type":"Polygon","coordinates":[[[14.0737,46.1581],[14.0278,46.1016],[14.0219,46.0822],[14.0299,46.0661],[13.9998,46.0672],[13.9601,46.0873],[13.9451,46.0697],[13.9275,46.0711],[13.9235,46.0613],[13.8949,46.0677],[13.9078,46.0764],[13.8996,46.1131],[13.8862,46.14],[13.9066,46.1635],[13.9579,46.1784],[13.9893,46.1946],[13.9885,46.1807],[13.9936,46.1781],[14.0675,46.1673],[14.0737,46.1581]]]}},{"type":"Feature","properties":{"id":"SVN-1008","code":"SI-003","name":"Bled","name_ko":"블레드 지방 자치제","name_en":"Bled","name_ja":"ブレッド","name_zh":"布萊德鎮","name_es":"Municipalidad del Bled","name_fr":"Bled","name_de":"Gemeinde Bled","name_ru":"Блед","name_pt":"Bled","name_vi":"Đô thị tự trị Bled"},"geometry":{"type":"Polygon","coordinates":[[[13.8789,46.3665],[13.8479,46.3812],[13.918,46.4075],[13.9924,46.4448],[14.0966,46.4046],[14.1279,46.4068],[14.1209,46.3927],[14.1522,46.3518],[14.1016,46.2989],[14.0867,46.316],[14.0436,46.3152],[14.0093,46.3364],[13.9471,46.3598],[13.8789,46.3665]]]}},{"type":"Feature","properties":{"id":"SVN-1022","code":"SI-001","name":"Ajdovščina","name_ko":"아이도우슈치나","name_en":"Ajdovščina","name_ja":"アイドフシュチナ","name_zh":"阿伊多夫什契纳","name_es":"Municipio de Ajdovščina","name_fr":"Ajdovščina","name_de":"Ajdovščina","name_ru":"Айдовшчина","name_pt":"Ajdovščina","name_vi":"Ajdovščina"},"geometry":{"type":"Polygon","coordinates":[[[14.1209,45.8787],[14.126,45.8688],[14.0931,45.8488],[14.046,45.8369],[14.0217,45.8481],[14.0051,45.873],[13.9734,45.8772],[13.9325,45.8635],[13.8918,45.8407],[13.8859,45.8287],[13.858,45.8265],[13.834,45.8355],[13.8206,45.8497],[13.7328,45.9059],[13.7744,45.932],[13.7989,45.9609],[13.844,45.9837],[13.8523,46.002],[13.8732,45.9802],[14.0428,45.8902],[14.1209,45.8787]]]}},{"type":"Feature","properties":{"id":"SVN-1025","code":"SI-019","name":"Divaca","name_ko":"디바차 지방 자치제","name_en":"Divača","name_ja":"ディヴァーチャ","name_zh":"迪瓦查","name_es":"Divača","name_fr":"Municipalité de Divača","name_de":"Gemeinde Divača","name_ru":"Дивача","name_pt":"Divaca","name_vi":"Đô thị tự trị Divaca"},"geometry":{"type":"Polygon","coordinates":[[[14.0372,45.761],[14.0721,45.7434],[14.0934,45.7143],[14.0717,45.7027],[14.0625,45.6865],[14.0832,45.6356],[14.0799,45.6279],[14.0906,45.6242],[14.0898,45.6141],[14.0596,45.5996],[13.9384,45.6426],[13.9437,45.6611],[13.9365,45.6704],[13.9679,45.7053],[13.9567,45.74],[14.0053,45.7714],[14.0372,45.761]]]}},{"type":"Feature","properties":{"id":"SVN-1012","code":"SI-036","name":"Idrija","name_ko":"이드리야","name_en":"Idrija","name_ja":"イドリヤ","name_zh":"伊德里亞鎮","name_es":"Idrija","name_fr":"Idrija","name_de":"Gemeinde Idrija","name_ru":"Идрия","name_pt":"Idrija","name_vi":"Idrija"},"geometry":{"type":"Polygon","coordinates":[[[14.1387,46.0058],[14.1373,45.9923],[14.1086,45.9693],[14.1161,45.9616],[14.1148,45.9516],[14.1004,45.9215],[14.1209,45.8787],[14.0428,45.8902],[13.8732,45.9802],[13.8523,46.002],[13.8659,46.007],[13.8671,46.0372],[13.8746,46.043],[13.862,46.0554],[13.8636,46.0632],[13.8822,46.0633],[13.8877,46.0688],[13.9235,46.0613],[13.9275,46.0711],[13.9451,46.0697],[13.9601,46.0873],[14.0092,46.0646],[14.0299,46.0661],[14.0301,46.0732],[14.054,46.063],[14.0818,46.0348],[14.0965,46.0322],[14.1112,46.0126],[14.1387,46.0058]]]}},{"type":"Feature","properties":{"id":"SVN-1035","code":"SI-136","name":"Vipava","name_ko":"비파바 지방 자치제","name_en":"Vipava","name_ja":"ヴィパーヴァ","name_zh":"維帕瓦鎮","name_es":"Municipalidad del Vipava","name_fr":"Municipalité de Vipava","name_de":"Gemeinde Vipava","name_ru":"Випава","name_pt":"Vipava","name_vi":"Đô thị tự trị Vipava"},"geometry":{"type":"Polygon","coordinates":[[[14.046,45.8369],[14.0587,45.8086],[14.0372,45.761],[14.0123,45.7711],[13.9899,45.765],[13.9835,45.7729],[13.9025,45.8102],[13.8859,45.8287],[13.8918,45.8407],[13.9325,45.8635],[13.9734,45.8772],[14.0051,45.873],[14.0217,45.8481],[14.046,45.8369]]]}},{"type":"Feature","properties":{"id":"SVN-254","code":"SI-150","name":"Bloke","name_ko":"블로케","name_en":"Bloke","name_ja":"ブロケ","name_zh":"布洛凯","name_es":"Municipalidad del Bloke","name_fr":"Bloke","name_de":"Bloke","name_ru":"Блоке","name_pt":"Bloke","name_vi":"Đô thị tự trị Bloke"},"geometry":{"type":"Polygon","coordinates":[[[14.5051,45.8408],[14.5296,45.8129],[14.5642,45.7901],[14.5533,45.7813],[14.5661,45.7668],[14.5761,45.7353],[14.55,45.7383],[14.5252,45.7289],[14.5082,45.7311],[14.4784,45.7479],[14.4925,45.7557],[14.4902,45.7596],[14.4422,45.7958],[14.4571,45.8172],[14.5051,45.8408]]]}},{"type":"Feature","properties":{"id":"SVN-220","code":"SI-120","name":"Šentjur pri Celju","name_ko":"센튜르 지방 자치제","name_en":"Šentjur","name_ja":"シェントユル","name_zh":"申特尤爾鎮","name_es":"Šentjur","name_fr":"Municipalité de Šentjur","name_de":"Gemeinde Šentjur","name_ru":"Шентьюр","name_pt":"Sentjur","name_vi":"Đô thị tự trị Sentjur"},"geometry":{"type":"Polygon","coordinates":[[[15.3633,46.1813],[15.3638,46.2189],[15.3394,46.229],[15.3436,46.2418],[15.3562,46.2508],[15.3638,46.2801],[15.3781,46.2896],[15.3765,46.3113],[15.3962,46.3019],[15.53,46.2766],[15.5028,46.2543],[15.4479,46.2261],[15.4583,46.1984],[15.4836,46.1659],[15.5051,46.157],[15.532,46.1614],[15.5455,46.1552],[15.536,46.1304],[15.5075,46.1125],[15.4816,46.1127],[15.4785,46.1081],[15.4926,46.0677],[15.4184,46.0633],[15.3684,46.0721],[15.3801,46.0892],[15.3827,46.1082],[15.3984,46.1095],[15.4201,46.1257],[15.4356,46.1181],[15.4403,46.1286],[15.4071,46.1527],[15.3709,46.1357],[15.3671,46.1496],[15.375,46.1678],[15.3633,46.1813]]]}},{"type":"Feature","properties":{"id":"SVN-957","code":"SI-051","name":"Kozje","name_ko":"코제","name_en":"Kozje","name_ja":"コジエ","name_zh":"科兹耶","name_es":"Kozje","name_fr":"Kozje","name_de":"Kozje","name_ru":"Козье","name_pt":"Kozje","name_vi":"Kozje"},"geometry":{"type":"Polygon","coordinates":[[[15.4992,46.1093],[15.536,46.1304],[15.559,46.122],[15.5846,46.1086],[15.5993,46.086],[15.599,46.0691],[15.6076,46.0659],[15.6196,46.0409],[15.6386,46.0323],[15.6633,46.0322],[15.6678,46.0264],[15.6238,46.0037],[15.5837,45.994],[15.6037,46.0182],[15.5993,46.0223],[15.5594,46.0171],[15.5484,46.0441],[15.5377,46.0526],[15.4926,46.0677],[15.4765,46.1022],[15.4816,46.1127],[15.4992,46.1093]]]}},{"type":"Feature","properties":{"id":"SVN-993","code":"SI-124","name":"Šmarje pri Jelšah","name_ko":"슈마레프리옐샤흐","name_en":"Šmarje pri Jelšah","name_ja":"シュマリェ・プリ・イェルシャフ","name_zh":"耶爾沙赫附近什馬列","name_es":"Municipalidad del Šmarje pri Jelšah","name_fr":"Šmarje pri Jelšah","name_de":"Šmarje pri Jelšah","name_ru":"Шмарье-при-Елшах","name_pt":"Šmarje pri Jelšah","name_vi":"Šmarje pri Jelšah"},"geometry":{"type":"Polygon","coordinates":[[[15.5051,46.157],[15.4836,46.1659],[15.4583,46.1984],[15.4479,46.2261],[15.5028,46.2543],[15.53,46.2766],[15.5658,46.2737],[15.5859,46.236],[15.6071,46.22],[15.6133,46.2043],[15.5675,46.1647],[15.5455,46.1552],[15.532,46.1614],[15.5051,46.157]]]}},{"type":"Feature","properties":{"id":"SVN-988","code":"SI-110","name":"Sevnica","name_ko":"세브니차 지방 자치제","name_en":"Sevnica","name_ja":"セヴニツァ","name_zh":"塞夫尼察鎮","name_es":"Municipalidad del Sevnica","name_fr":"Municipalité de Sevnica","name_de":"Sevnica","name_ru":"Севница","name_pt":"Sevnica","name_vi":"Đô thị tự trị Sevnica"},"geometry":{"type":"Polygon","coordinates":[[[15.3684,46.0721],[15.4184,46.0633],[15.4167,46.0332],[15.4299,46.007],[15.4242,45.994],[15.3715,45.9511],[15.363,45.9348],[15.3346,45.9542],[15.2957,45.9561],[15.2865,45.9518],[15.284,45.9357],[15.2597,45.945],[15.2381,45.9321],[15.2386,45.9244],[15.2037,45.9374],[15.1661,45.9643],[15.159,45.9742],[15.1689,45.9941],[15.1372,45.9913],[15.1161,46.0042],[15.0933,46.0307],[15.0941,46.0403],[15.1445,46.0425],[15.2207,46.0295],[15.2403,46.0337],[15.2046,46.053],[15.2049,46.0664],[15.193,46.0809],[15.2035,46.0837],[15.2688,46.0796],[15.2871,46.0591],[15.3168,46.0687],[15.3684,46.0721]]]}},{"type":"Feature","properties":{"id":"SVN-242","code":"SI-170","name":"Mirna Pec","name_ko":"미르나페치","name_en":"Mirna Peč","name_ja":"ミルナ・ペチ","name_zh":"米尔纳佩奇","name_es":"Mirna Peč","name_fr":"Mirna Peč","name_de":"Mirna Peč","name_ru":"Мирна Печ","name_pt":"Mirna Peč","name_vi":"Mirna Peč"},"geometry":{"type":"Polygon","coordinates":[[[15.1448,45.8733],[15.1352,45.8491],[15.1186,45.8426],[15.1127,45.8204],[15.086,45.8061],[15.0488,45.8261],[15.0373,45.8409],[15.0378,45.861],[15.0434,45.8669],[15.0604,45.878],[15.0829,45.8819],[15.0975,45.8947],[15.1448,45.8733]]]}},{"type":"Feature","properties":{"id":"SVN-999","code":"SI-130","name":"Trebnje","name_ko":"트레브네 지방 자치제","name_en":"Trebnje","name_ja":"トレビニェ","name_zh":"特雷布涅鎮","name_es":"Municipalidad del Trebnje","name_fr":"Municipalité de Trebnje","name_de":"Trebnje","name_ru":"Требне","name_pt":"Trebnje kommune","name_vi":"Đô thị tự trị Trebnje"},"geometry":{"type":"Polygon","coordinates":[[[15.1448,45.8733],[15.0975,45.8947],[15.0829,45.8819],[15.0505,45.8726],[15.0378,45.861],[15.0373,45.8409],[15.0257,45.838],[14.9999,45.8491],[14.967,45.8438],[14.9487,45.8637],[14.9295,45.8706],[14.8772,45.8696],[14.8688,45.8874],[14.882,45.9326],[14.9273,45.963],[14.9545,45.9751],[14.9999,45.9644],[15.0241,45.9702],[15.0406,46.0006],[15.0972,46.0069],[15.1161,46.0042],[15.1434,45.9892],[15.1662,45.9959],[15.159,45.9742],[15.1661,45.9643],[15.2037,45.9374],[15.2386,45.9244],[15.2274,45.9091],[15.2288,45.8958],[15.2099,45.8738],[15.1847,45.8675],[15.1448,45.8733]]]}},{"type":"Feature","properties":{"id":"SVN-238","code":"SI-193","name":"Žužemberk","name_ko":"주젬베르크","name_en":"Žužemberk","name_ja":"ジュジェンベルク","name_zh":"祖热姆布尔克","name_es":"Žužemberk","name_fr":"Žužemberk","name_de":"Žužemberk","name_ru":"Жужемберк","name_pt":"Žužemberk","name_vi":"Žužemberk"},"geometry":{"type":"Polygon","coordinates":[[[15.0373,45.8409],[15.0488,45.8261],[15.086,45.8061],[15.0581,45.7811],[15.015,45.7848],[14.9965,45.7797],[14.9821,45.7663],[14.9264,45.7692],[14.8958,45.7451],[14.877,45.7439],[14.8697,45.7522],[14.8465,45.7596],[14.8137,45.7577],[14.8025,45.7803],[14.8046,45.7975],[14.8371,45.796],[14.8558,45.8078],[14.8474,45.8509],[14.8765,45.8571],[14.8772,45.8696],[14.9295,45.8706],[14.9487,45.8637],[14.967,45.8438],[14.9999,45.8491],[15.0257,45.838],[15.0373,45.8409]]]}},{"type":"Feature","properties":{"id":"SVN-1049","code":"SI-132","name":"Turnišče","name_ko":"투르니슈체","name_en":"Turnišče","name_ja":"トゥルニシチェ","name_zh":"圖爾尼什切","name_es":"Turnišče","name_fr":"Turnišče","name_de":"Turnišče","name_ru":"Турнишче","name_pt":"Turnišče","name_vi":"Turnišče"},"geometry":{"type":"Polygon","coordinates":[[[16.3479,46.6153],[16.3785,46.5998],[16.3404,46.5994],[16.3285,46.5838],[16.3005,46.5973],[16.2982,46.6179],[16.2832,46.6277],[16.2863,46.6412],[16.2979,46.6479],[16.3144,46.6451],[16.3479,46.6153]]]}},{"type":"Feature","properties":{"id":"SVN-930","code":"SI-100","name":"Radenci","name_ko":"라덴치","name_en":"Radenci","name_ja":"ラデンツィ","name_zh":"拉登齐","name_es":"Radenci","name_fr":"Radenci","name_de":"Radenci","name_ru":"Раденцы","name_pt":"Radenci","name_vi":"Radenci"},"geometry":{"type":"Polygon","coordinates":[[[16.0136,46.5937],[16.0077,46.6328],[16.0417,46.6627],[16.1103,46.6239],[16.1052,46.6172],[16.112,46.608],[16.0956,46.6074],[16.0723,46.5881],[16.0558,46.6058],[16.0273,46.5896],[16.0136,46.5937]]]}},{"type":"Feature","properties":{"id":"SVN-1048","code":"SI-116","name":"Sveti Jurij","name_ko":"스베티유리오브슈차브니치","name_en":"Sveti Jurij ob Ščavnici","name_ja":"スヴェティ・ユリイ・オプ・シュチャヴニツィ","name_zh":"什察夫尼西河畔斯韋提尤爾利","name_es":"Sveti Jurij","name_fr":"Sveti Jurij","name_de":"Sveti Jurij","name_ru":"Святи-Юрий-об-Шчавници","name_pt":"Sveti Jurij ob Ščavnici","name_vi":"Sveti Jurij ob Ščavnici"},"geometry":{"type":"Polygon","coordinates":[[[15.9783,46.586],[16.0136,46.5937],[16.0273,46.5896],[16.0558,46.6058],[16.0696,46.5873],[16.0793,46.5932],[16.0903,46.5696],[16.0778,46.5419],[16.0456,46.5453],[16.0283,46.5333],[16.0203,46.5113],[15.9685,46.5662],[15.9783,46.586]]]}},{"type":"Feature","properties":{"id":"SVN-270","code":"SI-187","name":"Velika Polana","name_ko":"벨리카폴라나","name_en":"Velika Polana","name_ja":"ヴェリカ・ポラナ","name_zh":"韋利卡波拉那","name_es":"Municipalidad de Vekila Polana","name_fr":"Velika Polana","name_de":"Velika Polana","name_ru":"Велика-Плана","name_pt":"Velika Polana","name_vi":"Velika Polana"},"geometry":{"type":"Polygon","coordinates":[[[16.3785,46.5998],[16.3975,46.5782],[16.3675,46.5629],[16.3345,46.5565],[16.3379,46.5638],[16.3285,46.5838],[16.3356,46.5972],[16.3785,46.5998]]]}},{"type":"Feature","properties":{"id":"SVN-1039","code":"SI-002","name":"Beltinci","name_ko":"벨틴치 지방 자치제","name_en":"Beltinci","name_ja":"ベルティンツィ","name_zh":"貝爾廷齊鎮","name_es":"Municipio de Beltinci","name_fr":"Municipalité de Beltinci","name_de":"Gemeinde Beltinci","name_ru":"Бельтинци","name_pt":"Beltinci","name_vi":"Đô thị tự trị Beltinci"},"geometry":{"type":"Polygon","coordinates":[[[16.1608,46.6059],[16.2408,46.6536],[16.2686,46.6515],[16.2765,46.6573],[16.2979,46.6479],[16.2863,46.6412],[16.2832,46.6277],[16.2982,46.6179],[16.3005,46.5973],[16.274,46.5984],[16.2663,46.5929],[16.2595,46.5834],[16.266,46.5691],[16.2475,46.5539],[16.2168,46.5841],[16.1608,46.6059]]]}},{"type":"Feature","properties":{"id":"SVN-267","code":"SI-188","name":"Veržej","name_ko":"베르제이","name_en":"Veržej","name_ja":"ヴェルジェイ","name_zh":"韋爾熱","name_es":"Veržej","name_fr":"Veržej","name_de":"Veržej","name_ru":"Вержей","name_pt":"Veržej","name_vi":"Veržej"},"geometry":{"type":"Polygon","coordinates":[[[16.1608,46.6059],[16.2168,46.5841],[16.2042,46.568],[16.1767,46.5601],[16.1584,46.5685],[16.1381,46.5931],[16.1364,46.6031],[16.1608,46.6059]]]}},{"type":"Feature","properties":{"id":"SVN-1046","code":"SI-086","name":"Odranci","name_ko":"오드란치","name_en":"Odranci","name_ja":"オドランツィ","name_zh":"奥德兰齐","name_es":"Odranci","name_fr":"Odranci","name_de":"Odranci","name_ru":"Одранци","name_pt":"Odranci","name_vi":"Odranci"},"geometry":{"type":"Polygon","coordinates":[[[16.274,46.5984],[16.3005,46.5973],[16.2998,46.5895],[16.266,46.5691],[16.2595,46.5834],[16.274,46.5984]]]}},{"type":"Feature","properties":{"id":"SVN-950","code":"SI-032","name":"Grosuplje","name_ko":"그로수플예 지방 자치제","name_en":"Grosuplje","name_ja":"グロースプリェ","name_zh":"格羅蘇普列鎮","name_es":"Municipalidad del Grosuplje","name_fr":"Municipalité de Grosuplje","name_de":"Gemeinde Grosuplje","name_ru":"Гросупле","name_pt":"Grosuplje","name_vi":"Đô thị tự trị Grosuplje"},"geometry":{"type":"Polygon","coordinates":[[[14.7402,45.9981],[14.7175,45.9657],[14.7148,45.9526],[14.7332,45.947],[14.7366,45.9271],[14.7502,45.9079],[14.7518,45.8833],[14.7231,45.8764],[14.6717,45.8901],[14.6402,45.8748],[14.6009,45.9089],[14.5916,45.9287],[14.5954,45.9603],[14.591,45.9801],[14.5974,45.9879],[14.6162,45.9967],[14.6306,45.9892],[14.6607,45.9898],[14.7012,46.0109],[14.7402,45.9981]]]}},{"type":"Feature","properties":{"id":"SVN-990","code":"SI-123","name":"Škofljica","name_ko":"슈코플리차","name_en":"Škofljica","name_ja":"シュコフリツァ","name_zh":"什科夫利察","name_es":"Škofljica","name_fr":"Škofljica","name_de":"Škofljica","name_ru":"Шкофлица","name_pt":"Škofljica","name_vi":"Škofljica"},"geometry":{"type":"Polygon","coordinates":[[[14.6009,45.9089],[14.5916,45.895],[14.5645,45.9047],[14.5569,45.9211],[14.56,45.9551],[14.5541,45.9724],[14.5333,45.9902],[14.5355,46.0131],[14.563,46.0188],[14.587,46.0154],[14.6162,45.9967],[14.591,45.9801],[14.5954,45.9603],[14.5916,45.9287],[14.6009,45.9089]]]}},{"type":"Feature","properties":{"id":"SVN-951","code":"SI-034","name":"Hrastnik","name_ko":"흐라스트니크 지방 자치제","name_en":"Hrastnik","name_ja":"フラストニク","name_zh":"赫拉斯特尼克鎮","name_es":"Municipalidad del Hrastnik","name_fr":"Municipalité de Hrastnik","name_de":"Gemeinde Hrastnik","name_ru":"Храстник","name_pt":"Hrastnik","name_vi":"Đô thị tự trị Hrastnik"},"geometry":{"type":"Polygon","coordinates":[[[15.1284,46.086],[15.1063,46.0935],[15.0651,46.1365],[15.084,46.1656],[15.1133,46.1834],[15.1348,46.1615],[15.1717,46.1382],[15.1885,46.1162],[15.185,46.1073],[15.1732,46.1023],[15.145,46.1097],[15.1434,46.1015],[15.1634,46.0925],[15.1284,46.086]]]}},{"type":"Feature","properties":{"id":"SVN-224","code":"SI-190","name":"Žalec","name_ko":"잘레츠","name_en":"Žalec","name_ja":"ジャレツ","name_zh":"扎莱茨","name_es":"Žalec","name_fr":"Žalec","name_de":"Žalec","name_ru":"Жалец","name_pt":"Žalec","name_vi":"Žalec"},"geometry":{"type":"Polygon","coordinates":[[[15.2261,46.3174],[15.2261,46.2854],[15.2181,46.2702],[15.224,46.2362],[15.2164,46.1982],[15.204,46.1882],[15.1133,46.1834],[15.111,46.1873],[15.1309,46.1951],[15.1357,46.227],[15.1436,46.23],[15.104,46.255],[15.1216,46.2936],[15.1228,46.317],[15.1312,46.3277],[15.1585,46.3361],[15.1816,46.3252],[15.1965,46.3277],[15.2261,46.3174]]]}},{"type":"Feature","properties":{"id":"SVN-952","code":"SI-129","name":"Trbovlje","name_ko":"트르보블레","name_en":"Trbovlje","name_ja":"トルボヴリェ","name_zh":"特尔伯夫列","name_es":"Trbovlje","name_fr":"Trbovlje","name_de":"Trbovlje","name_ru":"Трбовле","name_pt":"Trbovlje","name_vi":"Trbovlje"},"geometry":{"type":"Polygon","coordinates":[[[15.1063,46.0935],[15.102,46.0813],[15.0877,46.0776],[15.089,46.0679],[15.0268,46.0544],[15.0024,46.0564],[14.9931,46.0853],[15.0047,46.0989],[14.9999,46.1191],[15.0147,46.1167],[15.0313,46.1259],[15.0134,46.1559],[14.9991,46.1681],[14.9859,46.1668],[15.0128,46.1822],[14.9999,46.199],[15.0184,46.1912],[15.0451,46.1933],[15.0777,46.1844],[15.111,46.1873],[15.1133,46.1834],[15.102,46.1739],[15.084,46.1656],[15.0651,46.1365],[15.1063,46.0935]]]}},{"type":"Feature","properties":{"id":"SVN-247","code":"SI-151","name":"Braslovce","name_ko":"블라슬로브체 지방 자치제","name_en":"Braslovče","name_ja":"ブラスロフチェ","name_zh":"布拉斯洛夫采","name_es":"Braslovče","name_fr":"Municipalité de Braslovče","name_de":"Gemeinde Braslovče","name_ru":"Брасловче","name_pt":"Braslovce","name_vi":"Đô thị tự trị Braslovce"},"geometry":{"type":"Polygon","coordinates":[[[15.01,46.258],[14.9703,46.2838],[14.9706,46.3029],[15.0084,46.3372],[15.0373,46.3244],[15.095,46.2577],[15.0666,46.2305],[15.0511,46.2261],[15.0305,46.2533],[15.01,46.258]]]}},{"type":"Feature","properties":{"id":"SVN-240","code":"SI-184","name":"Tabor","name_ko":"타보르","name_en":"Tabor","name_ja":"タボル","name_zh":"塔博爾","name_es":"Tabor","name_fr":"Tabor","name_de":"Tábor","name_ru":"Табор","name_pt":"Tábor","name_vi":"Tabor"},"geometry":{"type":"Polygon","coordinates":[[[14.9707,46.1978],[14.9749,46.2184],[15.01,46.258],[15.0305,46.2533],[15.0511,46.2261],[15.0525,46.2113],[15.0451,46.1933],[14.9707,46.1978]]]}},{"type":"Feature","properties":{"id":"SVN-939","code":"SI-054","name":"Krsko","name_ko":"크르스코","name_en":"Krsko","name_ja":"クルシュコ","name_zh":"克尔什科","name_es":"Krško","name_fr":"Krško","name_de":"Krško (deutsch Gurkfeld)","name_ru":"Кршко","name_pt":"Krško","name_vi":"Krsko"},"geometry":{"type":"Polygon","coordinates":[[[15.5837,45.994],[15.5647,46],[15.5594,46.0171],[15.6018,46.0205],[15.5837,45.994]]]}},{"type":"Feature","properties":{"id":"SVN-227","code":"SI-159","name":"Hajdina","name_ko":"하이디나","name_en":"Hajdina","name_ja":"ハイディナ","name_zh":"哈伊迪纳","name_es":"Municipalidade del Hajdina","name_fr":"Hajdina","name_de":"Hajdina","name_ru":"Хайдина","name_pt":"Hajdina","name_vi":"Hajdina"},"geometry":{"type":"Polygon","coordinates":[[[15.8005,46.4316],[15.8056,46.4491],[15.8186,46.4548],[15.8474,46.4307],[15.8597,46.4113],[15.8579,46.3978],[15.8712,46.3896],[15.8695,46.384],[15.8502,46.3819],[15.8315,46.3948],[15.8005,46.4316]]]}},{"type":"Feature","properties":{"id":"SVN-216","code":"SI-096","name":"Ptuj","name_ko":"프투이","name_en":"Ptuj","name_ja":"プトゥイ","name_zh":"普图伊","name_es":"Ptuj","name_fr":"Ptuj","name_de":"Ptuj","name_ru":"Птуй","name_pt":"Ptuj","name_vi":"Ptuj"},"geometry":{"type":"Polygon","coordinates":[[[15.8163,46.4973],[15.8454,46.4828],[15.87,46.46],[15.8929,46.4523],[15.9443,46.4805],[15.9435,46.46],[15.9531,46.451],[15.9429,46.4142],[15.9041,46.3936],[15.8963,46.3969],[15.8695,46.384],[15.8712,46.3896],[15.8579,46.3978],[15.8597,46.4113],[15.8474,46.4307],[15.8048,46.4668],[15.7815,46.4677],[15.8163,46.4973]]]}},{"type":"Feature","properties":{"id":"SVN-211","code":"SI-069","name":"Majšperk","name_ko":"마이슈페르크","name_en":"Majšperk","name_ja":"マイシュペルク","name_zh":"马伊什佩克","name_es":"Municipalidad del Majšperk","name_fr":"Majšperk","name_de":"Majšperk","name_ru":"Майшперк","name_pt":"Majšperk","name_vi":"Đô thị tự trị Majsperk"},"geometry":{"type":"Polygon","coordinates":[[[15.7579,46.262],[15.7038,46.2642],[15.6849,46.2741],[15.7118,46.2969],[15.7196,46.3113],[15.7214,46.3367],[15.716,46.3441],[15.6901,46.3487],[15.6777,46.362],[15.6808,46.3677],[15.7691,46.3634],[15.8025,46.3549],[15.8133,46.3389],[15.7618,46.2858],[15.7579,46.262]]]}},{"type":"Feature","properties":{"id":"SVN-221","code":"SI-113","name":"Slovenska Bistrica","name_ko":"슬로벤스카비스트리차","name_en":"Slovenska Bistrica","name_ja":"スロヴェンスカ・ビストリツァ","name_zh":"斯洛文尼亚比斯特里察","name_es":"Slovenska Bistrica","name_fr":"Slovenska Bistrica","name_de":"Slovenska Bistrica","name_ru":"Словенска-Бистрица","name_pt":"Slovenska Bistrica","name_vi":"Slovenska Bistrica"},"geometry":{"type":"Polygon","coordinates":[[[15.5525,46.2777],[15.5579,46.2935],[15.5478,46.3339],[15.5323,46.35],[15.503,46.3595],[15.4947,46.3925],[15.4603,46.3978],[15.4407,46.4188],[15.3525,46.4526],[15.3385,46.4654],[15.3351,46.4774],[15.3591,46.4802],[15.3812,46.4688],[15.5005,46.4993],[15.5394,46.4974],[15.548,46.4744],[15.5571,46.4687],[15.6676,46.4237],[15.6875,46.4086],[15.6774,46.4023],[15.6852,46.3967],[15.6855,46.3874],[15.6777,46.362],[15.6901,46.3487],[15.716,46.3441],[15.7214,46.3367],[15.7196,46.3113],[15.7118,46.2969],[15.6849,46.2741],[15.653,46.2737],[15.6089,46.2838],[15.577,46.2818],[15.5658,46.2737],[15.5525,46.2777]]]}},{"type":"Feature","properties":{"id":"SVN-272","code":"SI-168","name":"Markovci","name_ko":"마르코우치","name_en":"Markovci","name_ja":"マルコフツィ","name_zh":"马尔科夫齐","name_es":"Municipalidad del Markovci","name_fr":"Markovci","name_de":"Markovci","name_ru":"Марковцы","name_pt":"Markovci","name_vi":"Markovci"},"geometry":{"type":"Polygon","coordinates":[[[15.9693,46.3619],[15.9426,46.3696],[15.9351,46.3834],[15.9041,46.3936],[15.9354,46.4073],[15.943,46.4205],[15.9831,46.4166],[15.9984,46.373],[15.9693,46.3619]]]}},{"type":"Feature","properties":{"id":"SVN-956","code":"SI-045","name":"Kidricevo","name_ko":"키드리체보","name_en":"Kidričevo","name_ja":"キドリチェヴォ","name_zh":"基德里切沃","name_es":"Municipalidad del Kidričevo","name_fr":"Kidričevo","name_de":"Kidričevo","name_ru":"Кидричево","name_pt":"Kidričevo","name_vi":"Đô thị tự trị Kidricevo"},"geometry":{"type":"Polygon","coordinates":[[[15.6875,46.4086],[15.7345,46.4283],[15.7823,46.4348],[15.8005,46.4316],[15.8315,46.3948],[15.8188,46.3591],[15.8025,46.3549],[15.7691,46.3634],[15.6808,46.3677],[15.6852,46.3967],[15.6774,46.4023],[15.6875,46.4086]]]}},{"type":"Feature","properties":{"id":"SVN-1040","code":"SI-024","name":"Dornava","name_ko":"도르나바","name_en":"Dornava","name_ja":"ドルナヴァ","name_zh":"多尔纳瓦","name_es":"Municipalidad del Dornava","name_fr":"Dornava","name_de":"Dornava","name_ru":"Дорнава","name_pt":"Dornava","name_vi":"Đô thị tự trị Dornava"},"geometry":{"type":"Polygon","coordinates":[[[16.0261,46.4323],[16.0119,46.4349],[15.9831,46.4166],[15.943,46.4205],[15.9531,46.451],[15.9772,46.4463],[15.9967,46.4587],[16.021,46.4907],[16.04,46.4686],[16.0391,46.4493],[16.0261,46.4323]]]}},{"type":"Feature","properties":{"id":"SVN-266","code":"SI-166","name":"Križevci","name_ko":"크리제우치","name_en":"Križevci","name_ja":"クリジェフツィ","name_zh":"克里熱夫齊","name_es":"Municipalidad del Križevci","name_fr":"Križevci","name_de":"Križevci","name_ru":"Крижевци","name_pt":"Križevci","name_vi":"Đô thị tự trị Krizevci"},"geometry":{"type":"Polygon","coordinates":[[[16.1103,46.6239],[16.1608,46.6059],[16.1364,46.6031],[16.1584,46.5685],[16.1767,46.5601],[16.1784,46.5475],[16.1707,46.5303],[16.1428,46.5258],[16.0778,46.5419],[16.0903,46.5696],[16.0793,46.5932],[16.0956,46.6074],[16.112,46.608],[16.1052,46.6172],[16.1103,46.6239]]]}},{"type":"Feature","properties":{"id":"SVN-1042","code":"SI-042","name":"Juršinci","name_ko":"유르신치","name_en":"Juršinci","name_ja":"ユルシンツィ","name_zh":"尤尔欣齐","name_es":"Juršinci","name_fr":"Juršinci","name_de":"Juršinci","name_ru":"Юршинци","name_pt":"Juršinci","name_vi":"Juršinci"},"geometry":{"type":"Polygon","coordinates":[[[15.9472,46.4872],[15.9495,46.5016],[15.9832,46.5193],[16.0074,46.5244],[16.0203,46.5113],[16.0141,46.5075],[16.021,46.4907],[15.9967,46.4587],[15.9772,46.4463],[15.9531,46.451],[15.9435,46.46],[15.9472,46.4872]]]}},{"type":"Feature","properties":{"id":"SVN-984","code":"SI-109","name":"Semic","name_ko":"세미치","name_en":"Semič","name_ja":"セミチ","name_zh":"賽米奇","name_es":"Municipalidad Semič","name_fr":"Municipalité de Semič","name_de":"Semič","name_ru":"Семич","name_pt":"Semič","name_vi":"Đô thị tự trị Semic"},"geometry":{"type":"Polygon","coordinates":[[[15.1715,45.6824],[15.2364,45.7025],[15.251,45.6813],[15.2746,45.6632],[15.2835,45.6434],[15.2363,45.6087],[15.174,45.6174],[15.1413,45.5984],[15.1054,45.5945],[15.0564,45.6068],[15.0376,45.6313],[15.0409,45.6514],[15.0729,45.6822],[15.0845,45.6863],[15.1715,45.6824]]]}},{"type":"Feature","properties":{"id":"SVN-249","code":"SI-157","name":"Dolenjske Toplice","name_ko":"돌렌스케토플리체","name_en":"Dolenjske Toplice","name_ja":"ドレーニスケ・トプリーツェ","name_zh":"多萊尼斯凱托普利采鎮","name_es":"Municipalidad Dolenjske Toplice","name_fr":"Dolenjske Toplice","name_de":"Dolenjske Toplice","name_ru":"Доленьске-Топлице","name_pt":"Dolenjske Toplice","name_vi":"Dolenjske Toplice"},"geometry":{"type":"Polygon","coordinates":[[[15.0581,45.7811],[15.0806,45.7442],[15.1241,45.7068],[15.1028,45.6844],[15.0845,45.6863],[15.0637,45.6756],[15.0409,45.6514],[15.0376,45.6313],[15.0246,45.6475],[15.0201,45.665],[14.9811,45.6966],[14.972,45.7116],[14.9836,45.7492],[14.9821,45.7663],[14.9965,45.7797],[15.015,45.7848],[15.0581,45.7811]]]}},{"type":"Feature","properties":{"id":"SVN-248","code":"SI-179","name":"Sodražica","name_ko":"소드라지차","name_en":"Sodražica","name_ja":"ソドラジツァ","name_zh":"索德拉日卡","name_es":"Municipalidad del Sodražica","name_fr":"Sodražica","name_de":"Sodražica","name_ru":"Содражица","name_pt":"Sodražica","name_vi":"Đô thị tự trị Sodrazica"},"geometry":{"type":"Polygon","coordinates":[[[14.5642,45.7901],[14.587,45.7934],[14.6092,45.7819],[14.6752,45.7676],[14.6775,45.7506],[14.6576,45.7146],[14.6463,45.7075],[14.6196,45.7289],[14.5761,45.7353],[14.5661,45.7668],[14.5533,45.7813],[14.5642,45.7901]]]}},{"type":"Feature","properties":{"id":"SVN-218","code":"SI-104","name":"Ribnica","name_ko":"리브니차","name_en":"Ribnica","name_ja":"リブニツァ","name_zh":"里布尼察","name_es":"Ribnica","name_fr":"Ribnica","name_de":"Ribnica","name_ru":"Рибница","name_pt":"Ribnica","name_vi":"Đô thị tự trị Ribnica"},"geometry":{"type":"Polygon","coordinates":[[[14.587,45.7934],[14.6278,45.7983],[14.6877,45.818],[14.8224,45.7279],[14.7778,45.6487],[14.7547,45.6395],[14.7318,45.647],[14.7312,45.6673],[14.6766,45.6831],[14.6463,45.7075],[14.6576,45.7146],[14.6775,45.7506],[14.6752,45.7676],[14.6092,45.7819],[14.587,45.7934]]]}},{"type":"Feature","properties":{"id":"SVN-989","code":"SI-121","name":"Škocjan","name_ko":"슈코찬","name_en":"Škocjan","name_ja":"シュコツィアン","name_zh":"斯科茨揚","name_es":"Škocjan","name_fr":"Škocjan","name_de":"Škocjan","name_ru":"Шкоцьян","name_pt":"Škocjan","name_vi":"Škocjan"},"geometry":{"type":"Polygon","coordinates":[[[15.3037,45.8645],[15.3061,45.8812],[15.2982,45.8905],[15.2386,45.9244],[15.2381,45.9321],[15.2597,45.945],[15.284,45.9357],[15.2865,45.9518],[15.2957,45.9561],[15.3425,45.9514],[15.363,45.9348],[15.3506,45.8917],[15.361,45.8837],[15.3439,45.8683],[15.3295,45.8747],[15.3037,45.8645]]]}}]}